city,status,notes
Aachen,done,"20 garages: Q-Park 1 (Parkhaus Stiftstraße, the only Q-Park facility listed for Aachen - 124 spaces on 6 levels, confirmed directly from Q-Park's own press release since capacity isn't in the facility page's static HTML; real facilityId API tariff, 3.00/h, 15.00 daily cap), Contipark 2 (Grosskölnstraße 350 spaces/4.00h/22.00 cap, Lothringerstraße 342 spaces/3.50h/17.00 cap - both with real EV charging, 53 and 42 charge points respectively, confirmed via live-availability widget text), and APAG (Aachener Parkhaus GmbH, the dominant municipal/local operator - identified via web search the same way PSN/PBW/WSW were found for other cities) 17, found via a facilities JSON array embedded in every APAG parkobjekte page (window.app.facilities) which conveniently lists all APAG locations network-wide with exact lat/lon in one fetch - 4 non-Aachen facilities (East Side Mall/Berlin, Overbergplatz/Dülmen, Rhein-Maas Klinikum x2/Würselen) were excluded, leaving exactly 17 real Aachen facilities, full coverage. APCOA confirmed to have ZERO presence in Aachen (search+sitemap check, direct city URL 404s) and B+B Parkhaus confirmed absent (not in their city list). No DB BahnPark-branded facility found - Aachen Hbf's garage (Lagerhausstraße 20) is APAG-operated, not DB BahnPark, despite bahnhof.de's generic disability-parking boilerplate mentioning DB BahnPark GmbH. All 17 APAG facilities have real hourly+24h-cap tariffs scraped from their own tariff tables (clean per-hour rates, no estimating), but APAG deliberately hides total capacity site-wide (every facility's JSON has hide_stats:true and the live occupancy widget shows '–/–' placeholders network-wide, confirmed via browser - this is a site policy, not a temporary gap), so capacity is left blank for all 17 APAG rows except Rathaus (380, 'rund 380 Stellplätze', from the city of Aachen's official press release announcing its Sept-2026 reopening after renovation, sourced to APAG) - conflicting/unverifiable third-party figures found via search for several other APAG garages (e.g. Adalbertsteinweg cited as 283/515/600/605 depending on source) were excluded rather than guessed. 9 of 17 APAG facilities have real EV charging (AC, some also DC at Uniklinik RWTH); Rathaus's 10 EV points were being installed in Oct-2026 per the same press release. Coordinates: Q-Park/Contipark from embedded schema.org JSON-LD (zero Nominatim calls needed); all 17 APAG coordinates from the embedded facilities JSON. Several APAG addresses (Adalbertstraße, Pontstraße, Uniklinik Franziskus/RWTH P1/P2) genuinely publish no street number, kept as-is."
Augsburg,done,"18 garages, full coverage, very fragmented local market unlike most prior cities (no single dominant municipal/PSN-style operator). Q-Park 2 (Helio 642 spaces/Hochzoller Mitte 165, both branded 'Park One' on-site, real facilityId API tariffs, 2.50/h). APCOA 2 (Universitätsklinikum Augsburg 2500 spaces incl. 8 EV/Medizincampus Süd 320 spaces, both hospital-campus facilities, no APCOA presence in the actual Innenstadt - confirmed via their own city listing page, only 2 results). Contipark 3, one of which (Tiefgarage Viktoria-Passage P1, at the Hbf) is explicitly DB BahnPark-branded on Contipark's own page text ('Die DB BahnPark Tiefgarage...') despite living on contipark.de and using Contipark's schema/tariff widget - recorded operator as DB BahnPark per the page's own branding, the other 2 (Halderstraße 540 spaces/Ludwigstraße 350 spaces incl. 18 EV points) are plain Contipark. A genuine 3-location local chain called 'city-parking' (Interparking-adjacent, city-parking.de) was found via a cross-link on Parkhaus Schaezlerstraße's own legacy site - Schaezlerstraße, Parkgarage Fuggerstraße, and Parkwerk im Gaswerk, all with real tariffs from city-parking.de's own pages. Remaining 8 are each a distinct small independent GmbH/owner (the actual 'local operator' pattern here is extreme fragmentation, not one PSN/PBW-style network): BPA Bahnhof-Parkhaus Betriebs-GmbH (own site, tiered-but-clean 2.20/h), Ernst-Reuter-Platz Parkgaragen und Immobilien GmbH & Co. KG (own site, 2.50/h), AUGUSTA-Parkhaus GmbH / Augusta-Garage (confirmed real via Augsburg city-marketing's own listing page incl. address, but no public tariff page found anywhere - pricing left blank rather than trust third-party aggregator figures), Annahof (110 spaces, time-of-day tariff, used daytime 2.20/h rate), Salewa Parkhaus (owner Dr. Wackerbauer GmbH & Co KG, 2.20/h), abc Parkhaus / Parkhaus Bohus Center (own site with clean price table, 2.00/h), Kolping-Parkgarage P14 (80 spaces, via Kolping-Akademie's own page, 2.50/h), and Parkhaus City-Galerie (2000 spaces, shopping-center garage, confirmed via city-galerie-augsburg.de's own service page - genuinely non-uniform stepped tariff 0.60/0.60/0.80/1.00 per hour with explicitly NO daily cap, both hourly_rate and daily_cap left blank rather than force a single figure). B+B Parkhaus confirmed absent (only DUS/Leipzig/Stuttgart/Ulm on their own site). One lead, 'Andrea Zobel & Matthias Baubkus Klepper-PARK GbR' at Bahnhofstr. 17, appeared in a business-directory address list alongside the other operators but could not be independently confirmed as an operating public parking facility (no website, no aggregator listing, no reviews) - excluded per the fabrication-skepticism rule rather than guessed at. 10 of 18 needed Nominatim geocoding (one synchronous loop, all succeeded first try); the other 8 had lat/lon direct from embedded JSON (Q-Park facility-detail JS objects, APCOA/Contipark schema.org GeoCoordinates, and Schaezlerstraße's legacy site literally publishing raw GPS in its footer text)."
Berlin,done,"91 garages (full redo - superseded a prior incomplete/inaccurate attempt): Q-Park 23 (all 23 listed for Berlin, incl. several sub-brands folded into Q-Park's site - Bavaria Parkgaragen GmbH at Bikini Berlin/Möllendorff Passage/Rigaer Passage, and Park One GmbH at Kempinski Plaza/Reinhardtstraße/Waldorf Astoria), APCOA 32 (all 32 listed for Berlin, incl. many small 8-330 space street-address 'Parkplatz' lots), Contipark 36 (of 37 total listed; excluded 1 'Saba Parkhaus Lio' as it's an external Saba/Interparking-operated link on Contipark's site, not Contipark itself). Zero Nominatim calls needed - all 91 rows got lat/lon directly from schema.org JSON-LD GeoCoordinates embedded in each operator's own page (fetched via plain curl, not browser), confirming the prior attempt's Nominatim rate-limit failure was avoidable entirely. 58 of 91 had confirmed real hourly+daily pricing; hourly_rate left blank (but daily_cap kept where published) for a handful publishing only 30-minute-increment tariffs (Contipark Der Clou, Zehlendorfer Welle) or day/evening flat passes (APCOA Philharmonie) rather than a comparable hourly rate, consistent with prior cities' precedent of not converting. ~14 small APCOA residential/tenant lots (8-19 spaces, e.g. Haardtweg 2, Buckower Damm 268) have no public pricing at all - genuinely tenant/permit-only. No distinct Berlin-specific dominant local/municipal operator found despite searching (checked VIZ Berlin traffic info, searched for a PBG/Sprinkenhof/PSN-style operator; the one promising lead, 'P+R Park und Ride GmbH', turned out to be Munich's P+R operator, not Berlin's - Berlin's P+R network is city-managed but largely free/uncommercialized, not a real pricing competitor)."
Bielefeld,done,"25 garages: Q-Park 2 (Centrum, Karstadt - all 2 listed for Bielefeld), APCOA 2 (Am Jahnplatz-Renteistraße, Neues Bahnhofsviertel - all 2 listed), Contipark 5 (Ankergärten, Parkhaus+Parkplatz Ritterstraße, Altstadt-Carré, Marktpassage - all listed on contipark.de; excluded 1 'Tiefgarage Neues Rathaus' as it's an external SABA/Interparking-operated link on Contipark's own city page, not Contipark itself, consistent with Berlin/Köln precedent). No single dominant local operator like other cities' PSN/PBW/PBG - instead Bielefeld's local market is split across four genuinely distinct local players, all found via the city's own official municipal parking directory (bielefeld.de/parken, which lists every garage with its operator's own link) and included in full: ProEinzelhandel OWL 4 (a downtown retail-association-run operator: Kesselbrink, Am Theater, Willy-Brandt-Platz, Welle), ORBE Parkgaragen 8 (Herford-HQ'd operator with the largest Bielefeld footprint - Stadthalle, Parkplatz Zentrum, Große-Kurfürsten-Straße, Seidenstickerhalle, Thalia Buchhandlung, and 2 hospital-campus garages EvKB Kantensiek/EvKB Bethel, all via their own portfolio-items site found through its avada_portfolio-sitemap.xml, plus CineStar per business-directory confirmation of a related 'ORBE Parkgaragen II OHG' entity; excluded 2 more portfolio items, Ärztehaus Wiesestraße and Ostertor Galerie, as they're actually in Herford/Bad Salzuflen, not Bielefeld), Borchard Group 2 (Am Zwinger, Parkplatz Hbf - confirmed as their only 2 listed projects), and 2 independently self-branded single-site operators: Parkhaus Bielefeld 1 (850-space Hauptbahnhof-area garage at Jöllenbecker Str., domain parkhaus-bielefeld.de, operator company name not published) and LOOM shopping-center garage 1 (operated by ECE Marketplaces GmbH & Co. KG, 529 spaces, 3 EV spots). B+B Parkhaus confirmed NO presence in Bielefeld (their site only lists Düsseldorf/Leipzig/Stuttgart/Ulm). DB BahnPark checked and NOT found as a distinctly-branded operator in Bielefeld (unlike Hannover/Stuttgart/Köln) - bahnhof.de references DB BahnPark only for station wayfinding/accessibility info, not as the commercial operator of any specific garage. 23 of 25 had confirmed real hourly+daily pricing; hourly_rate left blank for 2: Parkhaus Bielefeld/Am Hauptbahnhof (genuinely degressive multi-hour tariff, 1.50/1.50/1.00/1.00/1.00/1.00 across hours 1-6, not a single clean rate - kept its real 7.00 daily cap) and ORBE's Seidenstickerhalle (pure flat-rate system with no hourly option at all, 3.00/24h - kept that as daily_cap). Where a garage published a 2-tier 'first hour X, each additional hour Y' structure (common among ProEinzelhandel OWL's 4 garages, Orbe's Stadthalle/Thalia/EvKB sites), recorded hourly_rate as the steady-state 'each additional hour' figure rather than leaving blank, since it's a clean 2-tier (not sub-hourly) structure. Contipark's Parkhaus Ritterstraße confirmed real EV charging (32 points, 11kW, €0.55/kWh) via their own site; Orbe's Stadthalle and APCOA's Neues Bahnhofsviertel (4 charging spaces) and LOOM (3 spaces) also confirmed EV per source pages. Nominatim (nominatim.openstreetmap.org) returned 'Access denied' for all requests this session (blocked, not rate-limited) - fell back entirely to Photon (photon.komoot.io) for the 16 addresses needing geocoding (Q-Park/APCOA/Contipark's 9 garages had lat/lon direct from their own schema.org JSON-LD, no geocoding needed); caught and corrected 2 Photon mismatches by hand (Willy-Brandt-Platz Tiefgarage's listed access address resolved to an unrelated DMV building - re-geocoded via its actual Kavalleriestraße 17 entrance instead; EvKB Bethel's address had a transcription typo, 'Seraptaweg' vs actual 'Sareptaweg', re-geocoded on the correct spelling)."
Böblingen,done,"12 garages, full coverage: Q-Park 1 (Pulse, all that's listed for Böblingen - 350 spaces, real facilityId API tariff, 2.00/h, 7.50 daily cap, confirmed EV charging point), Contipark 1 but recorded as operator 'DB BahnPark' (Parkplatz Bahnhof P1, a 30-space surface lot at the Hbf - the page's own text literally reads 'Der DB BahnPark Parkplatz Bahnhof P1 in Böblingen...' despite living on contipark.de, consistent with the Augsburg Viktoria-Passage precedent; cross-confirmed identical spaces/tariff via DB BahnPark's own official city PDF at dbbahnpark.de, which lists this as the only Böblingen facility - no second lot), B+B Parkhaus 1 (Parkhaus KaufCentrum, all that's listed for Böblingen on bb-parkhaus.de - 252 spaces per their own page text, 1.50/h, 10.00 daily cap, confirmed NO EV via the page's own conditional pin-icon logic which evaluates false), and Goldbeck GmbH 1 (Mercaden shopping-center garage, self-identified as operator on the mall's own site - 800+ spaces, 1.50/h, 8.00 daily cap). APCOA confirmed absent (not in their full city list of 92). Local dominant operator identified as Stadtwerke Böblingen (SWBB, municipal utility) rather than PBW (which does not extend from Stuttgart to Böblingen) - 8 facilities, all with real schema.org JSON-LD coordinates+addresses from their own site: 5 Tiefgaragen/Parkhäuser sharing one published tariff (Postplatz, Kongresshalle, Im Höfle, Hautana, and a combined 'Marktplatz | Schlossberg' listing - the site treats Marktplatz and Schlossberg as one facility with one address/geo despite the city's own separate page mentioning them as two names - first hour free since May 2025, then 1.50/h, 21.50 daily cap, all confirmed via SWBB's own PDF price sheet), 1 short-stay-only Parkdeck (Am Käppele, genuinely tiered 30/45/60/75/90-minute pricing with no hourly or daily-cap equivalent published - both left blank rather than force a conversion), and 2 Park+Ride lots (Hulb, Goldberg - flat 3.00 Tagesparkschein, no hourly option, kept as daily_cap only). EV charging confirmed present (with real charge-point counts) at exactly 4 of the 8 SWBB sites - Postplatz, Kongresshalle, Marktplatz|Schlossberg (14 points, SWBB-operated), and Goldberg (Postplatz/Goldberg via third-party Wireline app, not SWBB-billed) - per SWBB's own dedicated Ladesäulen page which exhaustively lists all its charging locations; the other 4 (Im Höfle, Hautana, Am Käppele, Hulb) marked False since that same exhaustive list omits them. SWBB does not publish capacity for any of its 8 facilities (site-wide gap, same pattern as Aachen's APAG); third-party figures found for Postplatz (143 vs 151 depending on source) were conflicting and excluded rather than guessed - also worth flagging that Postplatz TG was reported (regional news, paywalled) closed for ~7-month concrete-repair works starting March 2026, plausibly still closed as of this Sept-2026 write-up. Two facilities from the city's own official 'Weitere Parkhäuser' list were deliberately excluded as out-of-scope: Möbelhaus POCCO (Talstraße 7) and the Shell-Station (M. Grünzinger GmbH, Wolfgang-Brumme-Allee 22) are both confirmed free customer-only lots tied to a specific retailer, not commercially-operated competitive public parking. Only 1 of 12 coordinates needed Nominatim geocoding (Mercaden, resolved cleanly to the mall's own OSM entry on the first request); all others came directly from embedded schema.org/page JSON (Q-Park, Contipark, SWBB) or Google-Maps-JS center coordinates (B+B)."
Bonn Bad Godesberg,done,"20 garages, covering Bonn generally (not just Bad Godesberg - city listed as 'Bonn' in the CSV per instructions): Q-Park 1 (Fronhofer Galeria - Q-Park's only Bonn presence is actually in Bad Godesberg, confirmed via their own 'bonn-bad-godesberg' city page, no separate central-Bonn Q-Park page exists), APCOA 1 (City Garage Bonn - APCOA's presence in Bonn has shrunk to just this one small 97-space facility; a second location once attributed to APCOA in stale directory listings, Parkhaus Museumsmeile, is now B+B Parkhaus-branded on both companies' own current sites), Contipark 1 (Tiefgarage Brückenforum, Beuel), DB BahnPark 5 (all 5 Bonn-area station lots - Hauptbahnhof City P1, plus 3 at Bahnhof Bad Godesberg and 1 at Bahnhof Bonn-Mehlem - listed via Contipark's site but explicitly DB BahnPark-branded in page copy, consistent with Hannover/Stuttgart precedent), B+B Parkhaus 1 (Parkhaus Museumsmeile, 535 spaces), Bonner City Parkraum (BCP) 11 (all 11 facilities on their own site - the dominant local/municipal-adjacent operator, historically tied to Stadtwerke Bonn/SWB, ~3670 spaces total; note their own marketing text says 'nine' facilities but their live site menu lists 11 distinct addressed locations, all included for full coverage). All lat/lon came from embedded sources with zero Nominatim geocoding needed: Q-Park/APCOA/Contipark from schema.org JSON-LD, B+B and all 11 BCP facilities from precise Google Maps place-pin coordinates embedded in each operator's own page HTML. 18 of 20 had confirmed real hourly+daily pricing; blank hourly_rate not needed for any (all publish clean hourly or first-two-hour tariffs) - the only blanks are has_ev (left blank wherever a facility's own page didn't explicitly list EV charging as an amenity, rather than assuming). EV charging confirmed at Q-Park Fronhofer Galeria (10 stations), B+B Museumsmeile (2 stations), and 4 of the 11 BCP garages (Beethoven-Parkhaus, Parkhaus Hauptbahnhof, Operngarage, Beethoven-Parkplatz) which explicitly list 'E-Ladesäule' in their own feature list, distinct from a generic Stadtwerke-Bonn e-mobility link that appears in every BCP page's footer regardless of actual facility amenities - did not treat that footer boilerplate as EV confirmation for the other 7 BCP garages. APCOA City Garage Bonn's hourly rate (1.99) is the standard walk-up rate; the app-only FLOW price (1.50) was not used, consistent with treating walk-up tariffs as the comparable figure. Bonner City Parkraum's Charles de Gaulle Str. lot also has a motorhome (Wohnmobil) day-rate program (16-20€/24h) not captured in the standard hourly/daily columns, noted here for reference."
Cottbus,done,"9 garages, full coverage of structured parking in this former-East-Germany city (same near-zero-Contipark/APCOA pattern as Dresden/Leipzig/Erfurt). Q-Park 1 (BLECHEN Carré, the only Q-Park facility in Cottbus per their own city page - 461 spaces from embedded schema.org JSON-LD, real facilityId API tariff 1.70/h + 15.00 daily cap, no EV amenity listed). APCOA confirmed absent via their own complete alphabetical city-list page (apcoa.de/parkplatz-finder - 80+ cities listed, Cottbus not among them; a stale third-party directory entry claiming an 'APCOA Autoparking GmbH' at Karl-Marx-Straße 68 was checked against Spree Galerie's own site at that same address, which shows fully independent ticketless/license-plate-recognition operation with no APCOA branding - treated as outdated). Contipark confirmed absent via their own live city-search widget returning 'Keine Ergebnisse' for Cottbus. B+B Parkhaus confirmed absent (their site's city list is still only Düsseldorf/Leipzig/Stuttgart/Ulm). No dominant single local chain here (unlike Erfurt's SWE or Aachen's APAG) - instead 4 distinct local operators found via Cottbus's own tourism-office parking page (cottbus-tourismus.de), each confirmed against its own site: Stadtwerke Cottbus (City-Parkhaus, August-Bebel-Str. 3, 329 spaces per their own page vs 235 on the tourism page - used the operator's own figure, tiered 0.50/first-half-hour then 1.00/hour thereafter, no published daily cap so left blank), Gebäudewirtschaft Cottbus GmbH/GWC (Parkhaus am Neustädter Platz, 380 spaces per their own page, clean 1.00/h + 6.00 daily cap, real EV charging confirmed via their own page's embedded image filename 'ladesaeule-eauto-gwc-parkhaus.jpg'), Spree Galerie shopping-center garage (own site, 630 spaces, clean 1.50/h + 15.00 cap, no EV), and Stadt Cottbus itself (Parkhaus StadtforumK, the former Galeria/Karstadt building's basement garage, city-owned since 06/2023 per cottbus.de's own property listing - 127 spaces, 1.00/h flat rate confirmed via a local news report of the city's own Parkscheinautomat rollout there, no genuine 24h cap since it's a max-3-hour tariff so left blank). One more independent operator: the 'Quartier am Schloßkirchplatz' mixed-use complex (Tiefgarage Schlosskirchplatz, 105 spaces, confirmed via the SORAT Hotel Cottbus's own arrival page which the garage directly connects to - flat 14.00/day Pauschale with no hourly component so hourly_rate left blank per rules, real EV charging confirmed in the same hotel page text: 6.6kW three-phase Type 2 charge points). DB BahnPark 3, all sourced directly from bahnhof.de's own official Cottbus Hbf parking-spaces page (no Contipark-branded Hbf facilities exist here unlike other cities, so DB's own station-parking data was used directly): Am Hauptbahnhof (Calauer Str. 71, 220 spaces, clean 1.50/h + 15.00 cap), Fürst-Pückler-Passage (Vetschauer Str., 30-space open-air lot, no rates published on bahnhof.de so left blank), and Radisson Blu Hotel (Vetschauer Str. 12, 48 spaces, 1.00/h + 15.00 cap); EV charging left blank for all 3 since bahnhof.de itself does not flag charging at any of them (a third-party site claims Tesla/Type2 wallboxes at the Radisson but this wasn't corroborated by DB's own page, so not used). Coordinates: Blechen Carré from Q-Park's own embedded GeoCoordinates; all other 8 facilities geocoded via one synchronous Nominatim loop (Fürst-Pückler-Passage's plain street-only address initially geocoded ~800m off to a different segment of the long Vetschauer Straße - caught and corrected via a direct venue-name Nominatim query)."
Crimmitschau,done,"3 facilities, full coverage confirmed against the city's own official parking overview table (crimmitschau.de) which lists all 13 numbered parking areas in the town (P1-P13) - a small Saxon town of ~19,000, as expected. Only real garage: Q-Park's single Crimmitschau listing, Parkhaus Parkhausstraße - like Rüsselsheim's City Forum Eichsfeld, Q-Park just co-markets/books it; the page's own schema.org description reads 'Dies ist ein Parkobjekt der Park One GmbH', so recorded under the real operator Park One GmbH (a Q-Park-group brand). 300 spaces, real live tariff via Q-Park's GetTariffsForFacility API (facilityId a303c857-6c74-47a0-8d66-0b12ae30636a): 1.00/h, 5.00 daily cap - confirms/supersedes the city table's slightly stale 284-space figure. No EV charging listed in the facility's amenityFeature JSON-LD (only drive-through height, 24/7 access, CCTV) or its Services section. APCOA, Contipark, B+B Parkhaus and DB BahnPark all confirmed absent - no branded facility found for this town at any of them; bahnhof.de's Crimmitschau station page lists only the generic disability-parking boilerplate, no DB BahnPark branding. Two additional real, purpose-built (non-garage) public facilities included per the city's own current table: Parkplatz Am Bahnhof (P6, Bahnhofstraße 11A, 37 spaces, free, 2 EV charge points per the city table - the only EV charging found in Crimmitschau) and the new Park & Ride Bahnstraße (P11, 92 spaces per the city table vs 88 in the city's own 2022 opening press release - used the current table's figure; free, city-owned, cost ~1.7M EUR, built with conduit prepared for future EV chargers but none installed yet so has_ev left blank, not yet on bahnhof.de's own facility list). Excluded as out of scope, matching prior-city convention for non-garage/non-fee-structured areas: Piazza Roter Turm (P3, 184 spaces - a private shopping-center customer lot restricted to non-shopping hours on weekends, no identifiable operator or tariff) and the town's plain paid/free on-street zones and Parkscheibe (disc-parking) areas (P1 Kirchplatz 14, P2 Neumarkt 56 free, P4 Schulstraße 17, P7 Fabrikstraße 24 free, P8 Friedrich-August-Str 22, P9 Anton-Günther-Platz 27, P10 Johannisgasse 8, P12 Buttengasse 7 free, P13 Pleißenaue 43 free) - none of these are structured garages/lots with a distinct operator, consistent with how similarly small on-street bays were excluded in Rüsselsheim/other cities. Geocoded via one synchronous Nominatim batch (Bahnhofstraße 11A and Bahnstraße queries, 1.2s throttle); Q-Park facility used its own embedded JSON-LD GeoCoordinates directly. This closes out the final DE wave - all German cities on the Q-Park list now done."
Darmstadt,done,"18 garages, full coverage of every operator found: Q-Park 6 (all 6 listed on Q-Park's own Darmstadt city page - Darmstadtium, Grafenstraße, Luisencenter, Schlossgarage Friedensplatz, Schlossgarage Karolinenplatz, Zentrum/Ludwigsplatz; real tariffs confirmed live via facilityId GetTariffsForFacility API for all 6; the two Schlossgarage facilities share one address, Friedensplatz 4, as two access points/sections of the same underground complex, consistent with Köln LANXESS precedent), APCOA 2 (Carree Darmstadt, P&R Darmstadt - all 2 listed, confirmed via APCOA's own Darmstadt city-overview page), Contipark 1 (Tiefgarage Hauptbahnhof P1 - Contipark's only Darmstadt listing; explicitly DB BahnPark-branded in its own page copy, same pattern as Hannover/Bonn/Essen precedent of keeping it under Contipark since it's listed on Contipark's own site, not double-counted separately), Bauverein AG 6 (Darmstadt's municipal-adjacent housing company that also operates public parking garages - found via web search after the brief's prompt to look for a distinct local operator; all 6 listed on bauvereinag.de with exact embedded Google-Maps coordinates: Bad Nauheimer Straße 2, Holzstraße 6 [=the well-known 'Justus-Liebig-Garage', confirmed via cross-referencing address across independent sources], Lauteschlägerstraße 25, Stiftstraße 15, Heidelberger Landstraße 186, Stresemannstraße 24), plus 3 more independent single-site facilities found via the city marketing association's own comprehensive parking-fee page (darmstadt-citymarketing.de/service/parken.html, which lists every garage recognized as part of Darmstadt's 'Parkhäuser Innenstadt' + 'Fußgängerzone Randlage' groups) - Parkhaus Adelungstraße 1 (genuinely independent single-site operator, page states outright 'privat geführtes, zählt zu keinem Konzern'; ~56 public short-term + 40 permit spaces), WILHELMIN 1 (operator City Parking Deutschland / city-parking.de, a separate national small-chain brand with only this one Darmstadt site), Staatstheater 1 (operator WVV Parken - Würzburger Versorgungs- und Verkehrs-GmbH's parking-management brand operating this one Darmstadt facility under contract, found by resolving the citymarketing page's otherwise-unlabelled Staatstheater listing). B+B Parkhaus confirmed absent (checked bb-parkhaus.de/staedte, no Darmstadt listing). No separate distinctly-branded DB BahnPark facility beyond the one folded into Contipark's site - confirmed via web search that Darmstadt Hbf's only two parking facilities are Contipark/DB BahnPark's P1 and APCOA's P&R. 'Marienplatz' surface lot excluded - citymarketing page states it closed permanently mid-July 2026. Zero Nominatim calls needed for 15 of 18 rows (Q-Park via schema.org JSON-LD, APCOA via embedded lat/lng, Contipark via schema.org JSON-LD, Bauverein via embedded Google Maps JS coordinates on their own page); 3 Nominatim geocoding calls used for Adelungstraße, WILHELMIN, and Staatstheater, which had street addresses but no embedded coordinates. 15 of 18 had confirmed real hourly+daily pricing; hourly_rate left blank only for Staatstheater (genuinely tiered per-30-minute daytime/evening/night rates, not a clean hourly figure - kept its real €15 Tageshöchstsatz as daily_cap); daily_cap left blank for 4 of Bauverein's 6 garages (Holzstraße/Justus-Liebig, Lauteschlägerstraße, Stiftstraße, Heidelberger Landstraße each publish only an hourly rate plus a flat night tariff, no genuine 24h day-cap figure) while Bad Nauheimer Straße and Stresemannstraße's published daytime flat tariffs (€5.00) were kept as daily_cap since those operate as clear day-rate caps. Adelungstraße's page explicitly states its 30-minute tariff equals '1h zu €2,00', so that clean self-stated hourly-equivalent was used rather than left blank. has_ev confirmed True only for APCOA Carree Darmstadt (1 EV-equipped space per APCOA's own site); no other operator's Darmstadt pages listed EV charging as an amenity, so left blank rather than assumed. WILHELMIN's capacity is genuinely not published anywhere on city-parking.de's own site - left blank rather than estimated from third-party aggregators."
Dresden,done,"22 garages: Q-Park 4 (all 4, incl. Waldschlösschen which is Bavaria Parkgaragen-branded but folded into Q-Park's own site/API, real tariffs via facilityId API for 3, and via a separately-found ParkingDetail-module FacilityId for the 4th which wasn't in the page's standard tariff-widget markup), APCOA 8 (all 8 listed for Dresden - full coverage, well under the 15-location sampling threshold), Contipark 3 (all 3: 2 surface Parkplätze plus Tiefgarage Semperoper), GOLDBECK Parking 4 (all 4, found via their public JSON API at goldbeck-parking.de/api/gps-opg/city which returns per-city facility lists incl. full rate tables - Parkhaus am Uniklinikum, Centrum Galerie shopping-mall garage, Bautzner Straße, Löbtau Passage; GOLDBECK operates Dresden's largest single garage, Centrum Galerie at 1,059 spaces), Pfütze & Co Parkplatz Betriebs GmbH 2 (genuine Dresden-local operator since 1861, ex-Fuhrunternehmen turned parking company; Theresienstraße is a real Kurzparken/Park-and-Fly lot with published tariff, Sebnitzer Straße is Dauerparker/permit-only with no short-term rate - kept with blank pricing), DB BahnPark 1 (Dresden Hbf Reitbahnstraße 28 open-air lot, found via bahnhof.de rather than DB BahnPark's own curated Standortliste page, which does NOT list any Dresden station - confirmed by checking their full station list). Checked and confirmed NO Dresden presence for B+B Parkhaus (only Düsseldorf/Leipzig/Stuttgart/Ulm on their site) and no distinct additional DB BahnPark branded facilities beyond the one Hbf lot. 20 of 22 had confirmed real hourly+daily pricing; blank for APCOA Felix-Dahn-Weg 21 (8-space tenant/Feierabendparken-only lot, no public short-term rate) and Pfütze Sebnitzer Straße (permit-only). Where operators publish a differential first-hour rate (e.g. APCOA/GOLDBECK 'erste Stunde X, jede weitere Stunde Y'), used the steady per-additional-hour rate Y as hourly_rate, consistent with treating the first hour as a promotional/one-time rate rather than the comparable ongoing rate. Zero Nominatim calls needed for Q-Park/APCOA/Contipark/GOLDBECK (all had exact coordinates via embedded schema.org JSON-LD or the GOLDBECK API); 3 Nominatim geocoding calls used for Pfütze's 2 lots and the DB Hbf lot, which had street addresses but no embedded coordinates. Searched specifically for a GBG Dresden (Gebäudeverwaltung und Baumanagement GmbH)-branded network similar to Frankfurt's PBG/Nürnberg's PSN - GBG turned out to be a small B2B property-management firm with no consumer-facing per-garage pages or published tariffs, so not includable as a distinct competitive dataset entry. Also checked a widely-reported 'Germany's largest fully-automated parking garage' (192 spaces, Metzer Straße, built by former municipal housing company Woba Dresden) - excluded as it is tenant/residential parking, not a public commercial competitor."
Düsseldorf,done,already completed earlier - see data/assets.csv in project root
Erfurt,done,"14 garages: Q-Park 1 (Anger 1 - only Q-Park facility in Erfurt), SWE Parken GmbH (Stadtwerke Erfurt, the dominant local/municipal operator - part of the Stadtwerke Erfurt utility group, ~3,424 total spaces across its network per their own company page) 10 (Parkhaus Domplatz, Hauptbahnhof, Forum 1, Forum 2/3, Thomaseck, Stadtwerke, Am Stadion, Am Hirschgarten, plus open-air Parkplatz Forum 2 and Forum 4 - full coverage, cross-validated exactly against erfurt.de's own official 'Parken in der Innenstadt' facility list), GOLDBECK Parking Services 1 (Parkhaus Reglermauer, 328 spaces - found via erfurt.de's official list, not one of the task's preset operators but a real distinct operator with its own live pricing API at goldbeck-parking.de/api/gps-opg/parking-unit), city-parking 1 (Tiefgarage Theater Erfurt, 106 spaces - also from erfurt.de's list; note the operator's own site still displays a Sept 2025 closure notice for ~4-5 weeks of construction work but the page was modified Aug 2026 and shows live current pricing, and a Theater Erfurt news post confirms it reopened, so treated as operational), DB BahnPark 1 (Parkplatz Hbf Zum Güterbahnhof P1, 110 spaces, hosted on Contipark's site and confirmed via bahnhof.de's official DB station page). Confirms the East-German pattern flagged in the task brief: APCOA has ZERO presence in Erfurt (not in their own city-search list at all) and Contipark has ZERO own-branded facilities (their Erfurt page lists only 2 results, one an external Saba-operated redirect excluded per Berlin/Bielefeld precedent, the other the DB BahnPark lot counted under DB BahnPark instead). B+B Parkhaus confirmed absent (their site only lists Düsseldorf/Leipzig/Stuttgart/Ulm). Excluded as unconfirmed/non-competitive: 'Parkhaus Thüringenhaus' (214 spaces per third-party aggregators only - not on erfurt.de's official list, operator unconfirmed, source page Cloudflare-blocked, so excluded per skepticism rule), 'Anwohnerparkhaus Hanseplatz' and 'Parkplatz Schmidtstedter Straße' (both genuine SWE facilities but confirmed via their own pages as resident-permit/monthly-only with no public hourly or daily rate, e.g. Schmidtstedter Straße is a flat 58 EUR/month with no capacity or short-stay option published). Pricing coverage: 12 of 14 have confirmed hourly+daily rates; hourly_rate left blank for 2 (Thomaseck publishes only a 30-minute increment tariff, 1.00 EUR/30min, not a clean hourly figure - kept its real 12.00 EUR daily cap; also left blank rather than estimate anywhere a source only gave a sub-hourly structure). Capacity sourcing was mixed: several SWE garages state capacity directly on their own pages (Am Stadion 427, Am Hirschgarten 548 confirmed via SWE's own 2024 opening press release) or 'mehr than 400' for Parkhaus Stadtwerke (recorded as 400); Hauptbahnhof (286) and Thomaseck (314) cross-confirmed via bahnhof.de's official DB station parking page at matching addresses/prices; Domplatz (320), Forum 1 (250), Forum 2/3 (467), Parkplatz Forum 2 (58) and Forum 4 (99) came from parkinglist.de as SWE's own pages don't publish capacity figures, but the sum of all SWE facilities (~3,169 before P+R/permit lots) is consistent with SWE's stated ~3,424-space total network. GOLDBECK and DB BahnPark capacities/coordinates came directly from live first-party APIs (goldbeck-parking.de's own JSON endpoint; Contipark's embedded schema.org JSON-LD). Geocoded via one synchronous Nominatim curl loop (7 SWE addresses without embedded coordinates); all other facilities had precise coordinates from an operator's own JSON-LD/API (Q-Park, GOLDBECK, DB BahnPark) or Google Maps directions links embedded in the operator's page (city-parking)."
Essen,done,"18 garages: Q-Park 5 (all 5 listed for Essen: Am Limbecker Platz, Cranachhöfen, Gildehof, Rathaus Galerie P1+P2 - Q-Park operates both Rathaus Galerie structures as separate facilities), APCOA 1 (Hövelstraße 168, a tiny 16-space Netto supermarket lot - confirmed via live site search that APCOA has only this single Essen location, no others), Contipark 7 (all 7 listed, incl. 3 Hauptbahnhof-area facilities - Parkhaus Hauptbahnhof P1, Parkplatz Bahnhofsvorplatz Nord P2, Parkplatz Hachestraße P4 - which third-party directories label 'DB BahnPark' but which live on Contipark's own site as Contipark-operated, so kept under Contipark not double-counted; no separate DB BahnPark-branded facilities found), Parken in Essen GmbH & Co. KG 3 (Centralgarage Kennedyplatz, Parkhaus Akazienallee, Parkhaus Elisabeth-Krankenhaus - the dominant Essen-only local operator, identified via web search after Essen's own city site (essen.de) and an EVAG/Ruhrbahn search turned up no distinct municipal parking company), Wolf Parkhaus GmbH & Co. KG 2 (Parkhaus am Weberplatz, Parkterrassen Gänsemarkt - small family-run local operator, both found and included). No B+B Parkhaus presence in Essen (checked their site's city list: only Düsseldorf/Leipzig/Stuttgart/Ulm). Checked Ruhrbahn's Essen Park+Ride network (16 stops, 15-200 spaces each) but excluded as out of scope - small commuter surface lots at transit stops, not structured competitive parking garages, none free-standing or large enough to be comparable to Nürnberg's single VAG P+R Herrnhütte precedent. 17 of 18 had confirmed real hourly+daily pricing; Parkterrassen Gänsemarkt (Wolf) left daily_cap blank as it's a 7-22 Uhr open-air lot with only an after-hours service-pauschale, no genuine 24h daily cap; APCOA Hövelstraße 168 left both hourly_rate and daily_cap blank as no tariff is published at all for this small supermarket lot. has_ev confirmed True for 4 sites via explicit page text/FAQ (Q-Park Am Limbecker Platz, Contipark Tiefgarage Philharmonie incl. a real per-kWh charging tariff, Parken in Essen's Centralgarage Kennedyplatz with 6 charging stations per its own FAQ); Parkhaus Akazienallee's FAQ explicitly says EV charging is 'in Planung' (not yet available) so left blank rather than marked true. Lat/lon came directly from embedded JSON-LD/schema.org GeoCoordinates for 17 of 18 rows (Q-Park, Contipark, Parken in Essen, and Wolf's Weberplatz all publish exact coordinates); only 1 Nominatim geocode needed, for Wolf's Parkterrassen Gänsemarkt which publishes no coordinates (address is just the street name 'Gänsemarkt' with no house number)."
Frankfurt,done,"30 garages: Q-Park 7 (all 7 in Frankfurt), APCOA 10 (of 21 total listed, representative spread across CBD/Messe/Westend/Sachsenhausen/hospital/airport; skipped near-duplicate hospital sub-lots and MyZeil's redundant per-entrance listings), Contipark 5 (all 5, incl. one in Höchst district), PBG/Frankfurter Parkhäuser municipal operator 8 (of 32 total - added after brief noted checking for a dominant local operator; picked central landmark garages). All 30 had confirmed real hourly+daily pricing except Q-Park NordWestZentrum (huge 3000-space shopping-center garage, only day/night tariff published, no 24h Tageshöchstgebühr - left blank). PBG dominates Frankfurt with far more locations (32) than any single operator in Düsseldorf had; not in Düsseldorf's competitor set at all. Q-Park's NordWestZentrum was only taken over by Q-Park on 01.11.2025 per the page text - recently changed hands. Contipark also has a Brönnerstraße garage acquired recently but under redevelopment until 2027, not yet operational - excluded as not currently open."
Fulda,done,"sixth wave - 15 garages (Q-Park 3 DB BahnPark 3 Eigenbetrieb Parkstätten der Stadt Fulda 9); the municipal parking utility (Eigenbetrieb Parkstätten) is the dominant local operator, running 9 of 15 facilities directly, sourced from fulda.de's own serviceportal listing; DB BahnPark's 3 station-area lots have no capacity/pricing published for one (Viehrampe); pricing coverage 10/15 hourly, 10/15 daily cap - several municipal garages (Hotel Fulda Mitte, Kongresszentrum, Ochsenwiese partial) have gaps left blank rather than guessed. CSV completed by the research agent but it stalled before updating this progress file, so this note was filled in directly from the verified CSV rather than the agent's own summary"
Fürth,done,"10 garages, full coverage: Q-Park 1 (Carré Fürther Freiheit, 321 spaces, real facilityId API tariff 3.00/h, 20.00 cap, 4 EV points - confirmed via schema.org amenityFeature JSON), APCOA 2 (all 2 listed on their own current Fürth page - Mathildenstraße 274 spaces/Hornschuch-Center 685 spaces, both with real EV charging; Mathildenstraße only publishes a 30-min tariff (1.40/30min) so hourly_rate left blank per rules, kept its 18.00 daily cap; Hornschuch-Center's non-loyalty 'ab 2,00€ je angefangene Stunde' used as hourly_rate, 20.00 cap), Contipark 1 (Tiefgarage FLAIR at the FLAIR shopping/leisure center, Königstraße 112-114, 524 spaces, real tariff table 3.20/h + 15.00 cap, EV confirmed via their own page text). Local dominant operator identified as infra Fürth GmbH (the municipal utility, mobilitaet/parken product page) - NOT PSN despite Fürth neighbouring Nürnberg; PSN's own site confirms it only operates 'in Nürnberg', zero Fürth presence. infra Fürth operates 3 commercial Parkhäuser with real published tariffs (Comödie 108 spaces/2.00h/15.00 24h-cap [12.00 alt. daytime-only cap not used]/6 EV points; am Scherbsgraben 313 spaces/tiered 5h-block-then-0.50/h so hourly_rate left blank, kept real 5.00 24h cap/6 EV+1 e-bike charger; Jakobinenstraße 506 spaces incl. 47 EV/1.50h/9.00 used as cap though technically only the 6 Uhr-18 Uhr 'ab 7. Stunde' flat rate, no single 24h Höchstsatz published) plus 3 Park+Ride facilities listed on the same official page with no published commercial tariff (left blank): Hardhöhe (78 spaces) and Klinikum Fürth (310 spaces, EV present, but currently closed for construction - kept in dataset per prior-city precedent for temporarily-closed facilities) attributed to VAG since both sit at VAG U-Bahn (U1) stations consistent with Nürnberg's VAG P+R convention, and Tiefgarage Europaallee (271 spaces, bus-only connection) kept attributed to infra Fürth as operator is unconfirmed beyond its listing. A web-search snippet claiming Europaallee was APCOA-branded (P1/P2) was checked and rejected - those apcoa.de URLs 404 and APCOA's own current Fürth listing page shows only 2 locations, so treated as stale/fabricated per the skepticism rule. B+B Parkhaus confirmed absent (only DUS/Leipzig/Stuttgart/Ulm on their own site). No distinct DB BahnPark-branded facility found at Fürth Hbf - bahnhof.de only shows the generic disability-parking boilerplate, same pattern as Aachen, not an actual commercial facility. All coordinates from embedded schema.org JSON-LD (Q-Park/APCOA/Contipark, zero geocoding) except the 6 infra Fürth/P+R addresses, geocoded via one synchronous Nominatim loop (all succeeded first try)."
Gießen,done,"15 garages, full coverage: Q-Park 1 (Westanlage, 565 spaces, real facilityId API tariff caught via browser network capture since the static page renders tariffs client-side via knockout.js - 2.00/h, 6.00 daily cap, 8 EV points), APCOA 1 (Neustädter, 1030 spaces, 1.70/h, 17.00 cap - their only Gießen listing, confirmed via city search page), Contipark 1 (Selters Tor, 153 spaces, 2.50/h, 15.00 cap, 9 EV points) plus DB BahnPark 4 - a genuine Gießen-specific pattern: Contipark's own site hosts 4 separate Bahnhof-cluster facilities (Am Bahnhof P4 247 spaces, Bahnhof Lahnstraße P2 420 spaces, Lahnstr. P1 Arbeitsamt 451 spaces, Parkplatz Lahnstraße P3 65 spaces) but 3 of the 4 (P1/P2/P4) carry literal 'DB BahnPark' branding text embedded in Contipark's own page HTML (confirmed via curl+grep on raw source, not just page summaries) despite living on contipark.de with Contipark's schema/tariff widget - recorded operator as DB BahnPark per that branding, consistent with Augsburg precedent; only Selters Tor is plain unbranded Contipark. Remaining 8 are a fragmented local market, no single dominant municipal/PSN-style operator: Parkhaus Am Kino (WEIMER Facility Management GmbH, 387 spaces, 1.00/h, 5.00 cap), Parkhaus Dern Passage (Projektgesellschaft Am Kiesacker mbH, 199 spaces, 1.00 first hr/1.50 each add'l - recorded 1.50, 6.00 cap), Parkhaus Karstadt/GALERIA (self-operated by GALERIA Karstadt Kaufhof GmbH via its own galeria-parken.de brand, not a 3rd-party operator - 860 spaces per city's official figure vs a conflicting 741 from an aggregator, used the city figure; 1.50/h; daily_cap left blank as sources disagreed 6.00/7.00/15.00 with no authoritative resolution), Parkhaus Liebig-Center (Parkhaus Liebig-Center GmbH, a small independent local company, 380 spaces, 1.50 first hr/1.30 each add'l - recorded 1.30, no daily cap found), Tiefgarage Rathaus (municipal, operated by Stadt Gießen itself, 250 spaces, 1.00/h, 5.00 cap, 4 EV wallboxes 22kW - real per city's own e-charging announcement page), Parkhaus Ringallee/THM (THM campus facility, only 36 of its 153 total spaces are public per the city's own page - recorded 36 as capacity; no operator name or pricing published), Tiefgarage Sparkasse (Sparkasse Gießen's own HQ garage, ~200 spaces, confirmed CLOSED for construction since 1 Aug 2026 per the city's own page - included with a closure note in the name and no pricing since currently inaccessible), and J.H. Fuhr Parkhaus (a genuinely independent small local operator, J.H. Fuhr GmbH & Co. KG - a toy/hobby retailer with its own customer parking garage at Weidengasse 15 - found via general web search rather than any operator directory; capacity not published; hourly_rate left blank as its real tariff is a non-clean tiered structure, e.g. up to 30min 1.00/up to 60min 2.00/then 1.00-3.00 per started hour varying by time of day). B+B Parkhaus confirmed absent (checked their own /staedte city list - 28 cities, no Gießen). No separate local/municipal umbrella operator like PSN/PBW/APAG found despite searching ('ASG Parkhausgesellschaft' search turned up nothing relevant) - Gießen's non-chain garages are each independently owned/operated rather than networked under one company. 12 of 15 real hourly+daily tariffs confirmed; 3 left with blank pricing (Ringallee/THM - unpublished, Sparkasse - closed, J.H. Fuhr - non-clean tiered). 7 of 15 confirmed real EV charging. Coordinates: Q-Park/Contipark/APCOA all from embedded schema.org JSON-LD or page JSON (zero geocoding needed for those 7); the other 8 local-operator garages needed one synchronous Nominatim geocoding loop (all succeeded first try, though a few resolved to street/amenity centroids rather than exact building entrances given sparse address-level OSM data in Gießen)."
Hagen,done,"21 garages, full coverage of every operator identified: Q-Park 5 (all 5 listed on their own city page - Graf von Galen Carree, Rathaus Galerie, Theater-Karree, Volme Galerie 824 spaces, Zentral Parkhaus - all with real facilityId API tariffs; Theater-Karree and Volme Galerie confirmed real EV charging amenity on-page), APCOA 4 (all 4 listed on their own city page - Bettermann, Volme Parkhaus, Parkplatz Rathausstraße, and a small 21-space tenant lot 'Denkmalstr. 3 (Märkische Bank)' oddly in a different postal code 58099 north of the centre but confirmed via APCOA's own JSON-LD; real on-page tariffs for all 4, no EV at any), Contipark 3 (Parkhaus City and Parkplatz Hauptbahnhof P1 both confirmed via Contipark's own live sitemap with real tariff tables; the DB BahnPark GmbH's own official Hagen-Hbf parking PDF, dbbahnpark.de, explicitly names 'Contipark Parkgaragengesellschaft mbH' as Betreiber of that exact Wehrstraße-1 facility - confirming operator=Contipark rather than DB BahnPark despite Contipark's own page text branding it 'DB BahnPark Parkplatz Hauptbahnhof P1'; a third facility, Tiefgarage Sparkassen-Karree, is NOT on Contipark's current sitemap/city page but is confirmed Contipark via parkinglist.de's detailed tariff page quoting the full legal entity name 'Contipark Parkgaragengesellschaft mit beschränkter Haftung' plus consistent third-party naming (cylex, oeffnungszeitenbuch) - included with a caveat that it's absent from Contipark's live consumer site, real EV charging confirmed via goingelectric.de, 3x Type2 22kW). Zero standalone DB BahnPark facility exists distinct from the Contipark lot - the generic bahnhof.de aggregator page falsely implied a separate 'DB BahnPark Zentral' facility by reciting Q-Park's own Zentral-Parkhaus stats (316 spaces/Stresemannstraße 3/1.70h/12.00cap) under DB BahnPark branding; excluded as a duplicate/misattribution per the established Aachen-style skepticism pattern - confirmed real operator is Q-Park via q-park.de's own facilityId tariff API (which independently returned the identical 1.70/12.00 figures). Found Hagen's local dominant operator to actually be a 2025 market-entrant, not a legacy municipal company: GOLDBECK Parking Services GmbH, confirmed via their own April-2025 press release (goldbeck.de newsroom + Feldhoff & Cie PR distribution) stating they now manage five Hagen facilities after winning two new contracts (Tiefgarage Berliner Platz for client AXA GmbH & Co., and Parkhaus Elbershallen ~350 spaces for client Elbers Parkhaus oHG) on top of three pre-existing ones (Parkhaus Springe/CineStar Tiefgarage 240 spaces, the adjoining Parkplatz Springe outdoor lot 110 spaces, and Parkhaus Mittelstadt 305 spaces at Bergischer Ring 82 - this last one is NOT the city district name coincidence it first appeared to be: it genuinely used to be Q-Park-branded per stale aggregators, but q-park.de's own 'mittelstadt' URL now 302-redirects to the generic Hagen city page, confirming Q-Park divested it to Goldbeck). Pricing for the 5 Goldbeck facilities is necessarily from third-party aggregators (parkinglist.de, elbershallen.de, cylex) since Goldbeck's own site is booking-only with no public tariff tables - Berliner Platz and both Springe facilities left with hourly_rate blank (only a 30-min-increment or no rate found) while keeping their published daily caps/capacities where clean. A genuine second local operator, Parkbetriebe Eckhardt ('Parken mit Herz', parken-mit-herz.de, Hochstraße 70), independently runs 3 surface lots in the centre (Potthof, Peek & Cloppenburg, Scherfig) with real on-site tariff tables scraped directly from their own legacy site. B+B Parkhaus confirmed absent (no Hagen match on bb-parkhaus.de). One facility, Parkhaus Galeria Kaufhof (Hochstraße 91, 83 spaces, confirmed real via hagen.de's own official parking page), has no confirmable operator or tariff anywhere and is included with operator left as 'Unbekannt' and pricing blank rather than guessed. 17 of 21 have a real hourly_rate; the 4 without are the Goldbeck-managed Berliner Platz/Springe pair (2) plus Galeria Kaufhof - all genuinely unpublished/unclean rather than estimated. 9 of 21 needed Nominatim geocoding (Goldbeck's 5, Eckhardt's 3, Galeria Kaufhof) in one synchronous curl loop, all succeeded first try; remaining 12 had lat/lon direct from Q-Park/APCOA/Contipark schema.org JSON-LD. EV charging confirmed real for 3 of 21 (Q-Park Theater-Karree and Volme Galerie via on-page amenity, Contipark Sparkassen-Karree via goingelectric.de's charge-point registry)."
Hamburg,done,"38 garages: Q-Park 3, APCOA 15 (of 27 total, spread across CBD/HafenCity/Altona/Harburg/Eppendorf/Blankenese), Contipark 10 (of 31 total), Sprinkenhof GmbH 10 (municipal-adjacent operator, all found). 36 of 38 had confirmed real hourly+daily pricing; blank for APCOA Stadthöfe/Bleichenhof (no rates published) and Sprinkenhof Von-Melle-Park (permit-only, no short-term rate). Contipark's Parkhaus Hahnenkamp and Parkhaus Mercado Altona Bahnhof share the same listed address (Hahnenkamp 3) - likely same complex, different entrances/sections - kept as separate site-listed facilities."
Hannover,done,"12 garages: Q-Park 1, APCOA 2, Contipark 4, DB BahnPark 5 (station lots listed via Contipark's site but explicitly DB BahnPark-branded). All 12 had confirmed real hourly+daily pricing published; none blank. Q-Park has only 1 facility in Hannover (Galerie Luise) - Contipark, HQ'd in Hannover, and DB BahnPark dominate; no B+B Parkhaus presence."
Heidelberg,done,"25 garages: Q-Park 2 (Sofienquartier 649 spaces, Bismarckplatz 51 spaces - the latter actually run day-to-day by 'Park-One GmbH' per the city's own open-data feed, a known Q-Park subsidiary branding also seen in Berlin, kept as Q-Park since that's how Q-Park's own site presents it; both got real live tariffs via the facilityId API, 2.40/hr + 20 daily cap for both), DB BahnPark 1 (Hauptbahnhof Lessingstraße P2, 90 spaces, 1.00/hr + 5.00 daily cap - hosted on Contipark's own site but its own page text explicitly names it 'Der DB BahnPark Parkplatz...', so categorized as DB BahnPark not Contipark per Stuttgart precedent; Contipark itself has no separately-branded facility in Heidelberg), APCOA confirmed absent (checked APCOA's full ~90-city sitemap - alphabetical gap jumps straight from 'hannover' to 'heidenheim', no heidelberg slug), B+B Parkhaus confirmed absent (checked bb-parkhaus.de's staedte list - only Duesseldorf/Leipzig/Stuttgart/Ulm). Found and used Heidelberg's own city open-data parking portal (parken.heidelberg.de, backed by parking.datenplattform.heidelberg.de/static - a public JSON API with exact coordinates, capacities, EV flags and full day/night per-minute tariff tables for every facility) which is unusually complete and let this city skip all geocoding and tariff-scraping guesswork entirely. That portal's 24 listings, once Q-Park's 2 were pulled out, broke down as: Stadtwerke Heidelberg Garagen GmbH (SWHD) 9 - the dominant municipal operator (Henschel, Friedrich-Ebert-Platz, Kornmarkt/Schloss, Nordbrueckenkopf, Campbell Barracks, Parkhaus hip, Congress Center, Europaplatz, Mathematikon); PBW (Parkraumgesellschaft Baden-Wuerttemberg) 3 (Am Theater, Unibibliothek, Klinikum Bergheim) - same statewide operator seen in Stuttgart, here specifically serving the university and university-hospital campus exactly as hinted (Unibibliothek = university library garage, Klinikum Bergheim = hospital garage); E.B. Parkgaragen 2 (Kongresshaus, Karlsplatz/Rathaus - a small Heidelberg-only private operator); plus 7 single-location private/institutional garages each kept under their own real operator name per Berlin/Bielefeld precedent (Hilton Heidelberg, Park und Tank Betriebsgesellschaft Heidelberg [592 spaces at Poststrasse, sizable], Europaeischer Hof/Fritz Gabler, Wuerzburger Stadtverkehrs GmbH [runs the Kaufhof garage], Grundbesitzgesellschaft Heidelberg [ATOS-Klinik], Stadtbuecherei Heidelberg [34-space library garage], BG Rohstoffe und chemische Industrie); plus P+R Kirchheim (55 spaces per Parkopedia/LiveParking cross-check, since the portal listed it with capacity 0 and no operator - permit-only monthly rate, no short-term tariff so hourly_rate/daily_cap left blank). 23 of 25 had confirmed real hourly+daily pricing straight from the city API's Day-tariff table (Night tariffs, roughly 5x cheaper, were excluded in favor of Day rates for consistency); blank only for P+R Kirchheim (permit-only) and Q-Park Bismarckplatz's EV flag (not published, unlike Sofienquartier which explicitly lists EV charging). Zero Nominatim/geocoding calls needed - literally every coordinate came from either Q-Park's schema.org JSON-LD, Contipark's embedded GeoCoordinates, or the city portal's own lat/lon fields. Surprising: Heidelberg's city open-data API is by far the richest/most complete municipal parking dataset found in this project so far - full per-minute day/night tariff tables and live EV flags for essentially the entire public parking market in one authoritative JSON feed, no scraping ambiguity at all."
Herne,done,"8 garages, full coverage of every operator found: Q-Park 2 (Am Kino, City-Center - both listed on Q-Park's own Herne city page, real live tariffs via facilityId GetTariffsForFacility API for both: 1.20/hr, 9.00 daily cap; Am Kino explicitly lists 3 EV charging spots, City-Center lists EV charging as a feature without a count, both marked has_ev True), Landmarken Parkhaus Neue Höfe Herne GmbH 1 (Poststraße 22, 524 spaces - confirmed via OSM which tags this exact building 'Parkhaus Neue Höfe' operator=Landmarken AG, cross-checked against Landmarken AG's own project page and Handelsregister entry for 'Landmarken Parkhaus Neue Höfe Herne GmbH'; herne.de's official parking page separately names 'Poststraße' and 'Verweilplatz' garages in Herne-Mitte but a third-party directory (oeffnungszeitenbuch) attributing a 'Parkhaus Herne Verweilplatz' at this same Poststraße 22 address to Q-Park GmbH & Co. KG is clearly stale/wrong - Q-Park's own live site lists only 2 Herne facilities, neither named Verweilplatz or Poststraße - concluded this is one renovated facility ('komplette Sanierung und neue Ausstattung des Parkhauses' per Landmarken's own copy) now operating under the Neue Höfe name; not double-counted), P wie Parken 1 (WEZ Wanner Einkaufszentrum, Hauptstraße 241, 297 spaces per Parkopedia, OSM tags the building 'Parkhaus im WEZ' fee=yes - operator attribution per herne.de's own official parking page, flagged uncertain since P wie Parken's own current portfolio site (p-wie-parken.de/unsere-parkhaeuser/) no longer lists a Herne location and the old direct URL 404s, so this may be a lapsed/outdated attribution kept as the best available official-source claim), St. Elisabeth Gruppe GmbH 1 (Parkhaus Marien Hospital, Hölkeskampring 40, 340 spaces, opened Oct 2022 per MedEcon Ruhr/Krampe Schmidt Architekten coverage, 20 EV charging points added Jan 2023 - confirmed True; no published tariff found despite searching, left blank), Evangelisches Krankenhaus Herne 1 (Parkhaus am EvK, Wiescherstraße 24, 264 spaces per parkinglist.de, free first 20 min then real tariff ~1.00/hr + 5.00/24h; has_ev True confirmed via OSM charging_station node explicitly named 'Ev. Krankenhaus Parkhaus' at the same site; no distinct third-party operator name found anywhere despite searching, so attributed to the hospital itself per precedent), Kulturzentrum.Herne Tagungsstätten- und Gastronomiegesellschaft Herne mbH 1 (Tiefgarage Kulturzentrum/Berliner Platz, 64 spaces per parkinglist.de/OSM 'Tiefgarage Sparkasse' way - reconciled as the same facility herne.de calls 'eine Tiefgarage unterhalb des Kulturzentrums', since OSM's Berliner Platz parking way sits ~100m from the Kulturzentrum building itself and a separate web search independently named the Kulturzentrum's own operating company as running its Tiefgarage at 0.80-0.90 EUR/hr), wewole STIFTUNG 1 (wewole Quartiersparkhaus, Langforthstraße/Horsthausen, opened April 2025, 160 spaces, 1.50 EUR/hr + 50 EUR/month resident pass, 20 EV charging points per halloherne.de - wewole is a disability-services/social-housing foundation, not a commercial parking chain, but this is its own genuinely distinct facility). APCOA, Contipark, B+B Parkhaus, and DB BahnPark all confirmed ABSENT: APCOA's own sitemap-type/pages/sitemap.xml has zero 'herne' matches (and apcoa.de/parkplatz-finder search + parkplatzsuche/herne URL both 404); Contipark's sitemap.xml likewise has zero 'herne' matches; B+B Parkhaus's own /staedte page confirmed only Düsseldorf/Leipzig/Stuttgart/Ulm; bahnhof.de's Herne station page lists 'Herne Neue Höfe' with DB BahnPark's generic disabled-parking boilerplate text but its 524-space capacity is an exact match to Landmarken's own stated Neue Höfe capacity, so this is Landmarken's facility merely listed on bahnhof.de, not a real DB BahnPark-operated site (same misleading-boilerplate pattern seen in Aachen/Darmstadt); Wanne-Eickel Hbf's two P+R lots (Heidstraße 1, 110 spaces; Herner Straße 27, 97 spaces) are free, city-designated Park-and-Ride surface lots per herne.de's own text ('drei kostenlose Park-and-Ride-Parkplätze'), not paid competitive garages, so excluded per the Essen/Ruhrbahn P+R precedent. Also checked and excluded: an unnamed OSM 'Parkhaus am Museum' way near Museumsstraße that a parkinglist.de listing ('Parkhaus Museumsstraße 2', same address/444-space capacity) confirms is simply Q-Park's Am Kino under a duplicate directory listing, not a separate facility; a private nightclub's 50-space OSM-tagged 'KEN'S Cloublounge & Shisha Bar' lot (fee=no, not public/competitive); roughly a dozen further unnamed/untagged OSM amenity=parking ways across the city with no name, operator, or capacity data (anonymous surface lots, not structured competitive garages). Gelbe Seiten's own Herne 'Parkhaus' branch listing independently corroborates this small market: only Q-Park appears as a genuine Herne-based commercial chain result. Zero dominant single local/municipal operator emerged (unlike Essen/Moers) - Herne's market is instead Q-Park plus five distinct single-site operators (a property developer, a shopping center, two separate hospital groups, and a cultural-venue operator) plus one social-foundation-run district garage. Coordinates: Q-Park via schema.org JSON-LD (network-captured via browser), Neue Höfe/EvK/Marien Hospital/Kulturzentrum via OSM Overpass tags or Nominatim address geocoding (one batch of Overpass queries after the main overpass-api.de instance returned 406 errors - overpass.kumi.systems mirror worked), WEZ via OSM's own 'Parkhaus im WEZ' way coordinates, wewole via Nominatim street-level geocode (exact house number not published). 4 of 8 had confirmed real hourly+daily pricing; hourly_rate left blank for Neue Höfe (genuinely tiered/degressive: 30min=1.00, 2h=2.00, 24h=25.00, not a clean per-hour figure) and Marien Hospital (no tariff published anywhere found); daily_cap left blank for Kulturzentrum/Berliner Platz and wewole (neither publishes a 24h cap, only hourly/monthly rates)."
Hilden,done,"9 garages, full coverage - confirmed exhaustive via the City of Hilden's own official page (hilden.de/.../parkhaeuser-in-der-innenstadt), which lists exactly '7 Parkhäuser von QPark' + '2 Parkhäuser von Contipark', matching what was found independently on each operator's own site. Q-Park 7 (Bismarckpassage 57 spaces, City Parkhaus 89, Nove Mesto Platz 338, Penny 39, Rathaus Hilden 360, Sparkassen Center 91 incl. real EV charging point, Suedstraße 128) - all real facilityId-based API tariffs (GetTariffsForFacility), all converging on a clean, uniform 2.00/h + 10.00 24h-cap network-wide; 4 of the 7 (City Parkhaus, Nove Mesto Platz, Rathaus Hilden, Suedstraße) technically publish a tiered first-hour rate (0.60/20min, 0.60/20min, 0.80/20min) before settling into the same 2.00 'je weitere angefangene Stunde' - recorded the steady-state 2.00 rate per Bielefeld-established precedent for 'first hour X, additional hours Y' structures, not left blank. Contipark 2 (Am Kronengarten, Itter-Karree) - real tariffs from their own live mein-contipark.de/contipark.de pages (Reguläres Parkentgelt tier, not the discounted Pcard tier): Kronengarten 1.80/h+6.00 cap, Itter-Karree 1.50/h+5.00 cap; Contipark's own pages don't publish capacity, so capacity for both (310 and 320 respectively) came from parkinglist.de's operator-attributed listing (which also correctly names 'Contipark Parkgaragengesellschaft mbH' as operator, confirming it's not third-party-fabricated) - flagged explicitly because parkinglist.de's OWN pricing figures for these two are visibly stale/drifted from the live Contipark site (e.g. Kronengarten showing an old 0.60/1.40/2.20/3.00 tiered scheme vs the current flat 1.80/6.00), so pricing was sourced from Contipark's own live site while capacity (a more static fact) was accepted from the third party per the skepticism rule. APCOA confirmed zero presence (site search 404s; the only 'hilden' hits in their city-list JSON were false-positive substring matches inside Fürth's 'Mathildenstraße'). B+B Parkhaus confirmed absent (not in their /staedte list; nearest is Düsseldorf). No DB BahnPark-branded facility found at Hilden Hbf (bahnhof.de station page 404s, no dedicated dbbahnpark.de listing) - consistent with Hilden's official parking page listing only Q-Park/Contipark. Local-operator search surfaced Verkehrsgesellschaft Hilden mbH (a Stadtwerke Hilden subsidiary) as being responsible for the city's Parkleitsystem (guidance system) integration, and OptimalParken GmbH & Co. KG as the historical operator of several of these garages (Am Rathaus, City-Parkhaus, Nove-Mesto-Platz, Südstraße, Penny) - but Q-Park's own press release ('Q-Park übernimmt Optimal Parken') confirms Q-Park acquired Optimal Parken and optimalparken.de now redirects to q-park.de, so these are correctly recorded as Q-Park, not a separate local operator; no independent Hilden-specific operator brand remains. Zero geocoding needed - all 9 coordinates came directly from embedded schema.org JSON-LD (Q-Park ParkingFacility/LocalBusiness blocks, Contipark ParkingFacility blocks)."
Kaiserslautern,done,"13 garages, full coverage of the city's own official Parkleitsystem (dynamic parking-guidance network) plus every operator's own site: Q-Park 2 (Pfalztheater 296 spaces/Stiftsplatz 180 spaces, both with real facilityId API tariffs, 2.00/h, 18.00 daily cap - Q-Park's Kaiserslautern city page has no other facilities besides these 2 plus 2 pure info/landing pages excluded as non-facilities). APCOA 1 (K in Lautern, 490 spaces, a shopping-center garage APCOA took over from Q-Park on 1 Apr 2026 per their own press release - confirmed via APCOA's own site with embedded schema.org coordinates and tariff table; tiered 1.30/1.50/2.00-per-hour structure, recorded the steady-state 'each additional hour' rate of 2.00 per Bielefeld-precedent, daily cap 23.00). Contipark 2 (City/Löwenstraße 400 spaces 2.50/h/16.00 cap, Lutrinastraße 220 spaces 2.50/h/16.00 cap - confirmed no EV at either) plus 2 more Contipark-hosted facilities explicitly DB BahnPark-branded on Contipark's own page text (Hauptbahnhof P1 Kiss+Ride 41 spaces 1.50/h/15.00 cap, Hauptbahnhof P2 Park+Ride 359 spaces 2.00/h/12.00 cap), consistent with Ludwigshafen precedent. Park Service Hüfner (a real regional operator, found via web search) 2: Pfaff Areal (361 spaces, 2.00/h steady-state, 9.00 cap) and Altstadtparkhaus Rittersberg (372 spaces, 2.00/h steady-state after a 4h degressive period, 16.00 cap) - confirmed Rittersberg is the same facility the city's own Parkleitsystem calls simply 'Altstadt' via matching street-view photo signage. 4 more facilities are directly city-administered ('Stadt Kaiserslautern' per parkinglist.de's own operator attribution and the city's official Parkleitsystem, which numbers 11 total monitored facilities - the other 7 of those 11 cross-matched exactly onto the Q-Park/Contipark/PS-Hüfner facilities above by address, e.g. 'City'=Contipark Löwenstraße, 'Hauptbahnhof'=the DB BahnPark pair, confirmed via each garage's own Standort address on the city's site): Parkhaus Central (70 spaces, Rosenstraße 6, 1.50/h steady-state, 15.00 cap), Tiefgarage Kreissparkasse (210 spaces, Am Altenhof, 2.00/h steady-state, 20.00 cap), and 2 open-air coin-meter lots Meuthstraße I (76 spaces, sub-30-minute-increment tariff that doesn't reduce to a clean hourly rate so hourly_rate left blank, kept real 2.50 daily cap) and Meuthstraße II (242 spaces, coin-only payment, no published tariff found anywhere so both hourly_rate and daily_cap left blank). Important fabrication-skepticism catch: a business-directory hit for 'PBS Parkraum, Betrieb & Service GmbH' registered at the Central garage's own address looked at first like Kaiserslautern's dominant local operator (the PSN/PBW/LUKOM-style player this project looks for in every city), but northdata's Handelsregister data shows PBS entered liquidation in 2016 and was legally terminated in Dec 2018 - i.e. defunct and the directory listings are stale, so it was NOT used as the operator field (used 'Stadt Kaiserslautern' instead, matching parkinglist.de's own attribution). A second near-miss: 'Parkhaus Grüner Graben', prominently listed on the city-center marketing site citymanagement-kaiserslautern.de as if it were a distinct 9th garage, turned out via its own link href to be an alternate/informal name for the same Contipark City/Löwenstraße facility (same city Parkleitsystem ID), not a real separate location - excluded as a duplicate rather than added as new. B+B Parkhaus confirmed absent (no Kaiserslautern presence on bb-parkhaus.de). No EV charging confirmed at any of the 13 facilities. Nominatim blocked ('Access denied') as in prior cities; all geocoding (5 addresses lacking embedded coordinates: Lutrinastraße/Badstraße 3, both Hauptbahnhof addresses, Pfaff Areal, Rittersberg, plus Central/Kreissparkasse/Meuthstraße) done via one synchronous Photon loop, all resolved cleanly first try including one direct confirmation (Photon's own OSM tag for Rosenstraße 6 is literally named 'Central-Parkhaus')."
Kiel,done,"15 garages, full coverage of all operators checked: Q-Park 3 (Altstadt, Holstenstraße I/II - all embedded schema.org JSON-LD coords + maximumAttendeeCapacity + live GetTariffsForFacility API, 2.50/hr, 17.00 daily cap), Contipark 3 (CAP, Querpassage, Sophienhof - all from operator's own Next.js pages, 2.00/hr, 12.00 daily cap; capacities 414/172/821 taken from Contipark's own page over conflicting third-party aggregator numbers). APCOA confirmed ABSENT (checked their full 93-city German location index - no Kiel entry) and B+B Parkhaus confirmed ABSENT (their /staedte page lists only Düsseldorf/Leipzig/Stuttgart/Ulm) - both verified via the operators' own site structure, not just search. DB BahnPark has no distinct Kiel facility of its own; bahnhof.de's 'parking near Kiel Hbf' page is just an aggregator listing the same Contipark/ZOB facilities, not DB-operated ones. Remaining 9 are local/independent: Förde Parkhaus GmbH & Co. KG (1, Kaistraße 1, hourly rate left blank - only first hour is clean at 2.00, then per-15-min after - but kept 19.00 daily cap), Parkhaus ZOB (1, 541 spaces, run by PSG Parkhaus-Service Gesellschaft Greifswald mbH under contract to the municipal Eigenbetrieb Parken der Landeshauptstadt Kiel, 2.00/hr, 16.00 cap, 5 EV chargers), Parkhaus Karstadt am Sophienblatt (1, 610 spaces per both kiel.de official and kiel-sailing-city.de POI page, operator GALERIA Karstadt Kaufhof GmbH per parkinglist.de - lower confidence on operator name only, existence/price well confirmed), Arena-Parkhaus (1, Stadtwerke Kiel AG, 180 spaces, 2.00/hr, 24.00 cap, 8 EV chargers, confirmed via goingelectric.de EV-station listing with exact coords), and 4 facilities run by Kiel-Marketing e.V./GmbH (the city-center management body, distinct from the Eigenbetrieb Parken utility): Parkplatz Exerzierplatz (450 spaces, 1.50/hr), Parkhaus Dreiecksplatz (305 spaces, hourly rate blank - only a 45-min increment tariff published), Parkhaus Gaarden (163 spaces, real 0.20/hr - genuinely cheap outer-district lot), Parkhaus HBZ/Schauspielhaus (28 spaces, hourly blank - 30-min-then-6-min-increment tariff). Also included Parkhaus Steigenberger Conti Hansa (54 spaces, hotel-owned Tiefgarage but publishes normal public tariffs 1.70/hr, 23.00 cap, has EV). Caught and discarded two AI-search-summary fabrications during research: a 'Stadtwerke Kiel operates Südwall/Maschplatz' claim and an 'APCOA operates Karstadt' claim both turned out to be about Celle, not Kiel, once cross-checked against primary sources. Excluded: Schlossgarage Kiel (real PSG-run facility, but confirmed via its own site to be closed for renovation since Oct 2025 for ~2 years, not currently operating); Wilhelmplatz (650-space square, but free/event-space, not a monetized competitive garage); Parkservice Kiel Nord GmbH and Nord-Park GbR (real cruise-passenger offsite lots near the ferry terminals with multi-day banded pricing, not hourly/daily garage tariffs - doesn't fit the competitive garage schema). No Nominatim calls needed except one for Förde Parkhaus (matched by name directly to OSM's own 'Förde-Parkhaus' POI, not a generic street match); every other coordinate came from embedded JSON-LD/Next.js data or the kiel-sailing-city.de tourism-authority POI pages, which independently supplied precise lat/lon for nearly every facility in the city."
Köln,done,"50 garages: Q-Park 6 (all 6 listed for Köln, real tariffs via facilityId API), APCOA 9 (all 9 listed, incl. 4 separate sub-garages within the Mediapark complex), Contipark 24 (all 24 listed - Köln has an unusually large Contipark presence incl. 5 Hauptbahnhof-area lots that are DB BahnPark/Parkster-branded on Contipark's own site), Kalscheuer Parkhausbetriebe GmbH (parkhaus.org, Köln-only dominant local operator) 11 (all real facilities found; excluded 2 'Verkehrsübungsplatz' driving-practice lots from their nav menu as not consumer parking). 39 of 50 had confirmed real hourly+daily pricing; 11 Contipark garages left hourly_rate blank because they publish only a per-20-minute increment tariff, not a comparable hourly rate (consistent with München's precedent of not converting 20-min rates); 1 (Domplatte P3) left daily_cap blank as it's a 1-hour-max lot with no day rate published. LANXESS arena's 4 Kalscheuer-operated sub-garages (P1/P2/VIP P3/P4) share one address (Willy-Brandt-Platz 3) by design - one large multi-structure complex. Groß Sankt Martin (Contipark) is currently closed for renovation but kept in dataset (real published tariffs, no closure end-date given, consistent with Nürnberg precedent). This row previously (incorrectly) said 28 garages/KPPG from an earlier incomplete attempt - superseded by this full 50-garage dataset."
Landshut,done,"11 garages, full coverage (fresh redo of an interrupted attempt): Q-Park 1 (Bavaria Parkgaragen City Center at Podewilsstraße 3 - note Q-Park's own JSON-LD misspells the street 'Podelwilsstraße', corrected via web search against the street's real name; 617 spaces per the city's own official flyer and corroborating third-party listing since capacity isn't in Q-Park's static HTML; real facilityId API tariff 2.00/h, 15.00 daily cap, EV confirmed via page's own amenity icon list). APCOA confirmed to have ZERO presence (checked their full sitemap of 423 city/standort pages - no Landshut/Niederbayern entry at all; an AI search summary had wrongly attributed the Q-Park City Center garage to APCOA, rejected after direct verification). Contipark confirmed ZERO presence (city page 404s, and grepped their full sitemap.xml for 'landshut' - zero hits). B+B Parkhaus confirmed absent (their own site only lists Düsseldorf/Leipzig/Stuttgart/Mainz/Mannheim/Mönchengladbach/Gelsenkirchen-Buer/Kempten/Wiesbaden, no Landshut). DB BahnPark 4 - all of Landshut Hbf's parking facilities per bahnhof.de's own station page, which explicitly attributes them to 'DB BahnPark GmbH' (unbeschrankte Parkeinrichtungen): Bahnhofplatz (30 spaces, 30-min max, no fee shown), Bahnhofstraße 1A (32 spaces, Parkscheinautomat, no rate published), Oberndorferstraße 11 (350 spaces - a third-party site's conflicting '500 spaces' figure was rejected in favor of DB's own number; pricing is 15-/30-day season passes only, not hourly/daily, so left blank), and P+R An der Überführung (194 spaces, no fee shown) - all real facilities but genuinely unpriced/non-hourly, kept per full-coverage rule rather than dropped. No single dominant chain otherwise - instead Landshut's local market is split across 5 distinct real operators, all cross-verified between Stadtwerke Landshut's own site, the city tourism board's own 2025 official parking flyer PDF (erleben.landshut.de), and independent business listings: Stadtwerke Landshut 2 (Parkhaus Zentrum, Badstr. 1, 270 spaces incl. 2 public EV charge points, 2.30/h since 01.07.2026 update/14.00 day cap; Parkhaus 'An der Freyung', Gestütstr. 1, 184 spaces, 1.20/h/8.50 cap - its 3 EV points are Dauerparker-only, not public/hourly, so has_ev left blank there), Parkhaus Wittstraße Verwaltungs-GmbH 1 (the 'Oberpaur' section of the Wittstraße complex, 370 spaces, own site's live tariff table: 1st hr 2.00/additional-hour steady-state 1.50/15.00 cap), GALERIA 1 (a physically-separate 173-space, 1.75m-clearance section of the same Wittstraße building marketed as 'Parkhaus Wittstraße/Galeria Kaufhof' with its own capacity, height limit and direct department-store access - confirmed as a genuinely distinct GALERIA-operated entity via galeria-parken.de's own Landshut listing, same operator pattern as Berlin's Karstadt Ku'damm garage; pricing from the city's flyer since galeria-parken.de is a JS single-page app not scrapable via curl), Sparkasse Landshut 1 (Parkhaus Sparkasse, 100 spaces, bank-card-only entry/exit via Lastschrift - real half-hour-increment tariff, hourly_rate left blank per the sub-hourly-tariff convention, but its clean 10.00 daily cap kept), and Stadt Landshut 1 (Parkplatz Grieserwiese, a 1300-space riverside surface lot - 742 paved + 490 unpaved + 30 Wohnmobil-designated per the flyer's own breakdown - flat 1.00/day fee Mon-Sat 9-19h only and free otherwise, so hourly_rate left blank and the flat fee kept as daily_cap). All pricing cross-checked between each operator's own live site and the flyer where both existed (Wittstraße/Oberpaur's day tariff matched almost exactly). 10 of 11 addresses needed Nominatim geocoding (one synchronous loop, all succeeded first try, rate-limited at 1.1s/request); only Q-Park's had embedded schema.org GeoCoordinates."
Leipzig,done,"17 garages, full coverage (no sampling needed - genuinely small market): Q-Park 5 (all 5 listed for Leipzig, real tariffs via facilityId API), APCOA 5 (all 5 listed, incl. Petersbogen and the adjoining but separately-tariffed Petersbogen/NH Hotel sub-garage), Contipark 1 (Parkhaus Martin-Luther-Ring; excluded 'Saba Parkhaus Universitätsklinikum' as it's an external Saba/Interparking-operated link on Contipark's own Leipzig page, not Contipark itself - same pattern as Berlin's excluded Saba Lio), B+B Parkhaus 3 (all 3: Höfe am Brühl, Parkplatz Deutrichshof, Tiefgarage Bundesverwaltungsgericht), ECE Marketplaces/Promenaden Hauptbahnhof 2 (West + Ost decks of the ECE shopping-center garage at Leipzig Hbf - checked dbbahnpark.de directly and it returned zero Leipzig results, so despite being station-adjacent these are NOT DB BahnPark-branded, confirmed via leipzig.travel and the mall's own site that the operator is ECE Marketplaces GmbH & Co. KG), Goldbeck Parking Services 1 (Fernbus-Terminal Hbf, the 550-space long-distance bus terminal garage - confirmed via web search as Goldbeck-operated, not DB). No distinct dominant local/municipal operator found despite searching (checked LVB/Leipziger Verkehrsbetriebe - runs trams/buses and P+R, not a commercial parking-garage competitor; checked for a Leipzig-specific 'Parkhausgesellschaft' equivalent to Nürnberg's PSN or Stuttgart's PBW - none found). 14 of 17 had confirmed real hourly+daily pricing; hourly_rate left blank for B+B's Parkplatz Deutrichshof (publishes only a per-30-minute rate, not a clean hourly figure) though its daily_cap was kept. EV charging confirmed present (True) at 6 of 17: APCOA Petersbogen (2), Petersbogen/NH Hotel (7, free for hotel guests), Neumarkt (60), B+B Höfe am Brühl (4) and Bundesverwaltungsgericht (2), and ECE Promenaden Ost (deck 2) - all 5 Q-Park facilities explicitly list their amenity features with no EV charging entry at all, so left blank rather than assumed. Lat/lon came from schema.org JSON-LD (Q-Park, Contipark) or embedded Google Maps JS coordinates (APCOA, B+B) on each operator's own page; only 1 Nominatim geocoding call needed, for Goldbeck's Fernbus-Terminal Hbf (its own page had no embedded coordinates)."
Leverkusen,done,"8 garages, full coverage: Q-Park 3 (City Center 996 spaces/Forum 380/Luminaden 600, all 3 confirmed via Q-Park's own live facilityId tariff API, uniform 2.00/h and 11.00 daily cap network-wide in Leverkusen - these 3 were previously run by the city's own Leverkusener Parkhaus-Gesellschaft mbH (LPG) until Q-Park took over operations Jan 1 2022 per Q-Park's own press release, so LPG is now a leasing/holding entity rather than an active operator) and APCOA 1 (Wöhlerstrasse, 150 spaces, 1.80/h, 20.00 cap - confirmed as APCOA's only Leverkusen location via their own city-listing page, full coverage; a third-party aggregator, parking.ai, wrongly relabels the Q-Park City Center/Forum garages as 'APCOA' - excluded per the stale-aggregator skepticism rule since Q-Park's own site and live tariff API confirm current Q-Park operation). No dominant single local/municipal chain like Köln's Kalscheuer - instead Leverkusen's remaining capacity is split across 4 distinct small operators, all identified via the city's own official parken page (leverkusen.de) listing every garage by name: Gemeinnütziger Bauverein Opladen eG (GBO-Parkhaus Kantstraße in Opladen, 339 spaces per their own page - supersedes the city page's rounder '350' figure, 1.00/h, 20.00 cap, real EV charging via EVL's TankE network, 2x22kW Mennekes), ECE Marketplaces GmbH & Co. KG (Parkhaus Rathaus-Galerie, the mall operator's own site, 500 spaces, 1.50/h, 15.00 cap - listed as a mere 'poi' on Q-Park's site, not an actual Q-Park facility, verified via ECE's own parken page), and two Schlebusch shopping-center garages found via an April-2026 Leverkusen.com/Wemolo press release on both switching to camera-based ticketless parking simultaneously: Tiefgarage Schlebusch Arcaden (self-operated by the center's own management, 227 spaces per the city's official page which calls it 'Parkhaus am Arkadenplatz', 2.50/h after a short grace period, 25.00 cap) and Tiefgarage Karree im Dorf (Immo-Partner Vertriebs- und Verwaltungs GmbH per the press release, first 30 min free then 2.50/h, 25.00 cap - capacity left blank, genuinely unpublished anywhere found including the developer HKM Bauprojektentwicklung's own site, which timed out/was unreachable). Contipark confirmed absent (no Leverkusen entry in their full ~400+ city link list scraped from contipark.de/de/parken/, and city-slug URLs 404); B+B Parkhaus confirmed absent (only Düsseldorf/Leipzig/Stuttgart/Ulm on their own site, consistent with all prior cities except those four); no distinctly DB BahnPark-branded facility found (bahnhof.de's Opladen/Mitte station pages only carry generic disabled-parking boilerplate, and the actual Opladen station-area garage is GBO-operated, not DB BahnPark). Pricing coverage: 7 of 8 have full hourly+daily pricing; only Karree im Dorf is missing capacity (pricing itself is complete for all 8). Coordinates: all 3 Q-Park + APCOA from embedded schema.org JSON-LD (zero geocoding needed); GBO, Rathaus-Galerie, and the two Schlebusch garages geocoded via one synchronous Nominatim loop - Rathaus-Galerie and GBO resolved to exact named POI matches, Schlebusch Arcaden/Karree im Dorf confirmed via street-level matches after an initial 'Im Dorf, Leverkusen' query returned a false-positive at an unrelated Lützenkirchen street of the same name (caught and corrected using the Arkadenplatz/Münsters Gäßchen street names instead)."
Lippstadt,done,"5 garages, full coverage of this ~67,000-population NRW town, cross-validated against the city's own official facility directory (lippstadt.de/.../uebersicht-parkplaetze-und-ladestationen, which explicitly categorizes 5 items as 'Parkhäuser' vs 29 open/on-street 'Parkplatz' locations under the uniform municipal on-street tariff - only the 5 structured garages were included, consistent with the project's 'garage' scope and prior-city precedent of excluding undifferentiated street-parking segments). Q-Park 1 (Parkhaus Woldemei, the town's only Q-Park facility per their own city page - 274 spaces, real facilityId API tariff 1.60/h + 5.00 daily cap, 2 EV charging spots confirmed via embedded schema.org amenityFeature JSON). APCOA, Contipark and B+B Parkhaus all confirmed absent as chain operators (zero Lippstadt matches in Contipark's and APCOA's own full sitemaps, APCOA's city-search endpoint 404s, B+B's city list has no Lippstadt) - EXCEPT that APCOA turns out to operate one facility locally without a public apcoa.de standort page: Tiefgarage Südertor (350 spaces, 130 surface + 220 underground combined into one listing per the city's own page, 30 min free then 1.00/h + 8.00 daily cap; confirmed via the city page's own Kontakt block listing service@apcoa.de and APCOA's Stuttgart HQ phone 0711/30570305 - real EV charging confirmed via a co-located 'Ladesäule Tiefgarage Cineplex' entry at the same Südertor 2 address). No dominant single local/municipal operator (unlike APAG/PSN/PBW-style cities) - instead 3 independent operators each running exactly one Lippstadt garage: GOLDBECK Parking Services GmbH (Parkdeck Mediamarkt / bahnhof.de's 'Lippstadt Südertor Carrée', 220 spaces, 1.50/h + 7.50 cap - cross-verified identical capacity/pricing on both the city's own page and DB's bahnhof.de station-parking page), Parkhaus Lippstadt GmbH & Co Am Markt KG (Parkhaus Mühlenstraße/Marktstraße, a genuine local single-site company confirmed via business-directory listings sharing its exact phone number with the city's official contact - 274 spaces, 1.70/h + 10.00 cap), and Lippegalerie Centermanagement (Tiefgarage Lippe-Galerie, the shopping-center garage - 196 spaces, 1.50/h + 10.00 cap; the city page's contact number for this one is a Düsseldorf 0211 line rather than the mall's own local Lange-Straße office, but no more specific parking-management company name could be confirmed, so kept under the confirmed center-management entity name rather than guessed). No distinct DB BahnPark-branded facility found beyond bahnhof.de's generic disability-parking boilerplate at Rixbeckerstr. 2 (consistent with the Aachen/Bielefeld pattern of that text not denoting a real commercially-branded DB BahnPark garage) - Lippstadt Hbf's actual nearby garages are Q-Park Woldemei and Goldbeck's Südertor Carrée, both already captured. Pricing coverage: 5 of 5 have confirmed real hourly+daily rates, all sourced directly from either Q-Park's live tariff API or the city's own official per-facility detail pages (not third-party aggregators, several of which were checked and found consistent but not relied upon). EV coverage: 2 of 5 (Woldemei, Tiefgarage Südertor). Nominatim blocked ('Access denied', consistent with prior cities) - fell back to Photon for the 4 non-Q-Park addresses in one synchronous loop, all succeeded first try; Q-Park's coordinates came from its own embedded schema.org GeoCoordinates. This closes out the seventh and final DE wave."
Lörrach,done,"8 garages, full coverage of the 8-9 Innenstadt-Parkhäuser Lörrach's own official parking page (loerrach.de) enumerates by name/address/capacity - used as the ground-truth checklist against which every operator site was cross-referenced. Q-Park 2 (Am Hauptbahnhof 678 spaces incl. 6 EV/Wallbrunn 540 spaces, both via embedded schema.org JSON-LD + live GetTariffsForFacility API, 2.70/h steady-state (0.90 per add'l 20min) / 18.00 daily cap - confirmed as the CURRENT Sept-2026 tariff via a local news article on the Gemeinderat's Sept-1-2026 fee increase, which named these exact figures as the new city-set rate for the 'Tiefgaragen rund um den Bahnhof sowie in Wallbrunn'; notably Q-Park's own 678-space 'Am Hauptbahnhof' facility is itself a merged Tiefgaragenverbund of three legally-distinct structures - a 2022 city press release confirms it combines the Rathaus-Tiefgarage (173, Stadtwerke Eigenbetrieb-owned, 12 EV chargers), the Bahnhofsgarage (324), and the 'Lö' building's garage (181) under one unified access/ticketing system that Q-Park administers on the municipality's behalf (Stadtwerke Lörrach owns/prices, Q-Park operates day-to-day) - recorded as a single Q-Park row rather than splitting out Rathaus separately, consistent with using each operator's own branded facility page as the unit of record). APCOA 1 (Galerie Am Alten Markt, 247 spaces incl. 4 EV, real schema.org GeoCoordinates + on-page tariff table, 2.10/h / 18.00 cap). B+B Parkhaus 2 (Burghof 305 spaces/Am Markt-aka-Tiefgarage Markt 100 spaces - Lörrach is a rare confirmed B+B city, found via their site-wide city dropdown then a per-city page with an embedded Google-Maps locations array giving exact lat/lon for both; tariffs are genuinely tiered not flat - Burghof 1.00€/half-hour for the first 3h dropping to 1.00€/hour from hour 4 (recorded the hour-4+ steady-state rate per Bielefeld precedent), 12.00 daily cap; Am Markt 1.50€/30min then 2.50€/hour steady-state, 15.00 cap; neither shows real EV - the site's one 'Ladeinfrastruktur' EU-funding badge is a site-wide footer graphic identical on every city page, not a per-facility EV indicator, and Lörrach is absent from B+B's own separate 'Städte mit E-Auto Ladestation im Parkhaus' city list). Contipark confirmed ZERO presence (empty search result, and Lörrach absent from all 969 URLs in contipark.de's own sitemap.xml, incl. its /de/parken/<city>/ facility-page pattern used by every other Contipark city). No single dominant municipal operator - instead the city's own page states Lörrach's garages are privately operated 'mit Ausnahme der Parkhäuser des Eigenbetriebs Stadtwerke, Rathaus und Landratsamt', and true to that the 2 remaining Innenstadt garages neither Q-Park/APCOA/B+B run turned out to be operated by their anchor tenants, not a city utility: GALERIA S.à r.l. & Co. KG (the former Karstadt department store operator) runs the attached 155-space Spitalstraße 4 Parkhaus (2.50 first hour/2.00 steady-state/20.00 cap/90 monthly - confirmed via Parkopedia's structured facility data, which carries the operator's own name+address+live rate table, not an AI summary), and Hieber's Frische Center KG (a regional supermarket chain) runs the 400-space Meeraner Markt garage at Marie-Curie-Straße 12 (0.80/20min=2.40/h steady-state, 16.00 cap, same Parkopedia-sourced structured data - Parkopedia's own listing shows 560 capacity for the combined Hieber's site, kept the city's dedicated 400-space 'Parkhaus Meeraner Markt' figure instead since that specifically names the public garage rather than the full supermarket footprint). Added a genuinely public but capacity-tiny 8th facility, the Landratsamt-Tiefgarage (Palmstraße 3, county-administration-building garage) - operator recorded as Landkreis Lörrach (the county, a distinct government tier from Stadt Lörrach); weekdays it's 16 staff-priority spaces 5:30-19:00, but the city's own Parkgebührensatzung PDF (fetched directly, official ordinance text) specifies a Saturday-only public tariff of 0.50/30min=1.00/h steady-state and a 5.00 daily cap for 79 spaces - used the Saturday figures as the genuinely public-facing capacity/price since weekday access is effectively staff-only. AI-search-summary skepticism paid off once: an initial web search wrongly conflated 'Meeraner Markt' tariffs with B+B's unrelated 'Am Markt' tariff table (same 'Markt' substring, different garages, different operators) - caught and replaced with Parkopedia's structured per-facility rate_table data instead. Zero Nominatim calls needed for 6 of 8 rows (Q-Park/APCOA JSON-LD, B+B's embedded Google-Maps locations array, Galeria/Meeraner Markt's Parkopedia entrance coordinates); 2 rows (Meeraner Markt street-level fallback, Landratsamt) geocoded via one synchronous Nominatim loop, both resolved cleanly first try, Landratsamt resolving precisely to the Landratsamt building itself. No Swiss/French cross-border operator found (AMAG Parking, Indigo/Vinci etc. absent) despite Lörrach's literal borders with Basel/Riehen (CH) and Village-Neuf (FR) - consistent with every other DE border city checked (Venlo, Sittard, Saarbrücken)."
Ludwigshafen,done,"13 garages: Q-Park 3 (all 3 listed for Ludwigshafen - Dammstraße, Otto-Stabel-Straße, BASF Medical Center), APCOA 1 (only 1 listed - Lusanum), Contipark 2 (all 2 Contipark-branded - Parkhaus Bürgerhof, Tiefgarage Pfalzbau), DB BahnPark 2 (Parkplatz Hauptbahnhof P1/P2, both hosted/booked via Contipark's own site with 'bahnpark' branded header images, per prior cities' precedent of DB BahnPark sometimes appearing through Contipark's platform), LUKOM (Ludwigshafener Kongress- und Marketing-Gesellschaft) 5 of 5 public-facing (Walzmühle, Bürgermeister-Grünzweigstraße, Mottstraße, Schillerplatz, plus BASF Pfalzgrafenstraße which is Dauerparker/permit-only with no short-term tariff) - identified as the dominant local/municipal operator (city-linked marketing/events company that also runs the public parking network); excluded 10 further LUKOM school/institution lots (Carl-Bosch-Gymnasium, Jäger-Postgebäude, Volkshochschule, etc.) that the site marks 'derzeit vollständig belegt' waitlist-only with no address, capacity or pricing published. B+B Parkhaus confirmed absent (checked bb-parkhaus.de/staedte, no Ludwigshafen listing - nearest B+B locations are across the river in Mannheim). Zero Nominatim calls needed for Q-Park/APCOA/Contipark/DB BahnPark (8 facilities) - schema.org JSON-LD GeoCoordinates on operator pages; 5 LUKOM addresses geocoded via one synchronous Nominatim loop (all resolved with named-building or amenity=parking matches, e.g. 'Walzmühle', 'Parkhaus Grünzweigstraße', 'BASF Parkhaus'). Pricing: 11 of 13 have confirmed real hourly+daily rates (Q-Park/Contipark/DB BahnPark clean hourly figures; LUKOM's 'first hour / each additional hour' 2-tier structure recorded as the steady per-additional-hour rate, consistent with prior-city convention). hourly_rate left blank for Q-Park BASF Medical Center (page explicitly states 'Keine Tarife verfügbar' - access-controlled facility, likely BASF staff/patients) and for APCOA Lusanum (only a 30-minute-increment tariff published, 1,70€/30min - not a clean hourly figure; kept its published 17,00€ Tagesmax./Parkscheinverlust as daily_cap) and for LUKOM BASF Pfalzgrafenstraße (Dauerparker/monthly-permit-only, no short-term rate). has_ev confirmed True only for the two Contipark garages (Bürgerhof has 11 charge points, Pfalzbau has 46, both with live-availability counters on-page); left blank for LUKOM Walzmühle despite a secondary news article claiming 2 free EV chargers there, since LUKOM's own official parken page makes no mention of EV charging at all - treated the secondary claim as unverified per the AI-summary skepticism rule. Excluded 'Parkhaus Rathaus-Center' (~1,000-1,100 spaces, prominently mentioned in secondary sources/AI search summaries) as unconfirmable: LUKOM's own site explicitly lists exactly 'insgesamt fünf' (five) facilities and Rathaus-Center is not among them, and the city's own ludwigshafen.de parking page rendered no static content (JS-only) to cross-check operator/capacity/pricing - a search-summary claim that LUKOM operates it directly contradicts LUKOM's own published list, consistent with the prior 'fabricated garage' caution. Ludwigshafen sits directly across the Rhein from Mannheim; kept strictly to Ludwigshafen addresses/postal codes (670xx) - no Mannheim facilities included despite some shared regional operators (Contipark, APCOA both also active in Mannheim)."
Lüneburg,done,"7 garages, full coverage. Q-Park 1 (City-Parkhaus, Neue Sülze 9, real facilityId API tariff 2.50/h, 15.00 cap, 265 spaces, 3 EV points - the only Q-Park facility listed for Lüneburg). Contipark and APCOA confirmed ZERO presence (Contipark's own city list only mentions the 'Lüneburger Heide' region for other cities, no Lüneburg slug exists; APCOA's city-search and direct URL both 404). B+B Parkhaus confirmed absent (DUS/Leipzig/Stuttgart/Ulm only). No distinct DB BahnPark-operated facility - bahnhof.de's own 'Parken' section for Lüneburg Hbf describes 'Lüneburg P+R Bahnhof' at Am Altenbrücker Ziegelhof 18 with 672 spaces and an 11.00 24h tariff, which is verifiably the SAME facility as Lüneparken's own 'Am Bahnhof' garage (identical address+capacity); DB BahnPark is only mentioned there as generic disabled-parking-rules boilerplate, not as operator, consistent with the Aachen precedent. Local dominant operator: Lüneparken GmbH (Lüneburger Parkhaus und Parkraum Verwaltungs-GmbH), the city's own municipal-garage operator since 2012, confirmed via both lueneparken.de and the Hansestadt Lüneburg's own official parken.html page - 4 facilities in Lüneburg itself (a 5th, Winsen/Parkhaus am Winsener Bahnhof, excluded as it's in Winsen not Lüneburg): Am Bahnhof (672 spaces/8 Ladesäulen-16 Ladepunkte EV), Am Klinikum (568/2 Ladesäulen-4 Ladepunkte EV, its own distinct tariff 1.50/h+10.00 cap), Am Rathaus (508/8-16 EV) and Im Lünepark (625/4 Ladestationen-8 Ladepunkte EV) - the latter 3 share one real tariff table (1.70/h + 11.00 cap, confirmed identical image embedded on all 3 garage pages, current as of Sept 2026 - a first-hour-free promo on the same document expired 31.12.2025). Im Lünepark's operator-published address ('Bockelmannstraße') resolves ~2km away in the separate village of Lüne and conflicts with the page's own '5 min walk to Innenstadt' claim - cross-checked via goingelectric.de's independent EV-charger registry and a second web search confirming the real entrance/address is Johannes-Gutenberg-Straße 3 (also accessible via Bockelmannstraße), next to the CinemaxX cinema; used the verified Johannes-Gutenberg-Straße address+coordinates instead. Two further genuinely independent single-site operators found via the Hansestadt's own parken.html and Lüneburg Marketing's lueneburg.info POI listings (not just aggregators): Parkhaus Stadtmitte (operator 'Jaskolla GbR', own domain parkhaus-stadtmitte-lueneburg.de, Bei der Ratsmühle 17 near the Wasserturm/Am Sande, 364 spaces on 3 levels, real tariff 2.00/h+15.00 cap, no EV) and Parkhaus Münzstraße (Am Berge 12, 214 spaces, real tariff 2.10/h+25.00 cap, EV points present but count unconfirmed - operated by Goldbeck Parking Services GmbH since Oct 2023 for owner Quantum/Hamburg, confirmed via both lueneburg.info's official listing and a Goldbeck press release; this is the same facility a low-quality aggregator mislabeled 'Parkhaus Karstadt' - the official city/operator name Münzstraße was used instead). One further lead, 'Parkhaus Kurzentrum (SaLü)' at the Salztherme/Kurzentrum (operator entity confirmed as 'Kurzentrum Lüneburg Kurmittel GmbH' via salue.info, its own primary site) was EXCLUDED: it's absent from both the Hansestadt's and Lüneburg Marketing's official comprehensive parking listings, only a guest-discount day-rate (1.50/day) could be confirmed from the primary source (no general public hourly rate), and AI search summaries gave 3 mutually-contradictory capacity figures (150/330/450) and wrongly attributed it to Lüneparken - excluded per the fabrication-skepticism rule rather than guessed at. Also excluded: several 'Parkplatz' (open-air, non-garage) entries on the city's own listing (Sülzwiesen, hinter der Sülzmauer, Marienplatz, Polizei, Reichenbachstraße) as informal/free surface lots, not competitive operator-branded garages. Nominatim blocked ('Access denied') for all requests this session; fell back entirely to Photon for the 5 addresses needing geocoding (Am Bahnhof, Am Klinikum, Am Rathaus, Stadtmitte, refined with house numbers where found) - Q-Park, Im Lünepark (via goingelectric) and Münzstraße (via lueneburg.info's own embedded lat/lon) needed no geocoding."
Moers,done,"18 garages: Q-Park 1 (C&A, on Dr.-Hermann-Bähr-Straße 3 - 140 spaces, real facilityId API tariff 2.00/h, 6.00 daily cap, no EV) and ENNI (Enni Stadt & Service Niederrhein AöR, the dominant local operator - confirmed via enni.de + moers.de, which states ENNI 'bewirtschaftet den Parkraum im Auftrag der Stadt Moers') 17, full coverage - found via a google-maps-marker block embedded in ENNI's own Parkplätze page giving exact data-lat/data-lng per facility, cross-validated against OSM/Overpass which independently carries the same city P-numbering scheme (P1-P18) with per-lot capacities that summed close to ENNI's stated '>2.500 Stellplätze' for the 12 city-center lots. Real per-lot hourly tariffs (2.00/1.50/1.00 across three zones) and the two daily-ticket-only lots (Mühlenstraße 1000 spaces w/ EV charging, and Friedrich-Ebert-Platz 300 spaces, both 4.00 Tagesticket since 15.07.2024) scraped from Stadt Moers's own Parkgebühren ordinance page, not estimated; Repelener Straße and Altstadt have no listed city tariff (left blank) and were NOT guess-mapped to a street-based zone. Two lots (Modecenter Braun/Parkhaus Braun 240 spaces, Grafschafter Passage 80 spaces) are private mall garages (OSM operator=Privat) with no published tariff, left blank. Excluded ENNI's own 'P6 Markthalle' (135 spaces) as a near-exact duplicate of the Q-Park C&A facility (same address/coordinates) to avoid double-counting. APCOA and Contipark confirmed ABSENT (sitemap greps, zero matches). B+B Parkhaus confirmed absent (generic /staedte/<any-slug> template returns 200 for nonexistent cities too - the Moers page's embedded map center wasn't even in Moers, confirming no real data). No DB BahnPark facility found - Moers Hbf's P+R lot is ENNI/Stadt-Moers-operated (Tarif E, 0.50/5h, confirmed via moers.de ordinance + OSM operator tag), despite bahnhof.de's generic page implying DB BahnPark (same pattern seen in Aachen). Note: Overpass main instance was down/timing out; lz4.overpass-api.de mirror worked."
Mönchengladbach,done,"17 garages: Q-Park 2 (all 2 in Mönchengladbach - Marktstieg, Peek & Cloppenburg - both real API tariffs, identical €1.70/hr €17 daily cap), Saba/Interparking 1 (Steinmetzstraße 46 - found via Contipark's own MG landing page, which lists ONLY this one external Saba-branded link and zero genuine Contipark-operated facilities; included as its own 'Saba' operator row, similar to how Berlin's precedent flagged a Saba link as external-not-Contipark, since it's a real standalone facility with real published pricing), B+B Parkhaus 2 (both MG locations - Oskar-Kühlen-Straße, Stepgesstraße/Minto Süd), ParkenMG 1 (Parkhaus Rheydt Marktplatz/Tiefgarage Rheydt Markt - the dominant local/municipal operator, a 100%-EWMG-owned subsidiary; per their own site this is currently their ONLY managed car-parking garage, unlike Frankfurt's PBG or Stuttgart's PBW multi-site networks), DB BahnPark 10 (all found via bahnhof.de's official station parking listings: Mönchengladbach Hbf 6, Rheydt Hbf 3, Mönchengladbach-Lürrip P+R 1), PPG-Nordpark 1 of ~9 (P8, the newest 400-space commercial/EV lot; PPG-Nordpark is an EWMG/Borussia-Mönchengladbach joint venture managing ~10,000 spaces across P1-P8 plus a Messe lot around Borussia-Park stadium, all sharing one stadium complex address and mostly match-day/event flat-fee parking [€7 football, €25 events, VIP passes] rather than distinct standalone garages - only P8, which has a genuine everyday commercial tariff and EV ultra-fast charging, was included as representative, consistent with Stuttgart's Messe/Flughafen sub-lot-cluster precedent). Contipark itself confirmed to have ZERO Mönchengladbach-operated facilities (their MG landing page lists only the external Saba link, nothing Contipark-branded). APCOA confirmed to have ZERO current Mönchengladbach presence (not in their live city directory list; one old 'Medical Center' page found via search is now 404/removed). 8 of 17 had a confirmed real published hourly rate (6 of those also with a daily cap); hourly_rate left blank for B+B's 2 garages (tiered 30-min-then-hourly structure, not a clean rate, but daily_cap kept) and for 6 of the smaller DB BahnPark open-air lots (10/15-minute increment tariffs only, no clean hourly rate or daily cap published - metered street-style lots, not true garages, but capacity kept). PPG-Nordpark P8's listed 1.50 hourly figure is the published first-hour rate of a tiered daytime tariff (1.50 first hour, 1.00/hr thereafter, 7.00 daily cap). Zero Nominatim calls needed for Q-Park/Saba/B+B (embedded schema.org/JSON coordinates); one synchronous Nominatim batch geocoded the 10 DB BahnPark station addresses, the ParkenMG address, and the Borussia-Park stadium address."
Mülheim an der Ruhr,done,"7 garages, full coverage of all confirmed operators. Q-Park 2 (both listed for Mülheim - Parkhaus Stadtquartier Schlossstraße 300 spaces and the adjoining Tiefgarage Stadtquartier Schlossstraße 200 spaces, same Ruhrstrasse 14 address/complex, branded 'Park One' on-site per the page's own 'Dies ist ein Parkobjekt der Park One GmbH' text; real facilityId API tariffs, both 1.50/h, 17.00 daily cap). APCOA 1 (Forum P1/TG, 746 spaces per their own schema.org maximumAttendeeCapacity and live page, 1.30/h, 17.00 cap - this is the same facility a shopping-center marketing page, forum-muelheim.de, separately describes as an 860-space garage at a different address/Hans-Böckler-Platz; treated as one facility and trusted APCOA's own authoritative figures over the mall's marketing page). Contipark confirmed ZERO presence - full sitemap of contipark.de's ~185 German cities has no 'muelheim-an-der-ruhr' entry; the only 'muehlheim'-slug facility on their site turned out to be in Mühlheim am Main (63165, Hesse, near Hanau) via live page text, not Mülheim an der Ruhr at all - a genuine spelling-collision trap, excluded. B+B Parkhaus confirmed absent (their own site only lists Düsseldorf/Leipzig/Stuttgart/Ulm). DB BahnPark confirmed NOT present as a distinct operator at Mülheim Hbf - bahnhof.de only has generic disabled-parking-permit boilerplate, no branded facility. Local/municipal operator identified: the city's own 'Betriebe der Stadt Mülheim an der Ruhr' (BTMH) directly operates all 4 city-center Tiefgaragen, day-to-day parking operations run by Vollmergruppe Parking / Ruhr-Park Parkhausbetriebs GmbH (Vollmergruppe is HQ'd in Mülheim; contact email on the city's own official Tiefgaragen page is @vollmergruppe-parking.de) - Schlossstraße (194 spaces), Synagogenplatz/Viktoriaplatz (142, connects underground to Schlossstraße), Rathausmarkt (90), and Stadthalle (157), all with real current tariffs scraped from the city's own page, effective from a tariff change on 01.08.2026 (bis 30min 1.00/bis 60min 2.00/each add'l hour 2.00, kept as hourly_rate=2.00 as the clean steady-state rate consistent with prior-city convention; daily caps 15.00 for three, 20.00 for Rathausmarkt). A 5th APCOA-attributed facility, 'Parkhaus Evangelisches Krankenhaus' (Wertgasse, ~155 spaces), was found on multiple third-party aggregators (parkinglist.de, parkopedia, oeffnungszeitenbuch) but is NOT listed on APCOA's own live official Mülheim standorte page (which shows exactly 1 result, Forum P1/TG) nor at any guessed URL slug - excluded as an unconfirmed/stale operator attribution per the fabrication-skepticism rule, rather than trusting the aggregators. Two open-air surface lots turned up via Vollmergruppe references ('Neue Mitte Broich', 'Parkplatz Ringlokschuppen') but aren't part of the city's own core paid-Tiefgaragen list and lack independently confirmed current capacity/pricing - excluded. Zero Nominatim calls needed for Q-Park/APCOA (coordinates direct from embedded JSON/schema.org); the 4 municipal garages (which publish no coordinates on the city's own page) were geocoded via one synchronous Nominatim loop against their real entrance-street addresses (Viktoriastraße, Synagogenplatz, Friedrich-Ebert-Straße, Bergstraße 1) - all succeeded first try. No EV charging confirmed at any of the 7 facilities (none advertise Ladestationen)."
München,done,"48 garages: Q-Park 26 (all 26 listed for München, incl. several ex-'Bavaria Parkgaragen'-branded sites like Schrannenhalle/Salvatorplatz/Pschorr now folded into Q-Park's own site), APCOA 18 (all 18 listed), Contipark 4 (all 4 listed). No distinct municipal/PBM operator found despite checking - Bavaria Parkgaragen GmbH, the local Munich player, appears fully absorbed into Q-Park's brand/site rather than operating separately, so not double-counted. 43 of 48 had confirmed real hourly+daily pricing (all 26 Q-Park via the facilityId tariff API, all 4 Contipark, 13 of 18 APCOA via static price tiles). 5 APCOA sites left blank: Allianz Arena and Messe München (event-dependent/redirect-to-venue pricing, no rate published), P&R Fröttmaning and P&R Messestadt Ost (park-and-ride lots, no per-hour rate shown), Isarklinikum Haupteingang (only a per-20-minute drop-off rate published, not a comparable hourly rate - left blank rather than converting). Lat/lon for every row came directly from schema.org JSON-LD on each operator's own page (no Nominatim geocoding needed - both Q-Park and APCOA/Contipark pages embed precise GeoCoordinates)."
Northeim,done,"2 garages, full coverage for this small town (~28k population) - confirmed a large real footprint was NOT expected, and it wasn't found. Q-Park 1 (Tiefgarage CityCenter, 528 spaces incl. 8 disabled/15 women's spots, 9 EV chargers, real facilityId live-API tariff: €2.00 first hour then €1.00/30min - a flat €2/h equivalent rate throughout - €10.00 daily cap; Q-Park took over this lease from prior operator 'CCC Coriander Constructing & Consulting GmbH' in March 2022 per a leinetal24.de/northeim-jetzt.de press report, confirmed still current via the live tariff API; northeim.de's own Stadthalle page is stale and still names the old CCC operator - not trusted over Q-Park's own live site). Independent 1 (Parkhaus Münsterzentrum, Zwinger 7 - a real, distinct, physically separate garage ~400m south of the Q-Park site near the Münsterplatz old-town square, confirmed via Google Maps as an unclaimed/unbranded listing with no website - operator name, capacity and pricing could not be found after extensive search incl. business-registry lookups, so left blank per real-data-only policy rather than trust an AI search summary that fabricated conflicting capacity/price figures, later re-confirmed as fabricated, for this exact facility). Ruled out: APCOA (own site search returns zero results for Northeim), Contipark (not in their own Standorte list), B+B Parkhaus (not in their city list), and DB BahnPark (bahnhof.de's Northeim station page has only generic legal-boilerplate BahnPark mentions, no operated facility, consistent with prior-city precedent). A third OSM-tagged 'multi-storey' building near a dental-practice cluster north of the Bahnhof was checked via Google Maps satellite view and is not a labeled/public parking facility - excluded as likely a private/residential structure. Helios Klinik Northeim's hospital car park (real published tariff: 1st hour free, then €1/h, €5 patient/€9 visitor daily cap) was found but excluded as a private clinic-visitor facility, not a public competitive garage, consistent with prior cities' hospital-campus handling. Zero Nominatim/Photon geocoding needed - Q-Park coordinates from embedded schema.org JSON-LD, Parkhaus Münsterzentrum's from its Google Maps place page."
Nürnberg,done,17 garages - Q-Park/Park One 1 (real API tariffs); Parkhaus Service Nürnberg (PSN, dominant local operator) 14 with real per-garage tariffs; Adlerparkhaus 1; VAG P+R Herrnhütte 1 (free w/ transit ticket, no commercial tariff). APCOA and Contipark confirmed to have NO presence in Nürnberg city itself (checked their site directories/search - only neighbouring Fürth/Erlangen/Augsburg). Capacity left blank for several PSN garages where only live "frei" counts are published, not true totals (used official city Tiefbauamt occupancy-system list for genuine totals where available). Parkhaus Theater closed indefinitely since a July 2026 vehicle fire but kept in dataset (real published tariffs).
Offenbach,done,"12 garages: Q-Park 2 (City Parkhaus/Geleitstraße 27 (=same building as the city directory's 'City Parkhaus/KOMM' listing at Kleine Marktstraße 2-4, confirmed by matching 543-space capacity), Marktplatz - both with real API tariffs via facilityId), APCOA 1 (City Tower, the only Offenbach location - confirmed via apcoa.de/parken/offenbach/ search results page), city-parking Deutschland GmbH & Co. KG 4 (Französisches Gäßchen, Haus der Wirtschaft, OFF City-Center, Parkhaus Messe Offenbach - all 4 confirmed via their own site's Offenbach category page, a mid-size private operator distinct from the majors, headquartered in Bavaria), Stadtwerke Offenbach 2 (Parkhaus Innenstadt run by their ESO Offenbacher Dienstleistungsgesellschaft subsidiary - the dominant local/municipal operator identified via web search; Parkgarage Hafenzentrum nominally run by their OPG Projekt GmbH subsidiary with Wemolo providing the barrier-free ANPR/payment tech), Sana Klinikum Offenbach 1 (hospital garage, no published short-term rate), Stadt Offenbach 1 (Parkdeck Händelplatz, ~280 spaces, genuinely free/gebührenfrei per the city's own site - hourly_rate and daily_cap set to 0 as real data, not an estimate), 1 unconfirmed-operator facility (Parkhaus PAM at Geleitsstraße 8-10, surfaced only via bahnhof.de's 'further parking facilities' aggregator widget for the Marktplatz S-Bahn station; couldn't independently confirm an operator name or capacity, two different hourly figures shown with no day/night label so left pricing blank). Confirmed Contipark has NO Offenbach presence (checked their site's Standorte page and city-specific search, no results). Confirmed B+B Parkhaus has NO Offenbach presence (not in their city list). Confirmed DB BahnPark has NO standalone/branded facility in Offenbach - the bahnhof.de station-parking pages for both Offenbach (Main) Marktplatz and Offenbach-Bieber are generic 'nearby parking' aggregators listing other operators' facilities (Q-Park/APCOA/city-parking/Stadtwerke), not DB BahnPark-operated ones; the Bieber S-Bahnhof P+R lot had no capacity or pricing data published anywhere so was excluded. 8 of 12 had confirmed real hourly+daily pricing (Q-Park x2, APCOA, city-parking x4 incl. Messe Offenbach's tiered-but-linear €3/hr rate derived from its 1hr/2hr/6hr price points, Stadtwerke Innenstadt, plus the genuinely-free Händelplatz lot); blank for Hafenzentrum (only a per-30-min rate and a night-only cap published, no clean hourly figure or full 24h daily cap), Sana Klinikum (rate only 'per automat', not published), and PAM Geleitsstraße (ambiguous two-tier rate, no capacity). One synchronous Nominatim batch (10 calls, 1.5s apart) geocoded every facility lacking embedded coordinates; Q-Park's two facilities used exact schema.org GeoCoordinates from their page source."
Pforzheim,done,"sixth wave - 8 garages (Q-Park 1 APCOA 1 Contipark 1 Park Service Hüfner 5); Park Service Hüfner is the same regional operator seen in Kaiserslautern; CSV completed by the research agent but its progress-file update was interrupted by a session rate limit, so this note was filled in directly from the verified CSV rather than the agent's own summary"
Remscheid,done,"12 garages, full coverage. Q-Park 1 (Allee Arkaden, 367 spaces incl. 7 disabled, real facilityId API tariff: first hour 1.30, each additional hour 1.50 - recorded steady-state 1.50 per precedent, 10.00 daily cap; publishes no house number for Bankstraße, kept as-is). APCOA 1 (Allee-Center, 910 spaces incl. 4 EV, confirmed as the only Remscheid result on their own search page, 1.40/h, 25.00 cap). Contipark 2, both found via their own 'Parkeinrichtungen in der Nähe' widget on the Engelspassage page and confirmed as genuinely distinct facilities (different schema.org coordinates ~40m apart, distinct Durchfahrtshöhe/EV data present only on one) despite sharing an identical published tariff and capacity: Tiefgarage Engelspassage (90 spaces, real EV - 14 points/11kW/€0.55 per kWh) and Parkplatz Engelspassage (90 spaces, no EV), both 1.10/h, 3.50 cap. The dominant local/municipal operator is Park Service Remscheid GmbH (PSR), a wholly-owned subsidiary of Stadtwerke Remscheid GmbH (confirmed via web search and PSR's own site footer 'Stadtwerke Remscheid Verbund') - all 6 of PSR's listed facilities included, found via their own site nav: Tiefgarage Rathaus (400 spaces, real EV, Fastenrathstraße 1), Parkhaus Am Markt (100, Kirchhofstraße 8), Parkhaus Daniel-Schürmann-Straße (225, Daniel-Schürmann-Straße 29), Parkplatz Daniel-Schürmann-Straße (35, same street no. 16), Theaterparkplatz (50, real EV, Scharffstraße 5), and Parkhaus Altstadt Lennep (120, Hardtstraße 17, in the separate Lennep district ~5km east) - all 6 share an identical published tariff structure (1.00 first hour / 1.50 each additional hour, recorded as hourly_rate 1.50 per the steady-state convention) but genuinely different daily caps (15.00/8.00/15.00/15.00/15.00/10.00) scraped individually from each facility's own price table. Two DB-station-area facilities found via bahnhof.de, treated differently per source strength: Parkpalette Bahnhof Lennep (Bergstraße 6, 120 spaces) carries a real ticket-machine tariff (1.50/h) directly published on DB's own station page and web-search corroboration naming DB BahnPark GmbH as operator of this facility type - recorded as DB BahnPark. P+R Hauptbahnhof Remscheid (Prešover Straße 20, 230 spaces) by contrast has NO published tariff on DB's page (just the generic disability-parking boilerplate, insufficient alone per the Aachen-precedent rule) and Parkopedia independently lists its operator as 'Stadt Remscheid' with price 'Free' - corroborated by a 2019 city press release (via waterboelles.de) explicitly naming 'das städtische Gebäudemanagement' (the city's own facility management) as responsible, and a 2025 rga.de article reporting the city *plans* to transfer its operation to PSR (not yet done) - recorded as Stadt Remscheid, free (0.00/0.00), rather than DB BahnPark. B+B Parkhaus confirmed absent (only Düsseldorf/Leipzig/Stuttgart/Ulm on their own site). Contipark's Remscheid city-search page itself 404s (redirects to a Next.js not-found page), confirming no additional Contipark presence beyond the 2 found via the cross-link widget. No Nominatim calls succeeded this session ('Access denied' on all 7 requests) - fell back entirely to Photon for the 7 addresses needing geocoding (PSR's 6 facilities plus the P+R Hauptbahnhof lot); Q-Park/APCOA/Contipark's 4 facilities and the DB BahnPark Lennep facility had lat/lon direct from embedded schema.org JSON-LD or Photon single-shot lookups. Remscheid-Güldenwerth station's bahnhof.de parking page 404s (no facility there)."
Rosenheim,done,"20 garages, full coverage. Q-Park 1 (MedicalCube, only Q-Park facility listed for Rosenheim, 198 spaces incl. 15 EV points, real facilityId API tariff: first hour 1.50, each additional hour 2.00, 16.00 daily cap). APCOA confirmed ZERO presence (their city-search alphabetical directory lists Ratingen/Remscheid/Reutlingen/Rheine under 'R' but no Rosenheim). Contipark confirmed ZERO presence in Rosenheim itself (their own site's location search returns only one nearby result, a P+R lot in Bad Endorf ~20km away - excluded as a different town, not Rosenheim). B+B Parkhaus confirmed absent (only Düsseldorf/Leipzig/Stuttgart/Ulm on their own site). The dominant local/municipal operator is VKR (Veranstaltungs- + Kongress GmbH, the city's own events/venues company, contact parkhaeuser@vkr-rosenheim.de) which runs the entire 'Parkleitsystem Rosenheim' - 17 of the 20 facilities, all P-numbered, found via the city's own live citymap JSON API (rosenheim.de/api/citymap/markers.json?category=21&pid=544) which gave exact lat/lon and capacity for every facility directly, zero Nominatim geocoding needed. Two P-numbers found in an older third-party listing (stadttipps-rosenheim.de) turned out to be stale/decommissioned and were excluded per the fabrication-skepticism rule: P3 Rathaus (its own city page 404s, though a same-named EV charging station still exists there) and P19 Klinikum (no page, absent from the live API, likely folded into P9 Am Klinikum) - both confirmed gone via direct URL checks, not just omission. One VKR facility, P13 Papinstraße (50 spaces, open/unbarriered lot), is dual-listed on DB's own bahnhof.de as 'Rosenheim C&A Parkplatz' with bahnhof.de's accessibility clause explicitly naming 'DB BahnPark GmbH' as operator of exactly this type of unbarriered facility - recorded as DB BahnPark given that direct DB-sourced attribution, despite also appearing in the city's Parkleitsystem. P15 Luitpoldhaus (35 spaces) is operated by city-parking (city-parking.de, the same operator chain seen in Augsburg), confirmed via web search of the operator's own portfolio page, though capacity/tariff were cross-checked against the city's page since city-parking.de's own page carried no independent capacity/tariff text. Pricing coverage: real daily caps for 14 of 20 (from rosenheim.de's own published tariff tables); clean hourly rates recorded for 6 (MedicalCube 2.00, P8/P11 Beilhack twin garages 2.00 - both have a genuinely linear €2/hour-after-a-free-half-hour structure, P14 Posthöfe 1.00 flat-per-hour, P22 Prinzregentenstraße 2.00 daytime-only, P15 Luitpoldhaus 1.00 steady-state additional-hour rate); hourly_rate left blank for the 7 'standard VKR schedule' garages (P1/P2/P4/P7/P9/P12/P20, all sharing an identical free-first-hour-then-30-minute-increment schedule that isn't a clean single hourly figure) and for P6 Salinplatz/P10 Stadtcenter/P13 Papinstraße (each its own non-linear 30-minute-increment schedule) per the leave-blank-for-sub-hourly-tariffs rule, though their real fixed daily caps (12.00/8.00/19.00/12.00 respectively) were kept. P18 Eisstadion and P21 Luitpoldhalle are genuinely free (0.0/0.0, confirmed 'gebührenfrei' on their own city pages). P+R Klepperstraße is a flat 1.00/24h P+R lot (recorded as daily_cap). No EV charging found at any of the 17 VKR/DB BahnPark/city-parking facilities (cross-checked against the city's own separate EV-charging-station category in the same citymap API - none of its 6 standalone charging locations coincide with any catalogued garage address); only Q-Park's MedicalCube has confirmed EV (15 points)."
Rüsselsheim,done,"6 garages, full coverage of every operator found. Q-Park confirmed to have literally ONE listing for Rüsselsheim, but it isn't Q-Park-operated: the page's own schema.org description reads 'Dies ist ein Parkobjekt der Bavaria Parkgaragen GmbH' (Q-Park just co-markets/books it) - recorded under the real operator, Bavaria Parkgaragen GmbH, a Munich-based chain otherwise concentrated in München/Berlin/Dresden/Landshut with exactly this one Hesse outlier: City Forum Eichsfeld, Ferdinand-Stuttmann-Straße 7, 517 spaces (cross-confirmed via Q-Park's embedded JSON-LD geo, Parkopedia's operator-fed dataset, and Bavaria's own facility page's real tariff table - 2.50/h, 20.00 daily cap, 119.00/month all three agreeing). APCOA confirmed to have ZERO current live presence despite plausible-looking search hits: apcoa.de/parken/ruesselsheim/ 404s and the city isn't in APCOA's own directory listing; the 'Löwenplatz'/'An der Festung APCOA' hits that surface in search are stale directory entries and an old Dauerparken (long-term-permit) product page predating a 2025 operator change - not evidence of an active APCOA facility today. Contipark and B+B Parkhaus both confirmed absent (not in Contipark's own 139-location 'near me'/city-page set, no Rüsselsheim page exists; B+B's city list is unchanged from prior cities' absence). DB BahnPark also confirmed absent - bahnhof.de's own Rüsselsheim station-parking page lists facilities generically with no DB BahnPark branding anywhere for this city, unlike neighboring Wiesbaden's explicitly DB-BahnPark-tagged lots. The dominant local operator is ALPINA Parking Rüsselsheim GmbH (Munich-based contractor, operating agreement signed March 2025, live since Aug/Sept 2025) which took over all 3 of the city's own municipal garages from the city itself: Parkhaus An der Festung (242 spaces, 1.00/h, 5.00 cap), Park&Ride-Parkhaus Grabenstraße/Bahnhof (233 spaces, 1.50/h, 7.00 cap), Tiefgarage Löwenplatz (267 spaces, 1.50/h, 8.00 cap) - all real prices/capacities taken directly off the city's own official FAQ price table (ruesselsheim.de), not an aggregator; older third-party listings (Parkopedia, APCOA's stale pages) still show pre-changeover capacity figures (412/348) for An der Festung/Löwenplatz that the city's own current page contradicts (242/267) - used the city's own fresher numbers. Also found and included: Autowerk RM GmbH's F25 Parking (Darmstädter Straße 55, an ex-Opel-plant building repurposed as a 330-space garage, 1.40/h, 12.00 cap, confirmed both on the operator's own site and bahnhof.de) and one small city-direct (Stadt Rüsselsheim, not ALPINA) open-air station-area lot, Elisabethenstraße 2 (32 spaces, 0.50/30min = 1.00/h equivalent, 3h max stay so no daily cap, via Parkopedia's operator-sourced feed). Excluded as out-of-scope: a 'Mein-Flughafenparkplatz-Frankfurt P2' listing at Marktstraße 40 - this is an off-site park-and-fly shuttle product for Frankfurt Airport (fenced lot + shuttle bus, not a city-center competitive garage), and dozens of 2-4-space on-street 'Stadt Rüsselsheim' bays scattered citywide (not garages/lots). 5 of 6 have full real hourly+daily pricing; Elisabethenstraße has a real linear rate but no daily cap (short max-stay lot). No EV charging confirmed at any of the 6. One synchronous Nominatim batch geocoded An der Festung/Grabenstraße/Löwenplatz/F25 Parking; City Forum and Elisabethenstraße used embedded Q-Park/Parkopedia coordinates directly."
Saarbrücken,done,"26 garages: Q-Park 7 (all 7 listed for Saarbrücken, incl. Am Schloss/Beethovenplatz/Cine-Star/Lampertshof/Neue Mitte/Staatstheater/Westspange - note Q-Park's own 'Rathaus' garage is no longer on their site, confirmed via web search it was transferred to KBS as of Oct 31 2025, so correctly excluded here and included under KBS instead), APCOA 2 (all 2 listed - Europa Galerie 1050 spaces, and a small 44-space Grülingstraße 10 tenant lot with no public tariff, consistent with small unpriced APCOA lots seen in other cities), DB BahnPark 6 (all 6 Hauptbahnhof-area P1/P2/P4/P5/P7/P9 facilities, confirmed DB BahnPark-branded via web search and bahnhof.de despite being hosted/priced on Contipark's own site and domain - same pattern as Bonn; P9 is the only one with EV charging, 0.54EUR/kWh). Dominant local/municipal operator identified: KBS - Gesellschaft für Kommunalanlagen und Beratung Saarbrücken mbH (until a 1990s rename, literally 'Parkhausgesellschaft Saarbrücken', city-owned via Saarbrücker Immobilienverwaltungs- und Baubetreuungsgesellschaft) - 11 facilities, full coverage: Parkhaus Rathaus (563, newly acquired from Q-Park), Parkhaus Hauptbahnhof (574), Parkhaus Congresshalle (370), Parkplatz Roonstraße (290), Parkplatz Brauerstraße/P27 (187), Parkplatz Schützenstraße/P26 (130), Parkplatz Lebacher Straße (62), Parkplatz Stromstraße/P24 (110), Parkplatz Dudoplatz (177, hourly rate left blank - only 10-minute-increment tariff published, but daily cap kept), Tiefgarage Dudweiler (437), Parkplatz Willi-Graf-Ufer (47, Dauerparker/permit-only, no public short-stay tariff at all). No French operator (Vinci Park/Indigo) found despite the border proximity - one stale aggregator listing mentioned 'Vinci Park Karstadt Bahnhofstraße' but could not be independently confirmed on any live operator site and was excluded per the fabrication-skepticism rule; likely outdated/incorrect data. B+B Parkhaus absent (no Saarbrücken presence found, as in most cities checked). KBS's own site had a copy-paste bug reusing Brauerstraße's address block on the Schützenstraße page; cross-checked and corrected via web search (Schützenstraße is P26, a separate nearby street) and OSM/Photon geocoding, which additionally surfaced an exact 'Parkplatz Brauerstraße' POI on OSM confirming its real address is technically on Schützenstraße itself (the two garages are directly adjacent). All 11 KBS coordinates came from OSM/Photon geocoding (one Photon call per address, 1.5s throttle; Nominatim rejected the request with 'Access denied' so fell back to Photon as instructed) since KBS's WordPress site embeds no coordinates; all other 15 rows (Q-Park/APCOA/DB BahnPark) got lat/lon directly from embedded JSON-LD/Next.js data on the operators' own sites, zero geocoding needed. Two smaller single-facility operators noticed but not included in detail: GOLDBECK Parking Services (City Parkhaus P10, Hafenstraße 25a) and GIU - Gesellschaft für Innovation und Unternehmensförderung (Parkhaus Europaallee P16) - each operates just one facility, unlike KBS's 11, so left for a future pass if finer coverage is wanted. 23/26 rows have a clean hourly_rate; 24/26 have a daily_cap. UPDATE: both single-facility operators researched and added, now 28 garages total. GB01 City Parkhaus P10 (GOLDBECK Parking Services) confirmed real via GOLDBECK's own public gps-opg JSON API (goldbeck-parking.de/api/gps-opg/city and /parking-unit/7117, facility id 7117) which returned exact coordinates, capacity (171), and a real rate table (2.50EUR/h, 25.00EUR daily cap, Hafenstraße 25a); no EV feature listed in its feature flags so has_ev left blank. GI01 Parkhaus Europaallee P16 (GIU) confirmed real via GIU's own page (giu.de/giu/parkhaus-europaallee) plus independent corroboration from the City of Saarbrücken's official parking page and the goingelectric.de EV-charging database (6 charge points, free for garage users) - capacity 455. Tariff is a 30-minute-increment structure (1.00EUR/30min then 2.00EUR/60min per GIU's own page) rather than a clean flat rate, so hourly_rate left blank per convention while daily_cap (10.00EUR first day) is kept. Note: GIU's own page and the city's official page both list the facility's 'address' as Nell-Breuning-Allee 8, 66115 - but OSM/Photon geocoding showed this resolves to GIU's own corporate headquarters office in Burbach, ~3km from the actual garage, not the garage itself. Used the garage's real physical address/coordinates instead (Europaallee 16, 66113, 49.2421839/6.9895433 - matches the P16 naming, an OSM-tagged 'Parkhaus Europaallee' amenity, and goingelectric.de's independently listed address/coordinates for its EV chargers inside this garage)."
Stuttgart,done,"44 garages: Q-Park 2 (all - Cannstatter Carré and Kleiner Schlossplatz/BW Bank; Q-Park barely has a presence in Stuttgart), APCOA 21 (of 34 total listed - included all 17 standalone genuinely-distinct locations, plus 1 representative pick each from 3 clusters of same-address sub-lots: SI-Centrum Tiefgarage P2 (of 4 SI-Centrum P1/P2 underground levels, all sharing one address), Messe Stuttgart P20 (of 5 Messe P20-P26 sub-lots, all sharing one address), and Flughafen P0 + P2 (of 8 airport P-lots, all sharing one address) - skipped the remaining near-duplicate sub-lots since they're the same physical complex under different numbers, not distinct competitive sites), Contipark 1 (Tiefgarage Hauptbahnhof LBBW P1 - the only genuinely Contipark-branded facility), DB BahnPark 5 (station car parks listed via Contipark's site but explicitly DB BahnPark-branded: Bad Cannstatt Wilhelmsplatz, Zuffenhausen P1/P3, Vaihingen P1/P2), B+B Parkhaus 5 (all 5: Kronprinzstraße, Gerber Viertel, Stadtmitte, Hauptbahnhof, König-Karl-Passage), PBW (Parkraumgesellschaft Baden-Württemberg) 10 of ~120 in Stuttgart - the dominant municipal-adjacent operator (confirmed via pbw.de, similar role to Frankfurt's PBG), picked central Kulturmeile/government-district landmark garages for a representative sample given the scale. 41 of 44 had confirmed real hourly+daily pricing; blank for APCOA P0 Flughafen (first hour free on entry day + 30 daily cap only, no simple hourly rate), Contipark/DB BahnPark Vaihingen P2 (reservation-only reserved spaces, no published rate), and PBW Jägerstraße 56 (permit/state-employee only, no short-term rate). Geocoded via Nominatim; reused matching coordinates from a prior partial attempt's leftover scratch file for addresses that matched exactly, geocoded the rest fresh."
Wiesbaden,done,"22 garages: Q-Park 1 (Parkhaus Lili, 1101 spaces, real facilityId API tariff), Contipark 2 (Tiefgarage Kurhaus, Tiefgarage RheinMain CongressCenter RMCC), DB BahnPark 6 (all station-area lots at Mainz-Kastel and Hauptbahnhof, listed via Contipark's own site with explicit DB BahnPark branding), B+B Parkhaus 1 (Parkhaus Justiz-Verwaltungs-Zentrum, 511 spaces), Lilienparken/WiBau (municipal operator, new Dec-2025 city-garage brand replacing the old wibau-wiesbaden.de site which now redirects wholesale to parken-in-wiesbaden.de/lilienparken.de) 9 - all 9 found via lilienparken.de's full facility list, and GWW Wiesbaden (Wiesbadener Wohnbaugesellschaft, a housing-company operator running 3 public-access garages listed on the same Lilienparken page) 3. APCOA confirmed to have ZERO presence in Wiesbaden (checked their full sitemap of ~90 German city slugs - no wiesbaden entry at all, unusual given APCOA's presence in every other German city done so far). 18 of 22 had confirmed real hourly+daily pricing; blank for Contipark/DB BahnPark Mainz-Kastel P2 (closed for construction until ~end of 2027, no tariff currently published) and P4 (Dauerparker-only lot, monthly rate only, no short-term tariff). Capacity left blank for 10 facilities (all 6 DB BahnPark lots, Warmer Damm, Elsässer Platz Parkplatz, Weidenborn, and all 3 GWW garages) where no published total was found despite searching; Paulinenhang's capacity (130) is published as 'rund 130' (approximate, kept as-is). Lilienparken's Elsässer Platz Parkhaus (429 spaces) is notable - every single space has its own EV charging point, one of the largest all-EV garages seen in this project. Coordinates: Q-Park/Contipark/DB BahnPark all from embedded schema.org JSON-LD; B+B from an embedded Google Maps link; all 12 Lilienparken/GWW addresses geocoded via one synchronous Nominatim loop (no schema.org coords published on lilienparken.de)."
Witten,done,"7 garages, full coverage of identifiable off-street facilities: Q-Park 1 (City-Passage, only Q-Park listed for Witten, real facilityId API tariff: 0.50/30min then 1.00/h, 8.00 daily cap, 101 spaces from embedded schema.org JSON-LD). APCOA confirmed ZERO presence (not in their 80+ city list - checked directly on apcoa.de). Contipark confirmed ZERO true Contipark-branded presence - their own site search for Witten returns only 1 result, 'Saba Parkhaus Stadtgalerie', which is an external SABA/Interparking-operated link (confirmed by the click-through going to sabaparking.com), consistent with Berlin/Bielefeld/Köln precedent of excluding such cross-listed SABA facilities from the Contipark count - included it instead as its own operator 'Saba Parking' (441 spaces, real tariff 1st hr 2.00/2nd hr 3.00/additional 1.00, 12.00 daily cap, all confirmed directly from sabaparking.com's own facility page). B+B Parkhaus confirmed absent (not searched further, consistent with it only covering DUS/Leipzig/Stuttgart/Ulm). DB BahnPark: bahnhof.de's Witten Hbf parking finder lists 3 nearby facilities (City-Passage, Novum, Stadtgalerie) purely as station-adjacent options - none are DB BahnPark-branded or operated, confirming DB BahnPark has no real presence, consistent with several prior cities. No single dominant local/municipal chain exists in Witten (unlike PSN/PBW/APAG-style cities) - instead the market is split across distinct independent operators, cross-verified via bahnhof.de, parkopedia.de's live facility pages (each showing operator company name/phone), and primary sources: GOLDBECK Parking Services/GPS (Parkhaus an der Uni, Alfred-Herrhausen-Straße 45 - 600 spaces confirmed via city of Witten's own tariff page + Goldbeck's own press release, 1.50/h, 15.00 daily cap, 4 real EV points installed by Stadtwerke Witten), Sparkasse Witten (Parkhaus Sparkasse, Ruhrstraße 45 - 79 spaces, first 30min free then 2.00/h, real EV charging confirmed both on parkopedia and as a separate 'Stadtwerke Witten Charging Station' POI at the same address on Google Maps), Immobilien-Gallery GmbH (Parkhaus NOVUM, Bergerstraße 42 - 450 spaces, 1.00/h, 5.00 daily cap per parkopedia's own pricing table - note a conflicting 380-space/15.00-cap figure from the aggregator next-parken.de was discarded in favor of parkopedia+bahnhof.de's converging 450 figure), St. Elisabeth Gruppe GmbH (Tiefgarage Marien-Hospital, Marienplatz 2 - capacity genuinely unpublished/left blank rather than guessed, real tariff 1.00/2.00/1.50-additional/7.50 cap), and Kulturforum Witten, i.e. the city's own culture-venue operator (Parkplatz Saalbau/Haus Witten, Bergerstraße 25 - 300 spaces, confirmed directly on kulturforum-witten.de's own Anfahrt&Parken page, 1.20/h, 6.00 daily cap, real EV charging - 2 connectors, free with parking card). Caught one fabricated/stale garage per the standing skepticism rule: 'Parkhaus Galeria Kaufhof' (Breddestraße) appears on multiple aggregators (next-parken.de, parkinglist.de, goyellow.de) with a specific capacity (265) and tariff, but the Witten Galeria Kaufhof store itself closed years ago and the building is now vacant/under redevelopment (construction starting 2026, per September 2026 press coverage) - Google Maps has no record of any parking facility at that address, and Parkopedia's live, comprehensive Witten facility list (60+ entries covering even small residential/store lots) has no Kaufhof/Breddestraße entry at all - excluded as stale/defunct rather than included on aggregator say-so alone. Coordinates: Q-Park from embedded schema.org JSON-LD; the other 6 from one synchronous Nominatim geocoding loop (all succeeded first try, including exact hospital-building and arts-centre-building matches for Marien-Hospital and Saalbau)."
Wuppertal,done,"16 garages, full coverage across all 6 target operator categories: Q-Park 1 (City Plaza - Q-Park barely has a presence in Wuppertal, only 1 garage listed on their site), APCOA 1 (Neumarkt - similarly minimal, only 1 facility in APCOA's own sitemap for Wuppertal), Contipark 5 (Hofkamp, Hofaue City, Islandufer Sparkasse, Alter Markt, Johannisberg - all 6 facilities on Contipark's Wuppertal search initially included a 6th, Parkhaus Bundesallee P1, which per the official bahnhof.de station-parking listing and a golocal business listing is actually DB BahnPark-branded despite being hosted on Contipark's own site, so it was split out as its own DB BahnPark row, consistent with the Hannover/Stuttgart precedent), DB BahnPark 1 (Bundesallee P1, at Wuppertal Hbf), B+B Parkhaus 4 (Bergstraße, Kleine Klotzbahn, Teijin, Wilbergstraße - all 4 listed on bb-parkhaus.de's Wuppertal city page; none publish a capacity figure, only per-hour/daily rates, and none have EV charging), and WSW mobil GmbH (Wuppertaler Stadtwerke, the dominant local/municipal operator - identified the same way PSN/PBW were found for Nürnberg/Stuttgart) 4 (Parkhaus Hauptbahnhof at Döppersberg 53 - a separate facility from Q-Park's City Plaza and Contipark's Hofaue City despite being nearby -, Parkhaus Stadthalle and Parkplatz Stadthalle as two distinct facilities sharing one address/Südstraße 26, and Parkplatz Carnaper Platz in Barmen). 15 of 16 had confirmed real hourly+daily pricing; the 4 B+B Parkhaus lots have real hourly/daily rates but no published capacity (left blank, consistent with prior-city precedent for lots that only show live counts, not totals). 2 of 6 Contipark/WSW garages have real EV charging (Contipark Hofaue City, 19-20 charge points; WSW Parkhaus Hauptbahnhof, 4 points; WSW Parkhaus Stadthalle, 2 points). All coordinates came directly from embedded JSON-LD/map-center JS (Q-Park, APCOA, Contipark, B+B) or from Nominatim (WSW's 3 unique locations only - single synchronous curl+sleep loop, no rate-limit issues). Surprising finding: Wuppertal's Q-Park and APCOA presence is nearly negligible (1 garage each) compared to every other German city studied so far, while the municipal WSW and regional Contipark dominate the CBD/Hauptbahnhof area."
