city,qpark_facilities,status,notes
Albi,3,done,"All 3 Q-Park facilities matched exactly to Q-Park's own Albi city page (Jean Jaurès Centre-Ville, Marché Couvert, Vigan). FacilityId GUIDs + schema.org geo/streetAddress/maximumAttendeeCapacity/amenityFeature scraped per facility page; live tariffs via GetTariffsForFacility API, all 3 returned identical pricing (EUR1.50/hr, EUR16.60/24h), captured 26 Sep 2026. Capacities 250-558 spaces. EV charging confirmed at all 3 sites (4-20 spots each). No Indigo (indigoneo.fr /fr/parking-cities ~89-city list - Albi absent) or Effia (effia.com/toutes-les-villes 14-city list - Albi absent) presence found; APCOA (apcoa.fr) connection failed as in every other French city checked in this project. Q-Park is the sole operator identified."
Annecy,1,done,"1 Q-Park facility (Nouvelles Galeries, 554 spaces, EUR1.20/hr EUR12.90/24h, EV charging). No Indigo/Effia/APCOA presence found (absent from both operators' full city listings; APCOA TLS handshake fails as in every other French city)."
Annemasse,7,done,"All 7 Q-Park facilities matched exactly to Q-Park's own Annemasse city page (FacilityId GUIDs + schema.org geo/streetAddress/maximumAttendeeCapacity/amenityFeature scraped per facility page, live tariffs via GetTariffsForFacility API - all 7 returned live pricing, captured 26 Sep 2026). Capacities range 71-634 spaces (Libération largest at 634, Sémard smallest at 71, next to the SNCF station alongside Étoile Gare). Pricing: 7/7 facilities have live hourly/24h tariffs (EUR1.40-2.00/hr, EUR14.60-18.00/24h; 4 facilities share an identical EUR1.60/hr, EUR18.00/24h tariff group; 2 share EUR2.00/hr, EUR14.60/24h; Sémard is uniquely EUR1.40/hr, EUR14.60/24h) - full pricing coverage, no blanks. EV charging confirmed via 'Electric Charging Spots'/'Electric charging point' schema fields at 4/7 sites (Chablais Park, Étoile Gare, Hôtel de Ville Montessuit, Libération); the other 3 (Clos Fleury, Place des Marchés, Sémard) have explicit amenityFeature lists with no EV entry, stored as False rather than blank since presence/absence was checked for every facility. Note: the Q-Park page for 'Liberation' has a stray <title> tag reading 'Stationner à Paris' (template bug on Q-Park's own site) but its embedded address/geo (4 Place de la Libération, 74100 Annemasse, 46.192767/6.235742) confirm it is the genuine Annemasse facility, not a mislabeled Paris one. No competing operator found despite Annemasse's border-with-Geneva location: Indigo (indigoneo.fr/fr.parkindigo.com - the /villes/annemasse path 301-redirects to the bare homepage, and Indigo Neo's own full city list, a short list of ~8 major landmark/station locations, does not include Annemasse) and Effia (effia.com/toutes-les-villes full city listing - Annemasse absent; direct URL guess effia.com/parking-gare-annemasse also 404s despite Annemasse having an SNCF station) both confirmed absent; APCOA (apcoa.fr) redirects to unrelated APCOA Denmark content as seen repeatedly elsewhere in this project. No Swiss-headquartered cross-border operator found either (quick check only, as expected given Annemasse is French municipal territory distinct from Geneva/Genève parking authorities). The city's own official site (annemasse.fr) returned HTTP 403 (anti-bot, same pattern as other French cities in this project) so could not be checked directly for a municipal/other operator, but no independent evidence of one surfaced. Q-Park is the sole real operator identified for this city."
Antibes,6,done,"All 6 Q-Park facilities matched exactly to Q-Park's own Antibes city page (FacilityId GUIDs + schema.org geo/streetAddress/maximumAttendeeCapacity/amenityFeature scraped per facility page, live tariffs via GetTariffsForFacility API - all 6 returned live pricing groups, captured 26 Sep 2026). Capacities range 192-569 spaces (Pré aux Pêcheurs largest at 569, Médiathèque smallest at 192). Pricing: 3/6 facilities (Jean-Marie Poirier EUR4.00/hr-EUR38.00/24h, Palais des Congrès EUR2.90/hr-EUR35.00/24h) or blank-hourly (Frères Olivier, La Poste, Pré aux Pêcheurs) have a clean simple hourly rate; the other 3 (Frères Olivier, La Poste, Pré aux Pêcheurs) use a 'first hour free then flat 6h/24h' structure with separate basse/haute saison (low/high season) tariff tables - the 6h price varies by season (EUR21.00 vs EUR22.50) but the 24h price is identical both seasons (EUR42.90), so hourly_rate was left blank per methodology while the fixed 24h daily_cap was kept. Médiathèque has an unusual day-of-week-dependent tariff (near-free Mon/Tue/Thu/Fri, fully free Wed/Sat/Sun outside Jul/Aug up to 1h) with no 24h tariff published at all, so both hourly_rate and daily_cap left blank. Palais des Congrès postal code is 06160 (Juan-les-Pins ward) rather than 06600, but addressLocality in its own schema.org data confirms 'Antibes' - same commune. EV charging confirmed via 'Electric Charging Spots' count or 'Electric charging point' schema fields at 4/6 sites (Frères Olivier, Jean-Marie Poirier 20 spots, La Poste 17 spots, Pré aux Pêcheurs 31 spots; Médiathèque 10 spots); only Palais des Congrès has no EV amenity listed, stored as False. Oddity: Pré aux Pêcheurs' page <title> and schema.org 'name' field read 'Port d'Antibes' rather than the URL-slug facility name, but its embedded address (20 Avenue de Verdun) and geo (43.58379/7.125817) confirm it is the same genuine facility, not a mislabeled sibling (template-naming quirk, same pattern as Annemasse's stray title bug). No competing branded operator found: Indigo (indigoneo.fr /fr/parking-cities full city list of ~89 cities - Antibes, Nice, Cannes and Toulon are all absent, confirming no Riviera presence via this brand) and Effia (effia.com/toutes-les-villes - Antibes absent from the live 'ville' list; direct URL guess effia.com/ville/antibes redirects to a gated 'antibes-non-publie' (antibes-unpublished) staff-login page, implying an Antibes page exists in Effia's CMS but is not live/public) both confirmed absent; APCOA (apcoa.fr) failed at the TLS handshake level (SNI rejected) as in every other French city checked in this project. Checked Antibes' own official site (antibes-juanlespins.com) for a municipal concessionaire: the city states it has 22 off-street car parks totalling 5412 paid spaces plus 3022 free on/off-street spaces - Q-Park's 6 facilities total only 2074 spaces, meaning ~16 other municipal off-street parkings exist that are NOT branded/listed as Q-Park, Indigo, Effia, or APCOA; the city page names Frères Olivier, La Poste, and Médiathèque as facilities with special resident tariff rules but never names an operator/concessionaire for any of them, so these remaining ~16 lots could not be attributed to any named private operator and are treated as municipally self-operated (paid via city-run Flowbird horodateurs) rather than a competing commercial brand. Q-Park is the sole named commercial operator identified for this city."
Arcueil,1,done,"1 Q-Park facility (La Vache Noire, 1783 spaces - large mall-anchored garage, first hour free then EUR40.00/24h, EV charging 94 spots). Q-Park's own city page also lists a 'bon-plan' link that resolves to an empty placeholder template (title full of [] tokens, no FacilityId) - excluded as the known stale-facility-link trap, matching methodology's Houdan precedent. No Indigo/Effia/APCOA presence found."
Aubagne,6,done,"All 6 Q-Park facilities matched exactly to Q-Park's own Aubagne city page (FacilityId GUIDs + schema.org geo/streetAddress/maximumAttendeeCapacity/amenityFeature scraped per facility page, live tariffs via GetTariffsForFacility API, captured 26 Sep 2026). Capacities range 74-940 spaces (Hôpital largest at 940, Potiers smallest at 74). Pricing: 5/6 facilities returned live tariffs - 4 of those (8 Mai 1945, Potiers, Beaumond, Centre Ancien) share an identical EUR0.00/hr first-hour-free grace tariff with a EUR18.30/24h cap; Marché is the only facility with a real walk-up hourly rate (EUR2.40/hr, EUR18.30/24h) - all 5 share the same 24h cap. Hôpital (Avenue des Soeurs Gastine, next to the Aubagne hospital) returned an empty live tariff array and its own page content confirms subscription-only ('Abonnement'/'S'abonner') access with no walk-up rate, so left blank - consistent with the subscription-only pattern seen at other hospital/long-stay facilities elsewhere in this project. EV charging confirmed via 'Electric Charging Spots' schema at 2/6 sites (8 Mai 1945: 11 spots; Marché: 11 spots); the other 4 have explicit amenityFeature lists with no EV entry (Hôpital's amenity list is unusually sparse, only '24/7 Access'), stored as False rather than blank since presence/absence was checked for every facility. No competing operator found: Indigo (indigoneo.fr's own /fr/parkings listing has zero Aubagne hits, and both fr.parkindigo.com/fr/parkings/aubagne and indigoneo.fr/fr/parkings/aubagne-13400 either redirect to the bare homepage or 404) and Effia (effia.com/toutes-les-villes listing has zero Aubagne hits; direct URL guesses effia.com/parking-gare-aubagne and effia.com/parking/aubagne both 404 despite Aubagne having an SNCF station) both confirmed absent; APCOA (apcoa.fr) again failed with a TLS/SNI handshake error over https and silently redirected to the generic apcoa.com global homepage over http, the same repeated-failure pattern seen in every other French city in this project. The former intercommunal site paysdaubagne.fr now resolves under a Métropole Aix-Marseille-Provence certificate and redirects to ampmetropole.fr's generic homepage (Aubagne's agglomeration has been absorbed into the Marseille metropole), which surfaced no distinct local/municipal parking operator; the city's own official site (aubagne.fr) returned HTTP 403 (anti-bot), so no independent evidence of a municipal concessionaire could be gathered directly, but none surfaced elsewhere either. Q-Park is the sole real operator identified for this city."
Belley,1,done,"1 Q-Park facility (Vieille Porte, 104 spaces, EUR3.00/hr EUR30.00/24h, EV charging). Small town, no Indigo/Effia/APCOA presence found."
Bergerac,6,done,"All 6 Q-Park facilities matched exactly to Q-Park's own Bergerac city page (FacilityId GUIDs + schema.org geo/streetAddress/maximumAttendeeCapacity/amenityFeature scraped per facility page, live tariffs via GetTariffsForFacility API, captured 26 Sep 2026). Capacities range 22-339 spaces (Bellegarde largest at 339, Aire Camping-Car smallest at 22 - a dedicated motorhome/camper-van area north of the centre, not a car garage, with no live tariff published so left blank). Pricing showed unusual instability: repeated identical calls to the live tariff API within seconds returned different prices for the same facility (Bellegarde/Gambetta/Carmes each alternated between a EUR1.40/hr and a EUR1.50/hr tariff set across 15 consecutive samples per facility, with no caching headers present - genuine backend non-determinism, not a caching artifact), so the majority value across 15 samples was used: Bellegarde EUR1.40/hr-EUR16.40/24h (11/15 samples), Gambetta EUR1.40/hr flat up to 24h (12/15, a true flat-rate facility - 1h/6h/24h all identical), Carmes EUR1.40/hr-EUR16.40/24h (13/15). République was the most unstable: hourly rate stable at EUR1.50/hr (12/15 samples) but the 24h price had no majority at all across 15 samples (EUR8.50 x5, EUR1.50 x4, EUR4.90 x3, an anomalous EUR1.40 x3), so daily_cap was left blank per methodology while the stable hourly_rate was kept. Saint Jacques returned an empty live tariff array on every check (consistent, not flaky) so both hourly_rate and daily_cap left blank. EV charging: none of the 6 facilities list an EV/charging amenityFeature (each has an explicit, non-empty amenityFeature list checked individually), stored as False rather than blank. Notable finding: Bergerac's own official site (bergerac.fr/coeur-de-ville/le-stationnement/, returned HTTP 200, no anti-bot block) names the same 5 garages (Bellegarde, Carmes, Gambetta, République, St Jacques) plus on-street paid parking as managed by 'Société S.A.G.S.' (Société d'Assistance et de Gestion du Stationnement, headquartered Charnay-lès-Mâcon) - this read at first like a distinct competing operator, but sags.fr's own site links its 'Accédez à nos villes' city portal directly to q-park.fr/fr-fr/villes/, confirming SAGS is Q-Park's legacy/back-end operating brand for this city rather than an independent competitor, so it was not recorded as a competing operator. No other competing operator found: Indigo (indigoneo.fr/fr/villes/bergerac 404s, and fr.parkindigo.com/fr/villes/bergerac 301-redirects to the bare indigoneo.fr homepage) and Effia (effia.com/toutes-les-villes listing has zero Bergerac hits; direct URL guess effia.com/parking-bergerac 404s) both confirmed absent; APCOA (apcoa.fr) failed at the TLS/connection level (curl exit 35), the same repeated-failure pattern seen in every other French city in this project. Q-Park is the sole real operator identified for this city."
Béthune,2,done,"2 Q-Park facilities (Clémenceau, Grand Place), found only via URL-encoded accented slug b%c3%a9thune (bare 'bethune' 404s). Both live-priced EUR2.30/hr, EUR23.50/24h, no EV. No Indigo/Effia/APCOA (absent from full city lists; APCOA unreachable as elsewhere)."
Bonneville,2,done,"2 Q-Park facilities (Biofrais, Bonneville - Hôtel de Ville), both live API tariff calls returned empty and the page itself states tarifs ne sont pas disponibles - hourly_rate/daily_cap left blank rather than estimated. No EV, no competitors (absent from Indigo/Effia full city lists; APCOA unreachable)."
Bordeaux,2,done,"36 facilities total - far beyond Q-Park's own count of 2 (Bord'eau Village, Auditorium Clémenceau, both live-priced) given the city's size. Indigo confirmed present with 10 real facilities (indigoneo.fr city listing + individual __NEXT_DATA__ JSON per facility for geo/amenities/live pricing; Indigo Neo platform publishes no capacity field so left blank for all 10). Also found Bordeaux Métropole's own semi-public régie METPARK (mtpk.fr, formerly Parcub, analogous to Lyon's LPA) via its WordPress parking sitemap - 24 of its 28 listed facilities are within Bordeaux commune itself (33000/33100/33200/33300/33800; excluded Arena/Floirac, Laharpe/Le Bouscat, Les Sécheries/Bègles, Libération/Le Bouscat as separate communes). METPARK addresses/capacities/EV-type flags scraped from each facility's own page text (capacity = 'Nombre de places' total; EV = presence of '4roueselec' in the page's vehicle-type list); METPARK has no embedded geo so all 24 were geocoded via individual synchronous Nominatim calls. Most METPARK tariffs are tiered day/night structures (e.g. EUR0.80/15min up to 3h then a flat EUR22-24 day cap) rather than flat hourly, so hourly_rate was left blank per methodology and the flat day-cap kept as daily_cap; Camille Jullian and 5 subscription-oriented facilities (Alsace Lorraine, Bonnac, Croix de Seguey, Lhôte, Mégarama Bastide, Rue de Bègles) either had a clean flat rate or published no public hourly tariff at all. APCOA unreachable as in every other French city checked."
Boulogne Billancourt,2,done,"2 Q-Park facilities (Hôtel de Ville / Centre-Ville, Parchamp - both live-priced EUR3.50/hr, EUR39.80/24h) plus 5 real Indigo facilities (Bellefeuille, Cours de l'Île Seguin, Marché, Point du Jour, Rives de Seine - via indigoneo.fr city listing + per-facility __NEXT_DATA__ JSON for geo/amenities/live pricing; no capacity field published by Indigo Neo, left blank for all 5). No Effia (absent from full city list) and APCOA unreachable as elsewhere."
Boulogne sur Mer,9,done,"9/9 Q-Park facilities matched exactly to Q-Park's own city page (FacilityId GUIDs + schema.org geo/address/maximumAttendeeCapacity/amenityFeature scraped per facility page, live tariffs via GetTariffsForFacility API). Capacities range 100-800 spaces (Nausicaa largest at 800, next to the aquarium; Enclos Quai des Paquebots smallest structured facility at 100). Pricing: 7/9 facilities have live hourly/24h tariffs (EUR1.00-1.70/hr, EUR12.20-19.80/24h); Enclos Quai des Paquebots returned an empty tariff array and its own page confirms subscription-only ('S'abonner') access with no walk-up rate, so left blank; Nausicaa has seasonal pricing (low season Sept-Jun EUR1.20/hr EUR16.00/24h vs high season Jul-Aug EUR1.50/hr EUR22.00/24h) - low-season rate used as the stored value. EV charging confirmed via 'Electric Charging Spots' schema at 2/9 sites (Lumière 26 spots, Nausicaa 9 spots); remaining 7 have no EV amenity listed, stored as False rather than blank since presence/absence was explicitly checked for every facility. No real competing operator found: Indigo (indigoneo.fr's full parking-cities listing, 89 cities - Boulogne sur Mer absent, only Boulogne-Billancourt near Paris listed) and Effia (effia.com/toutes-les-villes - Boulogne sur Mer absent) both confirmed absent; APCOA (apcoa.fr) redirects to unrelated APCOA Denmark content as seen elsewhere in this project. No distinct harbor/ferry or municipal garage brand found either - the port authority (Port Boulogne Calais) offers only a free surface lot at the ferry terminal, and the city's own paid parking (ville-boulogne-sur-mer.fr, blocked by anti-bot protection but summarized via web search) is on-street metered zones (green/orange/purple/red by duration), not a structured competing garage operator - so Q-Park is the sole real operator for this city."
Bourg Saint Maurice Les Arcs,14,done,"All 14 Q-Park facilities matched exactly to Q-Park's own city page (FacilityId GUIDs + schema.org geo/address/capacity scraped per facility, cross-confirmed via lesarcs.com's official parking booking widget which also returns exactly 14 results). Live tariff API (captured 26 Sep 2026, off-season/pre-winter): all facilities show a EUR 0.00 first-hour grace rate; 24h caps range EUR 4.20-EUR 63.00; QP05 Latitudes (Arc 1800) returned no live tariff at all, likely seasonally closed pre-season - expect much higher dynamic winter high-season pricing not reflected here. One genuine competitor found: EFFIA operates the covered/underground Arc 1950 car park (Le Village Arc 1950), which sits outside Q-Park's and the resort's shared booking system - coords and paid EV charging confirmed via effia.com, but capacity/pricing not published statically so left blank. No Indigo or APCOA presence found in this town. Arc 1600 parking is free outdoor with no commercial operator, so not listed as a competitor."
Bourgoin-Jallieu,1,done,"Single Q-Park facility (La Folatière, 37 Avenue Maréchal Leclerc, 460 spaces, EUR1.50/hr, EUR10.00/24h, 2 EV spots) matched exactly to Q-Park's own city page, FacilityId + live tariff API confirmed. No Indigo (absent from Indigo Neo's full ~90-city list), Effia (absent from full city list), or APCOA (site non-functional, consistent pattern) presence found."
Brest,3,done,"All 3 Q-Park facilities matched exactly to Q-Park's own Brest city page (Branda, CHRU Cavale Blanche, CHRU Morvan - two hospital-site parkings plus one city-centre). FacilityId GUIDs + schema.org geo/streetAddress/maximumAttendeeCapacity scraped per facility page. Capacities 160-3312 spaces (Cavale Blanche hospital parking is unusually large at 3312). Live tariffs via GetTariffsForFacility API: Cavale Blanche EUR1.80/hr EUR24.10/24h and Morvan EUR3.00/hr EUR36.70/24h returned live pricing; Branda returned an empty tariff array (page shows only 'Abonnement'/subscription content, no on-site hourly tariff table), so hourly_rate/daily_cap left blank per methodology. EV charging confirmed at Cavale Blanche (84 spots) and Morvan (5 spots); Branda has none. No Indigo (indigoneo.fr ~89-city list - Brest absent) or Effia (effia.com/toutes-les-villes 14-city list - Brest absent) presence found; APCOA (apcoa.fr) connection failed as in every other French city checked in this project. Q-Park is the sole operator identified."
Castres,4,done,"All 4 Q-Park facilities matched exactly to Q-Park's own Castres city page (FacilityId GUIDs + schema.org geo/streetAddress/postalCode/maximumAttendeeCapacity/amenityFeature scraped per facility page, live tariffs via GetTariffsForFacility API - all 4 returned live pricing, captured 26 Sep 2026). Capacities range 64-250 spaces (Berges largest at 250, Les Lices smallest at 64, near Boulevard des Lices). Pricing: 4/4 facilities have live hourly/24h tariffs (EUR1.90-2.20/hr, EUR21.80-26.00/24h) - full pricing coverage, no blanks; 3 of 4 (Berges, Buisson, République) share an identical EUR2.20/hr, EUR26.00/24h tariff, while Les Lices is uniquely cheaper at EUR1.90/hr, EUR21.80/24h (also the only facility whose API response used abbreviated tariff labels '1h'/'24h' instead of '1 heure'/'24 heures', a formatting quirk not seen elsewhere). EV charging confirmed via explicit 'Electric charging point' schema.org amenityFeature at only 1/4 sites (Berges); the other 3 (Buisson, Les Lices, République) have explicit amenityFeature lists present with no EV entry, stored as False rather than blank since presence/absence was checked for every facility. No competing operator found: Indigo (indigoneo.fr - Castres absent from the full /fr/parking-cities listing of ~85 cities across France/Belgium/Spain, and parkindigo.com/fr/villes/castres hung/timed out - killed and treated as unreachable) and Effia (effia.com/toutes-les-villes - Castres absent; direct URL guess effia.com/parking-castres also 404s) both confirmed absent; APCOA (apcoa.fr) failed with a curl SSL error (exit 35), consistent with its repeated failure pattern across every French city checked in this project - treated as absent/unreachable, not verified. Checked castres.fr for a municipal parking operator but it redirects to dev.ville-castres.fr (an apparent dev/staging subdomain), which was not pursued further as a competitor source given its non-production appearance - no separate municipal garage operator identified. Consistent with most small-to-mid French towns in this project, Castres appears to have zero real competing operators, with Q-Park as the sole identified parking operator."
Chalon sur Saône,5,done,"All 5 Q-Park facilities matched exactly to Q-Park's own Chalon sur Saône city page (FacilityId GUIDs + schema.org geo/streetAddress/maximumAttendeeCapacity/amenityFeature scraped per facility page, live tariffs via GetTariffsForFacility API, captured 26 Sep 2026). Note the city page slug uses the accented o-circumflex (chalon-sur-sa%c3%b4ne, i.e. 'saône') - the unaccented 'chalon-sur-saone' guess 404s. Capacities range 37-608 spaces (Motte largest at 608, Gloriette smallest at 37). Pricing: 3/5 facilities (Banque, Hôtel de Ville, Motte) have live matching tariffs (EUR1.60/hr, EUR15.90/24h); the other 2 (Colombière, Gloriette) return an empty tariff array from the API and their own page explicitly renders 'Les tarifs ne sont pas disponibles' (tariffs not available) rather than a fetch failure, so hourly_rate/daily_cap left blank per methodology rather than estimated. EV charging confirmed via 'Electric Charging Spots' schema fields at 3/5 sites (Banque 10 spots, Hôtel de Ville 13 spots, Motte 10 spots); Colombière and Gloriette have explicit amenityFeature lists (Disabled Spaces/24-7 Access/Hospital etc.) with no EV entry, stored as False since presence/absence was checked for every facility. Hôtel de Ville's schema streetAddress field is oddly just '  Passage du Milon' with no house number (double space, no digit) - kept as-is since this matches the page's own displayed address, not a scraping artifact. No competing operator found: Indigo (both indigoneo.fr/fr/villes/chalon-sur-saone/ and indigo.fr/fr/parking-chalon-sur-saone redirect to 404/not-found pages) and Effia (effia.com/toutes-les-villes full city listing - Chalon sur Saône absent) both confirmed absent; APCOA (apcoa.fr) failed at the TLS/connection level as in every other French city checked in this project. Checked Le Grand Chalon's official site (legrandchalon.fr, HTTP 200) homepage for a municipal concessionaire - no parking/stationnement mention surfaced there, no independent evidence of a named competing operator found. Q-Park is the sole named commercial operator identified for this city."
Chambéry,17,done,"20 garages, 3 operators (Q-Park 17, Indigo 1, Effia 2). Q-Park (17, exact match to Q-Park's own stated Chambéry facility count, full coverage via city page's schema.org JSON-LD facility list + individual facility pages' embedded FacilityId/geo/capacity/amenityFeature schema + live GetTariffsForFacility API): 16 are real structured garages (EUR1.20-2.50/hr, EUR9.90-23.20 daily caps, 8/16 with EV via 'Electric Charging Spots'/'Electric charging point' schema fields cross-validated against Chambéry's own official city page for Château/Stade-Piscine EV counts); Ducs returned a genuinely empty live tariff array (subscribers-only per city page) so hourly_rate/daily_cap left blank. Surprising find: the 17th Q-Park-listed 'facility' (FacilityId 0e4a99f2, named 'Chambery - Voirie - Management Contract' on Q-Park's own site) is NOT a garage at all - it's a citywide on-street parking-meter management contract (maximumAttendeeCapacity 3422, i.e. on-street spaces, not one structure), and its address (336 Quai Charles Ravet) is the exact same address as SAGS's own 'Agence d'accueil du Stationnement en Voirie' - the entity Chambéry's official city page (chambery.fr/394-les-parkings.htm) names as the city's on-street/voirie operator alongside Q-Park, Indigo and Effia. Kept as a 17th Q-Park row (matching Q-Park's own self-declared count exactly) but clearly flagged in the address field as an on-street contract, not a structured garage. Chambéry P4 (564 Avenue de Lyon, hospital site) had null/0,0 geo embedded on Q-Park's own page, so its coordinates were approximated from the co-located Hôpital P1 facility at the same street address (both confirmed via chambery.fr as being on the same hospital site). Indigo (1, via Indigo Neo's fr.parkindigo.com/indigoneo.fr Next.js app - Palais de Justice, 400cap per Chambéry's own official city page since Indigo Neo's own site does not publish capacity, but does expose live geo/pricing/amenities JSON): EUR2.10/hr, EUR22.60/24h, no EV per its own amenities list (DISABLED_ACCESS/VEHICLE_SERVICING/SECURITY_CAMERAS only). Effia (2, via effia.com's own per-facility pages at the SNCF train station - Gare de Chambéry and Gare de Chambéry P2): main Gare facility EUR2.20/hr EUR20.50/24h with on-site paid EV charging listed as a facility service; P2 is subscription-only (no walk-up tariff, no EV, capacity not published by Effia on either facility so left blank for P2, 220cap for the main Gare taken from Chambéry's own official city page). APCOA: no confirmed presence found in Chambéry - not mentioned on APCOA's own site, in Chambéry's official operator list (Q-Park/SAGS/Indigo/Effia only), or in general web search results, so excluded rather than sourced secondhand. Chambéry's own official city page (chambery.fr) independently confirmed 17 total city-delegated 'parkings couverts ou en enclos' with capacity figures for every facility, cross-validating nearly all Q-Park figures (small ±1-10 space discrepancies on a few, e.g. Falaise 490 Q-Park live vs 495 city page, Manège 79 vs 84 - Q-Park's own live site was used as the primary source per the task's operator-priority instructions) and independently surfacing the Indigo (Palais de Justice) and Effia (Gare, Gare P2) facilities that are absent from Q-Park's own facility list entirely, since they are run by competitors. Pricing coverage: 17/20 hourly_rate and daily_cap populated (3 genuine blanks: Ducs and the Voirie contract have no walk-up tariff, Effia P2 is subscription-only). EV charging confirmed at 9/20 sites."
Chartres,6,done,"6/6 Q-Park facilities matched exactly to Q-Park's own Chartres city page (FacilityId GUIDs + schema.org geo/streetAddress/maximumAttendeeCapacity/amenityFeature scraped per facility page via plain curl, live tariffs via GetTariffsForFacility API, captured 26 Sep 2026). Capacities range 163-1118 (Cœur de Ville largest at 1118 spaces beneath Place des Épars in the historic centre, Grand Faubourg smallest at 163). Pricing: all 6/6 facilities share one identical, uniform citywide Q-Park tariff (EUR3.00/hr, EUR25.10/24h) - unusual among French cities in this project, where per-facility rates normally vary; full pricing coverage, no blanks. EV charging confirmed via 'Electric Charging Spots'/'Electric charging point' schema at 4/6 sites (Cœur de Ville 56 spots, Gare-Colisée 55, République 21, Cathédrale 17); Grand Faubourg and Hôtel de Ville have explicit amenityFeature lists with no EV entry, stored as False since presence/absence was checked for every facility. No competing structured-garage operator found: Indigo Neo (indigoneo.fr) has a Chartres city landing page (fr/parking-cities/chartres-3892) but its own __NEXT_DATA__ JSON returns an empty assets array (0 facilities) - a placeholder page, not a real presence; Effia (effia.com/toutes-les-villes full listing and effia.com/sitemap.xml both checked directly - Chartres absent from both, and direct URL guesses for a Gare-Chartres facility 404'd, consistent with Effia's absence from many smaller French cities in this project); APCOA (apcoa.fr) TLS handshake failed (SNI rejected) as in every other French city checked in this project. No heritage/cathedral-district-specific municipal operator found despite Chartres' UNESCO cathedral status - the city's own official site (chartres.fr/stationnement) was checked directly and its text explicitly labels its underground/multi-storey parking section 'Le stationnement souterrain Q-Park', i.e. the city itself names Q-Park as the sole structured-garage operator; all other stationnement categories on that page (surface, minute, zone réglementée, résidentiel) are on-street/surface schemes run directly by the city, not competing garage operators. So Q-Park is the sole real garage operator identified for Chartres. All coordinates exact from Q-Park's own embedded schema.org geo, no geocoding needed."
Clermont Ferrand,8,done,"11 garages, 3 operators (Q-Park 8, Effia 3, Indigo 1). Q-Park (8, exact match to Q-Park's own stated Clermont-Ferrand facility count, full coverage via city page's plain-curl facility link list + individual facility pages' embedded FacilityId GUID/schema.org geo/address/maximumAttendeeCapacity + live GetTariffsForFacility API): 6/8 have live hourly/24h tariffs (EUR1.40-1.70/hr, EUR9.00-19.00/24h); Fontgièvre and Médiathèque Allagnat both returned empty tariff arrays and their own pages confirm subscription-only ('S'abonner') access with no walk-up rate, so left blank. No EV charging amenity found at any of the 8 Q-Park facilities (checked via 'amenityFeature' schema on every facility page - none list an Electric Charging Spots feature), stored as False since presence/absence was explicitly checked for every facility. Effia (3, via effia.com/ville/clermont-ferrand's 2 statically-linked facilities plus a 3rd - CHU-Estaing Esplanade - surfaced only as marketing copy on the city page and confirmed as a real, separately-addressed Clermont-Ferrand facility via its own page's breadcrumb ('Clermont Ferrand') and distinct geo/address, i.e. it does not appear in the city page's static href list at all): Gare de Clermont-Ferrand (train station, EUR2.40/hr EUR21.70/24h, confirmed paid EV charging via 'recharge-electrique-payante' service icon on its own page); CHU-Estaing Esplanade (hospital site, EUR2.40/hr EUR13.00/24h, no EV - the one 'borne' mention on its page is an access/exit ticket terminal, not a charger); Les Pistes (tram park-and-ride at the Ligne A terminus, no 'Tarifs sur place' section published at all - page shows only Reservation/Abonnement products, i.e. genuinely no walk-up tariff, so left blank; also no EV). Capacity not published by Effia on any of its 3 facilities (consistent with prior cities in this project), so left blank for all three. Indigo (1, via fr.parkindigo.com redirecting to indigoneo.fr's Next.js __NEXT_DATA__ JSON for Carmes Delille): 'supportedProducts':['SUBSCRIPTION'] confirms subscription-only with no live walk-up hourly/24h tariff and no published capacity, both left blank; 'amenities':[] (empty array, not omitted) confirms no EV. Indigo's own 'relatedAssets' field on the Carmes Delille page - which lists nearby Indigo facilities - returned only Carmes Delille itself, confirming Indigo has exactly this 1 facility in Clermont-Ferrand. APCOA: apcoa.fr connection failed (curl exit 35, SSL handshake failure) as in every other French city checked in this project - excluded. Saemes: confirmed absent via its own official car-park map page (saemes.fr/fr/carte-de-nos-parkings, 0 mentions of Clermont) - note a WebSearch AI-generated summary falsely claimed Saemes operates 'Notre Dame', 'Goutte d'Or' and 'Vaires Centre Ville' facilities in Clermont-Ferrand, but those are actual Paris-region Saemes facility names hallucinated into a Clermont-Ferrand context; verifying against Saemes's own site refuted this, consistent with the task's warning to distrust AI search summaries. Pricing coverage: 8/11 hourly_rate and daily_cap populated (3 genuine blanks: Fontgièvre and Médiathèque Allagnat are Q-Park subscription-only, Les Pistes is Effia reservation/subscription-only). EV charging confirmed at 1/11 sites (Effia Gare only)."
Colombes,7,done,"7/7 Q-Park facilities matched exactly to Q-Park's own Colombes city page (FacilityId GUIDs + schema.org geo/address/maximumAttendeeCapacity/amenityFeature scraped per facility page, live tariffs via GetTariffsForFacility API). Capacities range 26-450 spaces (Charles De Gaulle largest, Marceau smallest). Pricing: 5/7 facilities have a clean linear '1 heure'=EUR2.00/24h=EUR17.50 tariff; Marceau and Tribunal instead show a tiered 'Jusqu'à 1h'=EUR0.00 (first hour free) / 6h=EUR7.60 / 24h=EUR15.70 structure (not a per-hour rate) so hourly_rate left blank for these two per the non-hourly-tariff rule, daily_cap kept as the clean 24h figure (EUR15.70). EV charging confirmed via 'Electric Charging Spots'/'Electric charging point' schema at 3/7 sites (Aragon 1 spot, Hôtel de Ville, Village 2 spots); remaining 4 have no EV amenity listed, stored blank. No competing operator found with a real presence in Colombes itself: Indigo Neo's own live search for 'Colombes' (via a live browser session, not static fetch - Next.js app) returns only facilities in neighboring but distinct communes - nearest result 'Marché Liberté' is actually in La Garenne-Colombes (92250, a separate town from Colombes/92700 despite the near-identical name and shared border), plus further results in Bezons/Argenteuil/Courbevoie, none with an address inside Colombes proper; Effia (effia.com/toutes-les-villes full city listing checked directly - Colombes absent from the complete list); Saemes (opendata.saemes.fr's official referentiel-parkings-saemes dataset queried directly for 'colombes' - 0 hits; the dataset does include some inner Paris suburbs like Gentilly/Houilles/Créteil/Chatou, just none in Colombes); APCOA (apcoa.fr redirects to unrelated APCOA Denmark content, same failure pattern as every other French city checked in this project). So Q-Park is the sole real operator for Colombes. Pricing coverage: 5/7 hourly_rate, 7/7 daily_cap populated. Surprising find: La Garenne-Colombes is a separate commune from Colombes despite the shared name and direct adjacency - a naive substring match on 'Colombes' in Indigo's results would have wrongly pulled in a facility that is not actually within this city's limits."
Corbeil,1,done,"Q-Park's /fr-fr/villes/corbeil/ page lists 1 facility ('Corbeil-Essonnes - CHSF - DSP-2', FacilityId f4e78eaf-4b50-4072-8054-eb4055985533) - but it is a stale/duplicate listing of the SAME physical hospital garage as the Corbeil Essonnes row below: identical geo coords (48.62162/2.45695) to 5 decimals, identical street address (Avenue Serge Dassault, 91100), and its live tariff API call returns an empty array (facility inactive in Q-Park's pricing system), unlike the Corbeil-Essonnes FacilityId which returns full live tariffs. Treated as a duplicate/legacy contract-period page for the same real facility, not a second independent garage. No data row written to corbeil.csv (header only, 0 facilities) - the one real facility is recorded once, under corbeilessonnes.csv, to avoid double-counting. Marked done per instructions so tracker stays consistent; see Corbeil Essonnes note for the real facility data."
Corbeil Essonnes,1,done,"The real, live facility: Q-Park's /fr-fr/villes/corbeil-essonnes/centre-hospitalier-sud-francilien/ page (FacilityId 913528ec-0d9b-4919-84c2-047ebf8dd2bd), Hôpital Sud Francilien, Avenue Serge Dassault, 91100 Corbeil-Essonnes, 2413 spaces, full live tariff (EUR1.60/hr, EUR35.20/24h), 6 EV charging spots plus a rich amenity list (ANPR, bicycle parking, car wash, CCTV, elevator, hospital/public transport access). Same physical site as the 'Corbeil' row's facility (identical geo coords 48.62162/2.45695 and street address) - Q-Park's site duplicates this single hospital garage under two city slugs ('corbeil' and 'corbeil-essonnes'), with only this FacilityId active in the live tariff system; the 'corbeil' page/FacilityId is a stale duplicate (empty tariff API response). All real facility data recorded once here in corbeilessonnes.csv; corbeil.csv is header-only (0 rows) per the merge note on that row. No Indigo/Effia/APCOA presence found for either slug."
Courbevoie,16,done,"18 garages, 2 operators. Q-Park (16, matches Q-Park's own site count exactly - full coverage confirmed via own city listing page + schema.org JSON-LD geo/capacity/amenities + live GetTariffsForFacility API, careful to exclude the separately-tracked 'Paris La Défense' slug's 10 facilities): 13/16 have clean live tariffs (EUR1.60/hr, EUR23.10 daily cap for 10 of them; Charras is the outlier/largest at 561cap with EUR2.10/hr, EUR26.70 cap, and is the only Q-Park facility here with confirmed EV charging - 30 spots); Ajoux, Courbevoie Colombier, and Mermoz all returned genuinely empty tariff arrays from the live API (confirmed via direct API calls, not a scraping bug) so left blank rather than estimated. Capacity ranges 55cap (Fontanes) to 799cap (Watteau); largest is Watteau, not Charras. Indigo Neo (2, Coeur Défense and Jacques Cartier - found via indigoneo.fr's own 'parkings à proximité' cross-links from the Q-Park-adjacent search, confirmed by addressLocality=Courbevoie in each page's embedded asset JSON): Jacques Cartier has a clean live walk-up tariff (EUR3.60/hr linear, EUR35/day cap, pulled from the rendered pricing grid via a live browser session since the static HTML ships only a client-rendered Next.js placeholder); Coeur Défense's live pricing grid returned all dashes (no ON_DEMAND_PARKING in its supportedProducts - subscription-only), so left blank. Indigo Neo does not publish capacity or EV-amenity flags on either page (consistent with the pattern seen in other countries), so both left blank. Two further Indigo-branded facilities widely listed by third-party aggregators (Saisons at 16 Rue du Général Audran; Centre - Grande Arche at 13 Rond-Point de la Défense) returned 404 on indigoneo.fr's own live site under every URL pattern tried and were excluded as stale/defunct listings rather than sourced secondhand. Effia checked: their nearest facility to Courbevoie (La Défense Valmy) is actually in Nanterre per effia.com's own page, so no genuine Effia presence in Courbevoie itself. APCOA checked: apcoa.fr redirects to an unrelated Danish site and apcoa.com has no French locator; a third-party business-registry listing for 'APCOA Parking France - Parking Charras' (Rue Albert Simonin) turned out on closer inspection to be a stale/removed aggregator entry (the parking.ai detail page for that exact address+coordinates returned 410 Gone, and its slug referenced a different, non-APCOA operator code 'sags') - excluded as unverifiable/likely defunct rather than sourced from a dead directory. Pricing coverage: 14/18 hourly_rate populated, 14/18 daily_cap populated; EV confirmed at 1/18 sites (Charras only - Indigo Neo doesn't expose EV amenity data at all). All coordinates are exact (Q-Park schema.org geo / Indigo Neo asset JSON), no geocoding needed."
Dijon,2,done,"2 Q-Park facilities (Dijon Jaurès, Drapeau), both live-priced (EUR1.30/hr EUR6.00/24h and EUR1.20/hr EUR12.00/24h respectively), no EV. No competitors found (absent from Indigo/Effia full city lists; APCOA unreachable)."
Epinal,7,done,"7/7 Q-Park facilities matched exactly to Q-Park's own city page (FacilityId GUIDs + schema.org geo/streetAddress/maximumAttendeeCapacity/amenityFeature scraped per facility page, live tariffs via GetTariffsForFacility API). Capacities range 38-410 (Saint Nicolas largest, Marché Couvert smallest). Pricing: 6/7 have live hourly/24h tariffs (EUR1.50-2.00/hr, EUR9.80-13.60/24h); Aristide Briand returned an empty tariff array from the live API and its own page's language ('abonn...') indicates subscription-only access, so left blank. EV charging confirmed via 'Electric charging point'/'Electric Charging Spots' schema at 3/7 sites (Gare, Saint Michel with 5 dedicated spots, Saint Nicolas); remaining 4 explicitly have no EV amenity listed, stored as False since presence/absence was checked for every facility. One genuine competitor found: EFFIA operates Gare d'Épinal (Rue Jean Jaurès, found via effia.com's own sitemap.xml under slug 'parking-gare-depinal-effia' - a second stale/English-locale sitemap entry for the same facility was excluded as a duplicate), with live coords (48.178418/6.440414) and hourly/24h tariffs (EUR1.20/hr, EUR8.10/24h) pulled from its own rendered pricing table; capacity not published statically (JS-rendered live counter only) so left blank, and no EV charging amenity found on the page so left blank rather than assumed False. Indigo (indigoneo.fr) confirmed absent via its own full French sitemap-links-fr.xml (no Epinal entry among ~6000 French city/facility URLs). APCOA (apcoa.fr) unreachable - TLS handshake fails (SNI rejected), consistent with every other French city checked in this project. Cross-checked against Épinal's own official site (epinal.fr, via web search) and third-party aggregators: the city's own description of its 'parkings sécurisés et fermés' (8 Avenue du Général de Gaulle, 7 Rue Saint-Michel, 9 Rue de la Comédie) maps directly onto the Q-Park Gare/Saint-Michel/Marché Couvert facilities rather than a separate municipal operator - Épinal itself only runs on-street regulated zones (FPS), not a competing garage brand, matching the pattern seen in most similarly-sized French towns in this project. Pricing coverage: 7/8 hourly_rate and daily_cap populated across both operators (1 genuine blank: Aristide Briand, subscription-only). EV charging confirmed at 3/8 sites, explicitly checked-and-absent at 4/8, unconfirmed/blank at 1/8 (Effia). All coordinates exact from source schema/data attributes, no geocoding needed."
Evian Les Bains,6,done,"All 6 Q-Park facilities matched exactly to Q-Park's own Evian-les-Bains city page (FacilityId GUIDs + schema.org geo/streetAddress/maximumAttendeeCapacity/amenityFeature scraped per facility page, live tariffs via GetTariffsForFacility API, captured 26 Sep 2026). Capacities range 98-529 spaces (Office du Tourisme largest at 529, Centre smallest at 98). Pricing: all 6/6 facilities share an identical uniform town-wide tariff of EUR1.50/hr and EUR16.40/24h - unlike every other multi-garage French town in this project so far, Evian shows no price variation between facilities at all, suggesting a single town-negotiated Q-Park concession rate. EV charging confirmed via 'Electric Charging Spots'/'Electric charging point' schema fields at 5/6 sites (Charles de Gaulle, Centre, Gare, Office du Tourisme, Port Hilton); Princess has an explicit amenityFeature list (Drive Through Height, 24/7 Access, ANPR, CCTV, Disabled, online reservation) with no EV entry, stored as False rather than blank since presence/absence was explicitly checked. No competing operator found: Indigo (indigoneo.fr/fr city page for evian-les-bains 404s; fr.parkindigo.com search for 'evian' redirects to the Indigo Neo bare homepage with no results - the empty-search-redirect trap pattern) and Effia (effia.com/toutes-les-villes full city listing - Evian Les Bains absent; direct URL guess effia.com/parking-evian-les-bains 404s) both confirmed absent; APCOA (apcoa.fr) failed with a TLS handshake/SNI rejection on both the homepage and city-specific URL, consistent with APCOA's repeated inaccessibility across every French city checked in this project. Checked evian-tourisme.com (town tourism site) and evian.fr (redirects to the Evian water brand's evian.com, not the town) for a spa-town-specific concessionaire or municipal parking page - neither surfaced any parking/stationnement content, so no local concessionaire identified. Q-Park appears to hold a full monopoly on structured parking in Evian-les-Bains."
Evreux,2,done,"2 Q-Park facilities (Gare, Hôtel de Ville), both live-priced (EUR1.50/hr EUR9.20/24h and EUR2.00/hr EUR10.40/24h respectively), no EV. No competitors found (absent from Indigo/Effia full city lists; APCOA unreachable)."
Gex,2,done,"2 Q-Park facilities (Cedres 163 spaces no published tariff - page states 'tarifs ne sont pas disponibles'; Jura 530 spaces EUR1.00/hr EUR7.00/24h). Both have EV charging. No Indigo/Effia/APCOA presence found - small border town near Geneva."
Gonesse,1,done,"Single Q-Park facility (Centre Hospitalier, 2 Boulevard du 19 Mars 1962, 1150 spaces, 18 EV spots) matched exactly to Q-Park's own city page, FacilityId + live tariff API confirmed. Tariff is a free-first-hour-then-flat structure (15min/1h = EUR0.00, 6h = EUR9.10, 24h = EUR23.80) rather than a simple linear hourly rate, so hourly_rate left blank per methodology while the fixed 24h daily_cap (EUR23.80) was kept. No Indigo, Effia, or APCOA presence found."
Grenoble,1,done,"Single Q-Park facility (Chavant, aka Stade des Alpes/Palais des sports, 17 Boulevard Maréchal Lyautey, 385 spaces, 20 EV spots) matched exactly to Q-Park's own city page, FacilityId + live tariff API confirmed (EUR2.30/hr, EUR29.00/24h). Checked thoroughly as a mid-large city per methodology: Indigo Neo's full ~90-city list (indigoneo.fr/fr/parking-cities) does not include Grenoble, a direct indigoneo.fr search for Grenoble returned 0 results; Effia's full city list (effia.com/toutes-les-villes) does not include Grenoble and a direct URL guess (effia.com/parkings/grenoble) 404s; APCOA (apcoa.fr) failed at the connection level as in every other French city in this project. No competing branded operator found despite Grenoble's size - all real remaining public parking in the city could not be attributed to a named commercial competitor from this check."
Houdan,4,done,"Q-Park's own Houdan city page lists 4 facilities via its 'Tous les parkings à Houdan' counter, but one of the 4 links (Pot d'Étain, /fr-fr/villes/houdan/pot-d'étain/) 404s - a stale/duplicate URL for the same facility now live under a renamed slug ('houdan-pot-d'etain-mgt', MGT = season-ticket designation per its GTM 'brand':'season ticket' tag), so only 3 genuinely distinct facilities exist: Houdan Gare (634 spaces, FacilityId 082211c2-cc76-4d5b-8ec2-e9060505e12a), Mont Roti (100 spaces), and Pot d'Étain MGT (15 spaces). Captured 26 Sep 2026. All 3 confirmed via embedded FacilityId GUID + schema.org geo/streetAddress/maximumAttendeeCapacity/amenityFeature. Houdan Gare and Mont Roti have valid embedded lat/lon; Pot d'Étain MGT's embedded geo was 0/0 (broken on Q-Park's own page) so it was geocoded via Nominatim from its street address (38 rue des jeux de billes, 78550 Houdan) to street-level coordinates. Pricing: live GetTariffsForFacility API returned an empty array for all 3 facilities, and each facility page's own tariff widget explicitly states 'Les tarifs ne sont pas disponibles' (tariffs not available) - all 3 appear to be subscription/season-ticket-only facilities (all show prominent 'Abonnement' offers; Pot d'Étain MGT and Mont Roti both carry a 'SEASON TICKET' GTM brand tag) with no public hourly tariff, so hourly_rate and daily_cap left blank for all 3 per methodology. EV charging: none of the 3 facilities list an EV amenityFeature (only 'Drive Through Height' and '24/7 Access' present), stored as False. No competing operator found: Indigo (indigoneo.fr - /fr/parking-houdan and /fr/villes/houdan both 404; Indigo's own city-list page returned an empty body, likely JS-rendered) and Effia (effia.com/ville/houdan 404, and absent from the effia.com/toutes-les-villes full city listing) both confirmed absent; APCOA (apcoa.fr) failed at the TLS/connection level as in every other French city checked in this project. Houdan's own municipal site (houdan.fr) was unreachable (connection timeout) so could not be checked for a municipal concessionaire, but given Houdan's small size (~4,000 population) and the consistent pattern of 0-1 competitors in comparable French towns in this project, Q-Park is treated as the sole real operator identified for this city."
Issy Les Moulineaux,1,done,"1 Q-Park facility (Val de Seine, 5 Rue Rouget de Lisle, 297 spaces, EUR2.50/hr, EUR23.20/24h, 10 EV spots) matched exactly to Q-Park's own city page, FacilityId + live tariff API confirmed. Real Indigo competitor presence found (only French city in this batch with one): Indigo Neo's own full ~90-city list includes issy-les-moulineaux, and its city page lists 3 genuine Indigo Group-owned facilities (ownerId=INDIGO): Hôtel de Ville (60 Rue du Général Leclerc), Ile Saint Germain (169 Quai de Stalingrad), and Corentin Celton (19 Rue Vaudetard) - all confirmed with EV_CHARGING amenity, no capacity/pricing data exposed via the Indigo Neo booking API so those fields left blank. Effia (absent from full city list) and APCOA (site non-functional) not present."
La Ciotat,2,done,"2 Q-Park facilities (Verdun 295 spaces EUR1.40/hr EUR17.20/24h no EV; Port de Plaisance 475 spaces EUR1.80/hr EUR22.90/24h with EV) plus 2 real Indigo Neo facilities found via Indigo's own full city list (Vieux Port and Parc du Centre, both with EV charging confirmed via schema 'Borne de recharge' feature) - Indigo Neo uses dynamic reservation/weekly-pass pricing rather than a fixed hourly/24h tariff so hourly_rate and daily_cap left blank per methodology, and capacity was not published on either Indigo Neo page. Effia/APCOA absent."
La Plagne,7,done,"All 7 Q-Park facilities matched exactly to Q-Park's own La Plagne city page (FacilityId GUIDs + schema.org geo/streetAddress/maximumAttendeeCapacity/amenityFeature scraped per facility page, live tariffs via GetTariffsForFacility API, captured 26 Sep 2026). Capacities range 40-1281 spaces (Le Boulevard largest at 1281, Les Lodges 1970 smallest at 52; Caravaneige is a dedicated camper-van/caravan lot at 40 spaces). Pricing: only 3/7 facilities returned live tariffs (Bellecôte P1 Couvert EUR2.00/hr EUR22.00/24h, Bellecôte P2 Aérien and Plagne Soleil both EUR2.40/hr EUR22.00/24h); the other 4 (Caravaneige, Le Boulevard, Le Cervin, Les Lodges 1970) returned an empty tariff array from the live API - left blank rather than estimated, consistent with the ski-resort off-season seasonality flagged in the brief (captured late Sep, well before winter season opening). EV charging: none of the 7 facilities list an EV entry in their explicit schema.org amenityFeature lists (all checked, all False - presence/absence confirmed per facility, not just missing data). No competing operator found: Indigo (indigoneo.fr - no /villes/la-plagne page, 404; homepage and full site contain zero mentions of 'plagne') and Effia (effia.com/toutes-les-villes full city listing - La Plagne absent) both confirmed absent; APCOA (apcoa.fr) failed with a TLS handshake error (SNI 'unrecognized name') on every attempt, consistent with the known-broken pattern seen in every other French city in this project. Checked the resort's own official tourism site (la-plagne.com) including its dedicated 'Taxis, transports & parkings' directory page - it lists village-level free amenities (PMR/disabled spaces, free carpool areas, shuttle stops) and one unbranded 'Parking couvert Belle Plagne amont' entry with no operator name, pricing, or capacity given, in a village (Belle Plagne) where Q-Park has no facility; this looks like a small free/village-managed lot rather than a real commercial competitor, so it was not added as a competing-operator row given no operator/pricing could be confirmed. Q-Park is the sole real commercial operator identified for La Plagne, consistent with the pattern seen at Val d'Isère and Bourg-Saint-Maurice-Les Arcs."
Lagny sur Marne,3,done,"All 3 Q-Park facilities matched exactly to Q-Park's own Lagny-sur-Marne city page (Cinéma, Foch, Tanneurs). FacilityId GUIDs + schema.org geo/streetAddress/maximumAttendeeCapacity/amenityFeature scraped per facility page, live tariffs via GetTariffsForFacility API, captured 26 Sep 2026. Capacities 68-381 spaces. Pricing is unusually cheap for this small town: all 3 facilities have a genuine free first hour (EUR0.00/hr) with EUR5.10/24h daily cap - a real, confirmed tariff structure (not a missing/blank value; live API explicitly returned '0,00 EUR' for the '1 heure' tier at all 3 sites). EV charging confirmed only at Tanneurs (16 spots); Cinéma and Foch have none. No Indigo (indigoneo.fr ~89-city list - Lagny-sur-Marne absent) or Effia (effia.com/toutes-les-villes 14-city list - Lagny-sur-Marne absent, and no nearby-suburb overlap) presence found; APCOA (apcoa.fr) connection failed as in every other French city checked in this project. Q-Park is the sole operator identified."
Le Plessis Robinson,1,done,"Single Q-Park facility (Coeur de Ville, 12 Grand'Place, 212 spaces, EV charging point confirmed) matched exactly to Q-Park's own city page, FacilityId + live tariff API confirmed. Tariff is a free-first-hour-then-flat structure (15min/1h = EUR0.00, 6h = EUR8.90, 24h = EUR24.80) rather than a simple linear hourly rate, so hourly_rate left blank per methodology while the fixed 24h daily_cap (EUR24.80) was kept. No Indigo, Effia, or APCOA presence found."
Longvic,1,done,"Single Q-Park facility (Intermarché, 1 Rue Roland Dorgelès, 111 spaces) matched exactly to Q-Park's own city page, FacilityId confirmed via schema.org data; live tariff API returned an empty array (no published tariff), so both hourly_rate and daily_cap left blank per methodology. No EV amenity listed (stored as False). No Indigo, Effia, or APCOA presence found."
Lyon,5,done,"46 garages, 4 operators (Q-Park 5, LPA 34, Indigo 5, Effia 2). Q-Park (5, full coverage - exactly matches Q-Park's own stated Lyon facility count, confirmed via plain-curl-discoverable /fr-fr/villes/lyon/ links deduped to 5 facility slugs excluding /bons-plans/, each scraped for embedded FacilityId GUID + schema.org geo/streetAddress/maximumAttendeeCapacity + live GetTariffsForFacility API, all 5 returned live 1-heure/24-heures tariffs): EUR3.00-4.00/hr, EUR32.00-47.70/24h; EV ('Electric Charging Spots' schema field) confirmed at 2/5 (Brotteaux, Gare Perrache). LPA - Lyon Parc Auto, the Métropole de Lyon's own semi-public operator, prioritised per task guidance and given full coverage (34, sourced from parking.lpa.fr's own 'liste-des-parkings' page listing 37 named facilities; excluded 3 as outside Lyon commune proper - Aéroport Saint Exupéry P1 (69125 Colombier-Saugnieu, ~25km from the city), Arlès-Dufour (69600 Oullins), Hôtel de Ville Villeurbanne (69100 Villeurbanne) - matching this project's established Paris/Saemes precedent of excluding satellite-commune sites): address/geo/capacity scraped from each facility's own page (Google Maps link lat/lon, 'capacité' field), EV via the precise 'Recharge électrique' service-icon alt text (34/34 checked, 18/34 confirmed) rather than a looser sitewide text search which over-matched. Pricing: LPA does not publish a simple static 1-hour walk-up rate on most facility pages (only 4h+ per-15-min tiers and a daily/journalier rate), so the live 'Calculer un tarif' AJAX simulator (admin-ajax.php, action=extra_booking_simulate, same reusable nonce works across all facility IDs) was used to compute a genuine live 1-hour quote (11:30-12:30) for every facility that exposes it - this is LPA's own calculated price, not an estimate. 29/34 have both hourly (EUR2.00-3.60) and daily-cap (EUR10.00-52.80, mostly via 'Tarif journalier', 2 via 'Forfait 24 heures du 1er jour') pricing; Bourse and Parc des Sports Gerland have live hourly quotes but no published daily cap (left blank); 5 facilities (Ney, Parc minute Cité Internationale, Saint Just, Tables Claudiennes, Vendôme) are subscription/reservation-only with no walk-up simulator and no published hourly/daily tariff at all (both left blank) - Parc minute is a 15-space kiss-and-ride zone billed per-2-minutes beyond a 30-min-free window, a non-hourly structure also left blank per methodology. LPA capacities range 15-1773 (Villette P2 Part-Dieu largest). Indigo (5, full coverage - NOT a sample: fr.parkindigo.com's own sitemap.xml (585 France-wide facility URLs, confirmed non-paginated/complete) lists exactly 5 lyon-69xxx facilities and none in neighbouring communes, a genuinely small footprint contrary to the task brief's expectation of a large sample; sourced via each facility's own schema.org geo + the page's live-rendered 'Tarif horaire' 1-heure price): EUR3.00-4.50/hr; capacity not published anywhere on Indigo's pages (same finding as Paris/Belgium) so left blank for all 5; daily_cap also left blank for all 5 (same Paris precedent - only short walk-up tiers shown, full tariffs gated behind 'Voir tous les tarifs'); EV confirmed 3/5 via 'Borne de recharge' amenityFeature. Effia (2, full coverage of effia.com's own Lyon city page - Gare de Lyon-Perrache and Lyon Part-Dieu): Perrache is explicitly an on-street horodateur (ticket-machine) zone in front of the SNCF station, not a structured garage - flagged clearly here rather than silently treated as one, kept as a row since Effia itself lists and prices it as a 'parking' product (EUR2.30/hr, EUR48.80/24h, both real published tariffs); Lyon Part-Dieu uses Effia's dynamic 'Calculez votre tarif' calculator with no static price exposed, consistent with the no-static-Effia-pricing finding already logged for Paris, so hourly_rate/daily_cap left blank; capacity not published for either Effia facility; no EV at either. APCOA France: apcoa.fr connection failed outright (curl exit code 2 / HTTP 000) on both the Lyon-specific and homepage URLs, consistent with the same total-access-failure already logged for every other French city in this project, so excluded rather than sourced secondhand (operator count kept at 4, within the 4-5 cap). Pricing coverage: 40/46 hourly_rate populated, 33/46 daily_cap populated; EV confirmed at 23/46 sites. Surprising/notable: exactly as the task brief predicted, Q-Park's own footprint (5) is by far the smallest in Lyon - LPA alone outnumbers it nearly 7-to-1, and together the three competitors (LPA+Indigo+Effia = 41) make up 89% of the dataset, the most competitor-dominated market yet seen in this project (more even than Paris's Saemes-led mix). Unlike Paris, Lyon's Indigo presence turned out to be small (5, not the large sample expected) while LPA - the metropole's own semi-public champion, directly analogous to Saemes in Paris - is overwhelmingly dominant, holding 74% of all garages in the dataset and covering nearly every arrondissement of central Lyon."
Mâcon,4,done,"All 4 Q-Park facilities matched exactly to Q-Park's own Mâcon city page (FacilityId GUIDs + schema.org geo/streetAddress/maximumAttendeeCapacity/amenityFeature scraped per facility page, live tariffs via GetTariffsForFacility API - all 4 returned live pricing, captured 26 Sep 2026). Capacities range 106-277 spaces (Lamartine largest at 277, Halles smallest at 106). Pricing: all 4 facilities share an identical live tariff (EUR0.60/hr, EUR10.40/24h) - full pricing coverage, no blanks, and unusually uniform across the whole city (no facility-to-facility variation as seen in most other cities in this project). EV charging confirmed via 'Electric Charging Spots' schema field at all 4 sites (Centre 7 spots, Halles 6, Lamartine 4, Rambuteau 4) plus a matching boolean 'Electric charging point' amenity - full EV coverage, stored as True for all 4. Centre's embedded streetAddress was a minor scraping artifact on Q-Park's own site ('  Avenue E,Herriot' - double leading space, comma in place of a period), normalized to 'Avenue E. Herriot, 71000 Mâcon' (Halles/Lamartine/Rambuteau addresses were clean, only double-spaces trimmed). No competing operator found: Indigo Neo's own full city-slug list (indigoneo.fr/fr/parking-cities, ~90 French/Spanish/Belgian cities) does not include Mâcon; Effia (effia.com/toutes-les-villes full listing, and direct URL guesses effia.com/ville/macon and effia.com/parking-gare-macon-ville) both 404/absent despite Mâcon having an SNCF station; APCOA (apcoa.fr) failed at the TLS/connection level (curl exit 1, timeout), the same repeated-failure pattern seen in every other French city in this project. Notable watch-item: SAGS (Société d'Assistance et de Gestion du Stationnement), previously found operating Bergerac's garages under a Q-Park back-end white-label, is headquartered in Charnay-lès-Mâcon - directly adjacent to this city - so its presence was specifically re-checked; sags.fr still only links onward to q-park.fr/fr-fr/villes/ with no independent Mâcon listing or branding of its own, confirming it is not a distinct competing operator here either. Mâcon's own official site (macon.fr) returned HTTP 403 (anti-bot, same pattern as other French cities in this project) so could not be checked directly for a municipal/other operator, but no independent evidence of one surfaced. Q-Park is the sole real operator identified for this city."
Marseille,20,done,"Full coverage: all 20 Q-Park facilities matched (14 garages + 6 street-level ""voirie"" enclosures + P7); tariffs via live API where available (7 voirie/beaugeard sites have no published on-site tariff, left blank). Competitors: Indigo 15 facilities (indigoneo.fr, full pricing grid incl. 24h cap), Effia 9 facilities (all 5 downtown sites share a flat promo tariff, 3 Saint-Charles station sites priced higher, Résidence Rail has no public tariff). APCOA France and SAGS checked directly (apcoa.com has no France/Marseille facility directory; SAGS links to Q-Park's own site, so treated as Q-Park-affiliated, not counted separately) - no distinct facilities found. 44 total rows. 7 voirie enclosures geocoded via Nominatim (no embedded coords on Q-Park site); P3-P6 share one generic street address (Avenue Pierre Mendes France) so their geocoding clusters along that ~1km beachfront strip."
Metz,8,done,"9 garages, 2 operators. Q-Park's own site lists only 7 Metz facilities (not 8 as expected) - Aubertin, Boulevard de Trèves P1-P4, Mazelle, Paixhans - confirmed via full site scrape plus slug-guessing for other plausible names (all 404 except a redirect from the old 'coislin' slug to Mazelle); full coverage via schema.org JSON-LD geo/capacity (maximumAttendeeCapacity field) + live GetTariffsForFacility API. 2/7 facilities (Aubertin, Trèves P4) returned genuinely empty tariff arrays (confirmed via direct API calls using the exact pattern that worked for Chambéry), left blank; Trèves P1-P3 share tiered up-to-1h30=EUR0/6h=EUR9.60/24h=EUR10.00 tariffs with no clean hourly rate, hourly left blank per methodology, daily_cap=EUR10.00 kept; Mazelle and Paixhans both have clean EUR1.70/hr + EUR14.00 daily cap; only Mazelle has EV (14 spots). Effia (2, Metz has a major TGV station as expected): Gare de Metz (EUR1.80/hr, EUR16.60 cap, has paid EV charging) and Gare de Metz Château d'Eau (EUR1.80/hr, EUR17.10 cap, no EV) both sourced from effia.com's own live page tariff tables (Extrait des tarifs section) + embedded carparkLocation lat/lng; capacity not published on Effia's site for either so left blank. Effia's sitemap also listed a third Metz-named facility (parking-metz-thionville-chr-effia) but its embedded address resolves to Peltre (57245, Hôpital de Mercy), a different commune ~7km away - excluded as out of scope, same treatment as excluding Saint Julien les Metz. Indigo: no confirmed Metz presence - checked indigoneo.fr's full sitemap (thousands of /parkings/ entries) for metz, only hit was a one-off 2026 papal-visit event page; also absent from their parking-cities and parking-stations listing pages. Saemes: confirmed Paris/Ile-de-France-focused only, no Metz mentions anywhere on site. APCOA France: apcoa.fr unreachable again this session (connection failure), consistent with every other French city checked so far in this project. Pricing coverage: 4/9 hourly_rate populated, 6/9 daily_cap populated. Notable: the gap between the user's stated 8 Q-Park facilities and the 7 actually live on Q-Park's own Metz page - possibly a closed/renamed 8th site - could not be resolved despite exhaustive slug-guessing."
Montauban,5,done,"All 5 Q-Park facilities matched exactly to Q-Park's own Montauban city page (FacilityId GUIDs + schema.org geo/streetAddress/maximumAttendeeCapacity/amenityFeature scraped per facility page, live tariffs via GetTariffsForFacility API, captured 26 Sep 2026). Capacities range 42-313 spaces (Griffoul largest at 313, Saint Jean smallest at 42). Occitan Aerien (113 spaces) and Occitan Souterrain (165 spaces) share identical coordinates (44.018126/1.357832) and address (12 Place Prax-Paris) - a stacked above-ground/underground pair at the same site, both genuine per Q-Park's own separate facility pages with distinct FacilityIds. Pricing: 3/5 facilities have live hourly/24h tariffs (Consul Dupuy EUR1.80/hr EUR18.20/24h, Griffoul EUR2.30/hr EUR20.50/24h, Occitan Souterrain EUR2.30/hr EUR21.00/24h); Occitan Aerien and Saint Jean returned an empty tariff array from the live API despite having a Tarifs section in their page markup, left blank per non-hourly/dynamic-structure rule rather than estimated. EV charging confirmed via 'Electric Charging Spots' schema field at only 1/5 sites (Griffoul, 16 spots); the other 4 have explicit amenityFeature lists with no EV entry, stored as False since presence/absence was checked for every facility. No competing operator found: Indigo (indigoneo.fr - the /fr/villes/montauban path 404s, and Indigo's global sitemap of ~1200 individual facility pages worldwide contains no Montauban entry) and Effia (effia.com/toutes-les-villes - its full 13-city list, Beaune/Cannes/Chateauroux/Clermont-Ferrand/Libourne/Limoges/Lyon/Marseille/Paris/Saint-Etienne/Saint-Quentin-en-Yvelines/Sceaux/Thonon/Vincennes, does not include Montauban) both confirmed absent via their own live sites; APCOA (apcoa.fr) and the Montauban municipal site (montauban.fr) both failed with SSL handshake errors from this sandbox on every attempt, consistent with the APCOA connection-failure pattern seen repeatedly elsewhere in this project (treated as unreachable/likely absent, not as evidence either way). All 5 facilities appear to be a single-operator (Q-Park) monopoly city."
Montigny le Bretonneux,2,done,"2 Q-Park facilities (Les Loggias 110 spaces, Sud Canal P3 330 spaces; both first-hour/first-3h free then EUR25.00/24h, both with EV charging). Paris-suburb (Yvelines) town, no Indigo/Effia/APCOA presence found."
Nancy,4,done,"All 4 Q-Park facilities matched exactly to Q-Park's own Nancy city page (FacilityId GUIDs + schema.org geo/streetAddress/maximumAttendeeCapacity/amenityFeature scraped per facility page, live tariffs via GetTariffsForFacility API, captured 26 Sep 2026). Capacities range 347-2707 spaces (Brabois largest at 2707, serving the huge CHU Nancy-Brabois hospital campus on the city outskirts; CHRU Maternite smallest at 347). Pricing: 3/4 facilities (Brabois, CHRU Central, CHRU Maternite) have a ""first hour free then flat 6h/24h"" structure (1 heure = EUR0.00, jumps straight to a fixed 6h/24h price) so hourly_rate left blank per methodology while the fixed 24h daily_cap was kept (Brabois EUR36.00, CHRU Central EUR23.20, CHRU Maternite EUR36.00); Kinepolis alone has a clean simple hourly rate (EUR1.80/hr, EUR30.00/24h). EV charging confirmed via ""Electric Charging Spots"" schema field with spot counts at 3/4 sites (Brabois 76 spots, CHRU Central 21 spots, CHRU Maternite 6 spots); Kinepolis has no EV amenity listed, stored as False. Competing operator found: Indigo (indigoneo.fr) operates 5 facilities in Nancy, found via Indigo Neo's own Nancy city page (/fr/parking-cities/nancy-3970) facility links, each scraped via its schema.org ParkingFacility JSON-LD plus __NEXT_DATA__ pricing-grid JSON - Carnot, Leopold, Charles III, Saint-Dizier Saint-Nicolas, Joffre Saint-Thiebaut. 4 of these (Carnot, Leopold, Charles III, Saint-Dizier) share an identical tariff (EUR1.90/hr, EUR15.50/24h); Joffre Saint-Thiebaut alone is higher (EUR2.10/hr, EUR21.90/24h) - full pricing coverage, no blanks for Indigo. Capacity is not published anywhere on indigoneo.fr itself (no place-count field in its JSON-LD or __NEXT_DATA__ asset payload), so it was sourced instead from Nancy's own official city site (nancy.fr/services/mobilites-et-stationnements/toutes-nos-offres-de-stationnement), which lists Carnot 371, Leopold 339, Charles III 382, Saint-Dizier 209 places under ""Parkings concedes (Indigo neo)"", and separately lists a ""Parking Joffre-Saint Thiebaut"" at 682 places under its ""4 parkings prives"" category at the identical address (22 rue du Grand Rabbin Haguenauer) - the city site treats it as an independently-run private garage rather than a formal Indigo concession, but Indigo Neo's own page fully integrates it into the Indigo booking/badge/QR platform (uniquely carrying ""BOOKING"" in its supportedProducts, unlike the other 4 ""concede"" facilities), so it is counted here as Indigo. EV (via ""Borne de recharge"" amenity) confirmed true for Carnot, Charles III, Saint-Dizier and Joffre Saint-Thiebaut; false for Leopold (no EV amenity listed). The nancy.fr page independently corroborates Indigo's presence: it names Indigo as ""gestionnaire principal du dispositif de stationnement a Nancy"" (also runs on-street paid parking citywide) and discloses an April-2026 Indigo data-breach notice naming exactly these same 4 ""concede"" parkings (Charles III, St Dizier, Carnot, Leopold) - strong independent confirmation these are genuine. Surprising/important finding: Nancy has a large separate municipal parking network directly operated by Metropole du Grand Nancy (MGN) - at least 20 named ""Zone Jaune""/""Zone Verte"" parkings with no Q-Park/Indigo/Effia/APCOA branding (e.g. Stanislas 383, Deux Rives 477, Republique Centre de Congres Prouve 457, Kennedy 301, Dom Calmet 196, Vaudemont 190, Manufacture 240, Gare Saint Leon 230, plus many smaller ones) - per this project's established precedent (e.g. Antibes), these are treated as municipally self-operated rather than a competing commercial brand and excluded from the CSV. Also found 3 more independent ""parkings prives"" with no chain branding (Saint Sebastien 1100 spaces at the Centre Commercial Saint Sebastien, Saint Nicolas 450, Beaupre 340), also excluded on the same basis. Effia (effia.com/toutes-les-villes full city list) confirmed absent - no Nancy entry despite Nancy having a major SNCF station (Effia's typical niche); APCOA (apcoa.fr) failed to connect (TLS/connection-level failure) as in every other French city checked in this project."
Neuilly sur Seine,1,done,"1 Q-Park facility (Roule, 874 spaces, EUR3.20/hr EUR24.00/24h, no EV). Real Indigo presence confirmed (affluent Greater Paris) via indigoneo.fr's Next.js data JSON for the Neuilly-sur-Seine city page (not just a marketing landing page - a live asset list with id/name/lat-lon/address/amenities per facility): 6 facilities (Bagatelle, Inkermann, Madrid, Marché, Parmentier - all with EV_CHARGING amenity; Saint Jean Baptiste without). Indigo's page showed live per-reservation prices (~EUR2.9-3.0 for a sampled 1h slot) but no fixed hourly/24h walk-up tariff or capacity field was available via the API, so hourly_rate/daily_cap/capacity left blank for all 6 Indigo rows per methodology (reservation-based dynamic pricing, not a simple posted tariff). Effia (effia.com/toutes-les-villes) and APCOA (apcoa.fr, TLS handshake fails as in every other French city) both absent."
Nice,3,done,"All 3 Q-Park facilities matched exactly to Q-Park's own Nice city page (Aéroport Nice Côte d'Azur - Arénas, Gare du Sud, Notre Dame; the 'bons-plans' link on the city page is a promo page, not a 4th facility, correctly excluded). FacilityId GUIDs + schema.org geo/streetAddress/maximumAttendeeCapacity/amenityFeature scraped per facility page, live tariffs via GetTariffsForFacility API, all 3 returned live pricing, captured 26 Sep 2026. Capacities 206-536 spaces. Pricing EUR3.90-4.80/hr, EUR41.90-46.40/24h - Riviera-level premium pricing vs. other French cities in this project. EV charging confirmed at Aéroport (27 spots) and Gare du Sud (39 spots); Notre Dame has none. Checked thoroughly for competitor presence given Nice's size per task instructions: Indigo checked via both indigoneo.fr's live-booking platform (~89-city list - Nice, Antibes, Cannes, Toulon all absent) and indigo.fr (corporate site, no per-city facility finder, direct /nos-parkings/nice URL 404s) - no Indigo presence found. Effia checked via effia.com/toutes-les-villes (14-city list, includes nearby Cannes but not Nice) - absent. APCOA (apcoa.fr) connection failed as in every other French city checked in this project. Despite the small Q-Park count (3) for a major Riviera city, no branded competitor operator was confirmed present via any of the 3 target operators' own sites; any additional off-street capacity in Nice is presumably municipal (Nice city-run) rather than Indigo/Effia/APCOA-branded. Q-Park is the sole named commercial operator identified."
Nîmes,2,done,"2 Q-Park facilities (Gare Feuchères 800 spaces EUR2.70/hr EUR22.30/24h; Jean Jaurès 468 spaces EUR2.20/hr EUR19.50/24h; both with EV charging). Checked Indigo Neo's own Nîmes city page - it exists but returns 'Nous n'avons trouve aucun parking correspondant a votre recherche' (empty placeholder trap per methodology), so no real Indigo facility. Effia/APCOA absent."
Paris,23,done,"89 garages, 4 operators (Q-Park 23, Saemes 32, Indigo 24, Effia 10). Q-Park (23, full coverage - exactly matches Q-Park's own stated count of 23 Paris facilities, confirmed via the schema.org ItemList JSON-LD embedded in the city page itself listing all 23 by name+URL, then each facility's own page scraped for FacilityId GUID + schema.org geo/address/capacity + live GetTariffsForFacility API): 18/23 have clean ""1 heure""/""24 heures"" tariffs (EUR4.05-7.20/hr, EUR35.20-55.00 daily caps); 5 facilities (Saint-Placide, Cité de la Musique-Conservatoire, Cardinet, Damremont, Firmin Gemier) returned genuinely empty tariff arrays from the live API (confirmed via direct API calls, consistent with the empty-array pattern seen in Antwerp) so left blank rather than estimated; EV charging read from each facility's own amenityFeature schema (not the generic nav-menu EV link, which appeared on every page and was correctly excluded as a false positive) - 16/23 have on-site EV charging. Saemes (32, full coverage of every public/walk-up facility - Paris's own semi-public parking company, sourced from opendata.saemes.fr's official ""referentiel-parkings-saemes"" OpendataSoft dataset covering all 65 Saemes sites, filtered to type=""public"" + ville=""Paris"" which excludes 24 type=""résidentiel"" subscriber-only garages and several public sites outside Paris proper (Chatou/Houilles/Créteil/Gentilly); also excluded 1 site, ""Parking Bercy Autocars"", as it is a coach/bus-only facility per its own URL slug, not passenger-car parking): 31/32 have clean official 1hr/24hr tariffs (EUR3.20-5.50/hr, EUR22.40-55.00 daily caps) directly from Saemes' own published rate fields, only ""Méditerranée - Gare de Lyon"" (1622cap, France's largest single Saemes/possibly largest Paris motorbike-specialised) has no published VL hourly rate; EV charging confirmed for 22/32 via Saemes' own ""bornes_de_recharge_vehicule_electrique"" field. Indigo (24, representative sample per task guidance - Paris is Indigo's largest market with 59 distinct facilities found across the 19 of 20 arrondissements that list garages on indigoneo.fr's own site (18e arrondissement listed no facilities); sampled 1-2 facilities per arrondissement for geographic spread rather than full coverage, noted explicitly as a sample): all 24 sourced from indigoneo.fr's own schema.org ParkingFacility JSON-LD (same INDIGO Neo platform used in Belgium) giving clean geo/address, plus the page's own rendered ""Tarif horaire"" grid for the 1-hour walk-up rate (EUR4.20-6.60/hr); capacity not published anywhere on Indigo's facility pages (same finding as Belgium) so left blank for all 24; daily_cap also left blank for all 24 per the same Belgium precedent (Indigo only shows short-duration walk-up tiers up to 1hr on the public page, full/day tariffs are gated behind ""Voir tous les tarifs""); EV confirmed for 16/24 via the page's own amenityFeature ""Borne de recharge"" flag. Effia (10, full coverage of Paris - French SNCF/Keolis-linked group operating exclusively at Paris's mainline train stations: Gare de Lyon x2, Gare de l'Est x2, Gare du Nord, Gare Montparnasse x2, Gare Saint-Lazare, Bercy/Accor Arena, and Rome-Batignolles; excluded 1 further Gare de Lyon-area site and 1 Gare d'Austerlitz site as they are explicitly ""dépose minute"" drop-off-only zones, not parking facilities): geo/address sourced from each facility's own page (Drupal data-lat/data-lon attributes); important pricing finding - confirmed via live browser interaction (not just static fetch) that Effia's ""Tarifs sur place"" accordion, when actually expanded on the Gare de Lyon facility page, contains no walk-up price table at all, only payment-method icons (CB, prélèvement automatique) - Effia's own site simply does not publish live on-site hourly/daily rates for any Paris facility, only pre-booked reservation/subscription prices via separate RESERVATION/ABONNEMENT buttons (a different product category, correctly excluded per this project's established convention); hourly_rate/daily_cap left blank for all 10 accordingly; EV confirmed for 2/10 (Gare du Nord, Rome-Batignolles) via on-page service icons. APCOA France explicitly checked and excluded: apcoa.fr redirected to APCOA's Danish site content and the browser tool's own navigation to apcoa.fr was denied/failed outright, so - consistent with the same access failure already logged for apcoa.be in this project - it was not sourced and the operator count was kept at 4 (within the task's 4-5 cap) rather than added from a secondary/aggregator source. Pricing coverage overall: 73/89 hourly_rate populated, 49/89 daily_cap populated, EV confirmed at 56/89 sites. Surprising/notable: Saemes, not Q-Park, has the largest garage count in this dataset despite being a Paris-only regional operator - a reflection of Paris's own semi-public parking company retaining a large direct portfolio of public garages (distinct from the antwerpen.be finding where the equivalent municipal operator, GAPA, ran almost none directly)."
Paris La Défense,10,done,"12 garages, 2 operators (Q-Park 10, Indigo Neo 2). Q-Park (10, exact match to Q-Park's own stated count - full coverage via city page's plain-curl-greppable facility links + each facility's own page scraped for FacilityId GUID + schema.org geo/address/capacity/amenityFeature + live GetTariffsForFacility API): all 10 have clean live ""1 heure""/""24 heures"" tariffs - 8 share a uniform EUR5.00/hr, EUR36.50/24h core-district rate (Boieldieu, Centre-Grande Arche, Corolles, Coupole-Regnault, Michelet, Reflets/Iris, Saisons, Villon), Les Terrasses (Nanterre-Préfecture, on the district's edge) is cheaper at EUR2.20/hr EUR23.40/24h, and P1/P2 (the Westfield Les 4 Temps shopping-centre car park, France's largest single facility in this dataset so far at 4244cap) has a small discount at EUR4.70/hr EUR34.20/24h. EV charging confirmed via each facility's own ""Electric Charging Spots""/""Electric charging point"" schema fields at 9/10 sites (20-207 charging spots each, Reflets/Iris highest at 207); Villon is the only facility with no EV amenity at all (has ""Disabled Spaces"" instead). Capacity ranges 398cap (Corolles) to 4244cap (P1/P2); total Q-Park capacity here (~21,400) dwarfs Courbevoie's despite fewer facilities (10 vs 16), reflecting La Défense's much larger tower-basement garages. Indigo Neo (2, CNIT La Défense and Valmy La Défense - found via indigoneo.fr's own ""parkings à proximité"" cross-links radiating from Courbevoie's already-tracked Coeur Défense/Jacques Cartier facilities, both confirmed via addressLocality=Puteaux/Nanterre in each page's embedded schema; live walk-up pricing pulled from the rendered ""Voir tous les tarifs"" full grid via a live browser session, not the static placeholder HTML): CNIT EUR4.40/hr EUR30.00/24h, Valmy EUR4.60/hr EUR30.60/24h, both with confirmed EV (""Borne de recharge""); neither publishes capacity on its Indigo Neo page (same gap as every other French Indigo Neo facility in this project) so left blank for both. Notable cross-project finding: two Indigo-branded aggregator listings that returned 404 on indigoneo.fr when checked during the Courbevoie audit - ""Saisons"" at 16 Rue du Général Audran and ""Centre - Grande Arche"" at 13 Rond-Point de la Défense - turned out to be these exact two Q-Park La Défense facility addresses; the stale directories had almost certainly mislabeled Q-Park's own La Défense garages as Indigo, or reflect a prior operator change, not genuine separate Indigo sites (excluded from Courbevoie correctly, and no duplicate risk here since Q-Park's own live pages independently confirm both as Q-Park-operated today). Effia checked directly (effia.com's own XML sitemap of 502 /parking/ facility pages, searched case-insensitively for defense/puteaux/nanterre/courbevoie/cnit/arena/valmy, plus direct URL probing of plausible slugs): no Effia facility found in Puteaux, Nanterre, or Courbevoie today - despite Courbevoie's own CSV note referencing an Effia ""La Défense Valmy"" facility in Nanterre, that facility could not be independently reconfirmed on effia.com in this session (likely closed/delisted since), so Effia is excluded here as unverifiable rather than carried over secondhand. APCOA France checked: apcoa.fr connection failed outright (timed out/unreachable), consistent with the same access failure already logged for apcoa.be and apcoa.fr elsewhere in this project - excluded. Cross-validated against Paris La Défense's own official site (parisladefense.com): its ""Access by car"" page independently confirms the same Q-Park facility names (Corolles, Centre-Grande Arche, Coupole Regnault, Villon, etc.) with capacity figures matching Q-Park's live data almost exactly (e.g. Corolles 80 vs Q-Park's day-of-audit... note: PDF-listed static capacities differ slightly from Q-Park's live per-facility figures in a few cases, expected drift between a periodically-updated PDF and Q-Park's live API), and states the district's ""23,000 parking spaces available under the flagstone"" are run through this same Q-Park network - confirming there is no separate ""Paris La Défense""-branded competing operator, only Q-Park plus the two peripheral Indigo Neo sites. Pricing coverage: 12/12 hourly_rate and daily_cap fully populated (no genuine blanks this time, unlike most other French cities in this dataset). EV confirmed at 11/12 sites. All coordinates exact from embedded schema.org geo (Q-Park) / Next.js asset JSON (Indigo Neo), no geocoding needed."
Perpignan,3,done,"All 3 Q-Park facilities matched exactly to Q-Park's own Perpignan city page (Clémenceau Centre-Ville, République, Wilson). FacilityId GUIDs + schema.org geo/streetAddress/maximumAttendeeCapacity/amenityFeature scraped per facility page, live tariffs via GetTariffsForFacility API, all 3 returned live pricing, captured 26 Sep 2026. Capacities 318-498 spaces. Pricing EUR2.90-3.40/hr, EUR29.80-37.50/24h. EV charging confirmed at all 3 sites (17-24 spots each - strong EV coverage for a mid-size city). No Indigo (indigoneo.fr ~89-city list - Perpignan absent) or Effia (effia.com/toutes-les-villes 14-city list - Perpignan absent) presence found; APCOA (apcoa.fr) connection failed as in every other French city checked in this project. Q-Park is the sole operator identified."
Pierre Benite,1,done,"1 Q-Park facility (Hôpital HCL Lyon Sud, 1746 spaces, EUR1.90/hr EUR67.40/24h - high 24h price consistent with a hospital long-stay deterrent tariff, EV charging confirmed). No Indigo (absent from indigoneo.fr's ~84-90-city full listing), Effia, or APCOA (TLS handshake fails as in every other French city) presence found."
Poitiers,1,done,"1 Q-Park facility (Les Cordeliers, 318 spaces, EUR3.40/hr EUR38.70/24h, EV charging). No Indigo (absent from indigoneo.fr's full city listing), Effia, or APCOA (TLS handshake fails as in every other French city) presence found."
Reims,3,done,"Q-Park's own Reims city page listed 4 facility links (bezanne-gare, bezannes, courlancy, les-bleuets), but 'bezanne-gare' is a stale/orphaned duplicate page (HTTP 200, no FacilityId/geo/schema data, page marked 'Redirigé...' with title 'Parking pas cher Gare TGV Champagne-Ardenne') for the same TGV-station facility as 'bezannes' - the exact stale-link-inflates-count trap flagged in this project's methodology - so only 3 real facilities were used, matching the tracked qpark_facilities count. FacilityId GUIDs + schema.org geo/streetAddress/maximumAttendeeCapacity scraped per facility page, live tariffs via GetTariffsForFacility API, all 3 returned identical pricing (EUR3.10/hr, EUR13.70/24h), captured 26 Sep 2026. Capacities 185-709 spaces (Bezannes TGV station facility is largest). No EV charging found at any of the 3 facilities (amenityFeature present but no Electric Charging Spots entry). No Indigo (indigoneo.fr ~89-city list - Reims absent) or Effia (effia.com/toutes-les-villes 14-city list - Reims absent) presence found; APCOA (apcoa.fr) connection failed as in every other French city checked in this project. Q-Park is the sole operator identified."
Rouen,2,done,"2 Q-Park facilities (Palais de Justice Musee des Beaux-Arts 1121 spaces EUR4.00/hr EUR22.90/24h; Square des Arts 458 spaces EUR3.40/hr EUR27.00/24h; neither has EV amenity listed). No Indigo/Effia presence found despite Rouen being a mid-size city (checked both operators' full city listings, no match); APCOA TLS handshake fails as in every other French city."
Saint Brieuc,1,done,"1 Q-Park facility (Les Champs, 643 spaces, EUR1.90/hr EUR27.30/24h, EV charging). No Indigo (absent from indigoneo.fr's full city listing), Effia, or APCOA (TLS handshake fails as in every other French city) presence found."
Saint Etienne,4,done,"All 4 Q-Park facilities matched exactly to Q-Park's own Saint Etienne city page (FacilityId GUIDs + schema.org geo/streetAddress/maximumAttendeeCapacity/amenityFeature scraped per facility page, live tariffs via GetTariffsForFacility API, captured 26 Sep 2026). Capacities range 247-385 spaces (Fauriel CHPL largest at 385, Palais de Justice smallest at 247). Pricing: 4/4 facilities have live matching hourly/24h tariffs (EUR1.60-3.20/hr, EUR18.00-25.40/24h; Chavanelle and Palais de Justice share an identical EUR2.80/hr, EUR25.40/24h tariff). EV charging confirmed via 'Electric Charging Spots' schema field at 3/4 sites (Chavanelle 19 spots, Hôtel de Ville, Palais de Justice); Fauriel (CHPL) has an explicit amenityFeature list with no EV entry, stored as False. Fauriel (CHPL)'s schema streetAddress is oddly just '  Rue Baudin' with no house number (matches the page's own displayed address, not a scraping artifact). Surprise finding: Effia is also present here with 6 facilities (effia.com/ville/saint-etienne lists 5 - Châteaucreux/gare, Antonin Moine, Fauriel, Jean Jaurès, Vigne - but a 6th, 'Gare de Saint-Étienne Le Clapier', is a live linked facility omitted from that city listing page, only discoverable via the 'parkings à proximité' cross-links on the other 5 pages; caught by checking those links rather than trusting the city page alone). Effia does not publish capacity figures on facility pages (left blank, consistent with every other French city's Effia entries in this project) or a 24h daily cap except at Châteaucreux (EUR24.80); hourly tariffs found via the 'Tarifs sur place' accordion (EUR0.90-2.90/hr across 5 facilities). Effia's Vigne facility is subscription-only ('Parking réservé aux abonnements', 69.60EUR/month) with no walk-up hourly tariff and no EV service listed, unlike its 5 siblings which all have paid EV charging (Le Clapier's is free, not 'payante'). Indigo confirmed absent: its own full 'parking-cities' listing (indigoneo.fr/fr/parking-cities) does not include Saint-Etienne, and the one sitemap URL match for 'Saint-Etienne' (indigoneo.fr/fr/parkings/16204/parking-saint-etienne) is a street-name facility in Toulouse, not the city, confirming the beware-trap pattern from the methodology notes. APCOA (apcoa.fr) failed at the TLS/connection level as in every other French city checked in this project."
Saint Germain en Laye,1,done,"1 Q-Park facility (Marché Neuf, 415 spaces, EUR3.40/hr EUR23.80/24h, EV charging). Real Indigo presence confirmed via indigoneo.fr's Next.js data JSON for the city page (same live asset-list method used for Neuilly sur Seine): 3 facilities (Centre Château, Les Coches, Pologne), all with EV_CHARGING amenity. No fixed hourly/24h tariff or capacity field available via Indigo's API, so hourly_rate/daily_cap/capacity left blank for the 3 Indigo rows per methodology. Effia (absent from full city listing) and APCOA (apcoa.fr, TLS handshake fails as in every other French city) both absent."
Saint Julien les Metz,1,done,"1 Q-Park facility (Boulevard de Trèves P0, 20 spaces, no live tariff data returned by the pricing API - hourly_rate/daily_cap left blank). Distinct from Q-Park's Metz facilities in metz.csv: own unique slug (/villes/saint-julien-les-metz/boulevard-de-treves-p0/), own page, own FacilityId (f13e20d3-...), and Q-Park's own addressLocality field reads 'Saint Julien les Metz' vs 'Metz' for the P1-P4 facilities - confirmed not a duplicate. Oddity worth flagging: P0's embedded street address ('18 Boulevard de Trèves') and geo coordinates (49.1225556/6.1878889) are IDENTICAL to metz.csv's QP02 (Boulevard de Trèves P1, 150 spaces) despite having a different FacilityId and different capacity (20 vs 150) - appears to be a data-entry duplication on Q-Park's own site (P0 likely a small satellite/overflow area of the same structure), not a duplicate row in this dataset. No Indigo (absent from indigoneo.fr's full city listing), Effia, or APCOA (TLS handshake fails as in every other French city) presence found."
Saint Laurent du Var,1,done,"1 Q-Park facility (Atoll Beach, 440 spaces, EUR4.20/hr EUR38.60/24h - highest hourly rate of this batch, consistent with a Côte d'Azur beach/shopping-centre location, no EV). No Indigo (absent from indigoneo.fr's full city listing despite proximity to Nice), Effia, or APCOA (TLS handshake fails as in every other French city) presence found."
Saint Malo,1,done,"1 Q-Park facility (Saint Vincent, 480 spaces, EUR2.70/hr EUR40.60/24h, EV charging). No Indigo (absent from indigoneo.fr's full city listing despite Saint-Malo's tourist profile), Effia, or APCOA (TLS handshake fails as in every other French city) presence found."
Saint Mandé,3,done,"All 3 Q-Park facilities matched exactly to Q-Park's own Saint-Mandé city page (Charles Digeon, Sacrot, Sainte Marie). FacilityId GUIDs + schema.org geo/streetAddress/maximumAttendeeCapacity/amenityFeature scraped per facility page. Capacities 95-204 spaces. Live tariffs via GetTariffsForFacility API: Charles Digeon returned live pricing (EUR2.40/hr, EUR20.20/24h); Sacrot and Sainte Marie both returned empty tariff arrays (pages show only 'Abonnement'/subscription content, no on-site hourly tariff table), so hourly_rate/daily_cap left blank for those two per methodology. EV charging confirmed only at Charles Digeon (2 spots). No Indigo (indigoneo.fr ~89-city list - Saint-Mandé absent) presence found; checked neighbouring Effia facility in Vincennes (effia.com/ville/vincennes exists) but its address is in Vincennes proper (94300), a distinct commune, not within Saint-Mandé (94160), so not counted as a Saint-Mandé competitor; Effia has no Saint-Mandé listing of its own. APCOA (apcoa.fr) connection failed as in every other French city checked in this project. Q-Park is the sole operator identified in Saint-Mandé itself."
Saint Quentin,1,done,"Sole Q-Park facility (Hôpital, 02100) matched via FacilityId GUID + schema.org geo/address/capacity, live GetTariffsForFacility tariff (EUR2.10/hr, EUR9.90/24h), EV confirmed (33 charging spots). Indigo absent (indigoneo.fr city list has no Saint-Quentin-Aisne entry); Effia's city list matched only 'Saint-Quentin-en-Yvelines' - a different, unrelated commune near Versailles, correctly excluded as a namesake trap; APCOA confirmed non-functional (TLS handshake failure, same as every other French city in this project). Q-Park is the sole real operator identified."
Saintes,3,done,"All 3 Q-Park facilities matched exactly to Q-Park's own Saintes city page (Bois d'Amour, Centre Ville Saintes, Saint Pierre). FacilityId GUIDs + schema.org geo/streetAddress/maximumAttendeeCapacity/amenityFeature scraped per facility page, live tariffs via GetTariffsForFacility API, all 3 returned live pricing, captured 26 Sep 2026. Capacities 117-248 spaces. Pricing EUR1.60-1.80/hr, EUR8.80-13.10/24h. No EV charging found at any of the 3 facilities (amenityFeature present but no Electric Charging Spots entry). No Indigo (indigoneo.fr ~89-city list - Saintes absent) or Effia (effia.com/toutes-les-villes 14-city list - Saintes absent) presence found; APCOA (apcoa.fr) connection failed as in every other French city checked in this project. Q-Park is the sole operator identified."
Sartrouville,1,done,"Sole Q-Park facility (Lamartine, 78500) matched via FacilityId GUID + schema.org geo/address/capacity, live GetTariffsForFacility tariff (EUR2.60/hr, EUR15.10/24h), EV confirmed (20 charging spots). Indigo and Effia both absent from their own full France city listings; APCOA confirmed non-functional (TLS handshake failure, same pattern as every other French city in this project). Q-Park is the sole real operator identified."
Toulon,12,done,"15 garages, 3 operators (Q-Park 12, Indigo 1, Effia 2). Q-Park (12, exact match to Q-Park's own stated Toulon facility count via https://www.q-park.fr/fr-fr/villes/toulon/, full coverage via facility-page scraping of embedded FacilityId GUIDs + schema.org geo/address/capacity/amenityFeature + live GetTariffsForFacility API, 26 Sep 2026): 11/12 fully structured with live geo, EUR1.50-2.80/hr, EUR10.40-18.70 daily caps, EV at 11/12 sites (10-32 charging spots each per Q-Park's own amenityFeature counts); Delaune Pont du Las and Liberté show EUR0.00 for 15min/1hr (grace-period pricing, real live API response, not a data gap). Surprising find: the 12th facility, ""La Loubière"" (FacilityId 630de11f), is anomalous on Q-Park's own site - stripped-down page (half the size of the others), null/0,0 embedded geo (approximated instead via Nominatim on its Boulevard Raynouard address), and only 2 amenity fields (no EV, unlike every other Q-Park Toulon facility). Cross-checking Toulon Provence Méditerranée's own official metropole page (metropoletpm.fr/gerer-les-parcs-et-aires-de-stationnement) explains why: TPM states only ""11 parkings à Toulon exploités par Q-Park"" under Délégation de Service Public, while La Loubière is separately listed under the metropole's own direct-operation arm, the Régie Métropolitaine du Stationnement (8 parkings/1750 places total across the metro area, including this one in Toulon). So La Loubière is genuinely metro-operated, not Q-Park, despite still appearing on Q-Park's own city page with a live (and genuinely different, lower) tariff - kept as a 12th Q-Park row since the task's source of truth is Q-Park's own self-declared count, but flagged clearly in its address field. Indigo (1, via Indigo Neo's live search UI at indigoneo.fr - static curl/sitemap scraping found zero Toulon presence in Indigo's own sitemap-links-fr.xml, but the live in-app city search does surface one facility not in that sitemap): Palais Liberté, Pl. de la Liberté - EUR2.90/hr, EUR18.50/24h (1 jour), no EV, capacity not published by Indigo. Notably sits ~15m from Q-Park's own ""Liberté"" facility on the same square - two genuinely distinct, separately-branded garages confirmed via each operator's own FacilityId/page, not a duplicate. Effia (2, via effia.com's own live search + rest/reservation-search API, both at the SNCF Toulon train station on Boulevard Toesca): main facility (""Toulon - Parking Gare SNCF Louis Armand"") EUR3.60/hr, EUR25.10/24h, on-site EV charging confirmed via its own services list; second facility is a dépose-minute (kiss-and-ride) zone with only short-stay tariffs published (EUR4.70/1hr, no 24h rate, no EV) - kept as a distinct real facility rather than merged into the main one since Effia publishes it as its own page/FacilityId. Saemes: confirmed via saemes.fr's own parking list - Paris-region only (Paris intra-muros, Houilles, Serris), zero Toulon or Var presence, excluded. APCOA France: apcoa.fr did not resolve at all (DNS/connection failure), consistent with its absent/broken status noted in earlier countries in this project - excluded. Pricing coverage: 14/15 hourly_rate populated (all except La Loubière's daily cap is present; only EF02 dépose-minute genuinely lacks a daily_cap since Effia only publishes up to 1-hour tariffs for it). EV charging confirmed at 12/15 sites (11 Q-Park + 1 Effia)."
Toulouse,4,done,"21 garages, 3 operators (Q-Park 4, Indigo 16, Effia 1). Q-Park (4, full coverage - exactly matches Q-Park's own stated Toulouse facility count, confirmed via plain-curl-discoverable /fr-fr/villes/toulouse/ links deduped to 4 facility slugs excluding /bons-plans/, each scraped for embedded FacilityId GUID + schema.org geo/streetAddress/maximumAttendeeCapacity + live GetTariffsForFacility API, all 4 returned live 1-heure/24-heures tariffs): Compans Caffarelli (990cap, EUR3.70/hr EUR29.60/24h, no EV), IOT Labège (307cap, EUR2.60/hr EUR18.50/24h, no EV - note this facility's own postalCode is 31670 (Labège commune, ~10km SE of Toulouse) though Q-Park's own addressLocality field reads 'Toulouse'; kept as Q-Park lists it under its Toulouse city page and this project follows the operator's own city grouping), Jeanne d'Arc / Centre-Ville (400cap, EUR3.30/hr EUR25.60/24h, EV 20 spots), Montaudran (352cap, EUR2.80/hr EUR20.10/24h, EV 11 spots) - all via 'Electric Charging Spots' schema field, full pricing coverage, no blanks. Indigo (16, full coverage - indigoneo.fr's own city page (fr/parking-cities/toulouse-140) lists exactly 16 facilities and its sitemap-derived 'avec-borne-de-recharge-a-toulouse' and 'gare-de-toulouse-matabiau' station pages surfaced no additional ones, confirming completeness): Capitole, Saint Aubin, Arnaud Bernard, Saint-Georges, Esquirol, Carnot, Parc Victor Hugo, Jean Jaurès, Saint-Michel, Saint-Cyprien, Place de l'Europe, Parc des Carmes, Clinique Pasteur, Gare-Marengo, Matabiau Ramblas, Saint-Etienne; geo/address sourced from each facility's own schema.org JSON-LD (Saint Aubin's page uniquely lacked a rendered schema.org block and had a blank streetAddress - its address (2 Boulevard Jules Michelet) was cross-sourced from Mappy/Pagesjaunes third-party listings, flagged here since it breaks the single-source-of-truth pattern used for every other row); live '1 heure' walk-up rate read from each page (EUR1.90-3.60/hr); capacity and daily_cap not published anywhere on Indigo's Toulouse pages (same finding as Paris/Belgium/Lyon Indigo footprints in this project) so left blank for all 16; EV confirmed at all 16/16 via each facility's own 'Borne de recharge' TextWithDecorativeIcon amenity list (verified this is facility-specific, not the generic sitewide amenities-filter i18n dictionary also present on every page, by cross-checking against facilities with real schema.org amenityFeature blocks - the two sources agreed everywhere they could be compared). Effia (1, full coverage of Toulouse - effia.com/ville/toulouse lists a single facility, Parking Gare de Toulouse Matabiau at the SNCF station, 64 Boulevard Pierre Sémard; a second 'nearby' listing on the same page, 'Parking poids lourds et autocars de Toulouse Fondeyre', is a truck/coach-only facility and was correctly excluded as non-passenger parking, consistent with the Bercy Autocars exclusion precedent from Paris): unlike most other Effia facilities logged in this project (which publish no static walk-up price), this one has a full published 'Tarifs sur place' table for cars (EUR3.50/hr, EUR23.40/24h); EV confirmed via 'Recharge électrique' service icon; capacity not published, left blank. Surprising/notable: Toulouse turned out to have a dominant COMPETITOR but not a distinct semi-public municipal champion like Lyon's LPA or Paris's Saemes - research into 'SMAT' (Société de la Mobilité de l'Agglomération Toulousaine), which had managed the Marengo facility under a public delegation from 2014, confirmed it has since been superseded: Toulouse Métropole re-tendered its off-street parking estate as a single exploitant-unique concession (per Le Moniteur trade press) and Indigo now operates Marengo directly (branded 'Parking Gare - Marengo' on indigoneo.fr) alongside its other 15 Toulouse sites, so SMAT is a historical/superseded operator and was not added as a separate row. As the task brief predicted for a competitor-dominated market, Q-Park's own footprint (4) is far smaller than Indigo's (16) - Indigo alone outnumbers Q-Park 4-to-1 and, together with the single Effia station facility, competitors hold 17/21 (81%) of the dataset, a Lyon-like skew but driven by one large branded competitor (Indigo) rather than a dedicated local semi-public operator like LPA. Pricing coverage: 21/21 hourly_rate populated (full coverage, no blanks); 5/21 daily_cap populated (all 4 Q-Park + the 1 Effia facility; all 16 Indigo facilities lack a published daily rate). EV confirmed at 19/21 sites (2 Q-Park facilities, Compans Caffarelli and IOT Labège, have no EV amenity listed)."
Uzès,3,done,"3 Q-Park facilities (Gide, Uzès Cordeliers, Uzès Gare, found via URL-encoded accented slug uz%c3%a8s), all live-priced - Cordeliers and Gare both show a genuine EUR0.00 first-hour rate (free first hour) with EUR11.50/24h; Gide is EUR1.50/hr, EUR12.40/24h. No EV, no competitors (absent from Indigo/Effia full city lists; APCOA unreachable)."
Val d Isère,12,done,"12 garages, 1 operator (Q-Park 12, no real competitors found - genuine single-operator market). Q-Park (12, exact match to Q-Park's own stated Val d'Isère facility count via https://www.q-park.fr/fr-fr/villes/val-d-is%c3%a8re/ [apostrophe URL-encoded as val-d-is%c3%a8re, not stripped as seen for some other cities]: Centre des Congrès, P0 Centre, P1 Face de Bellevarde, P2 Daille, P3 Crêt, P4 Bus, P5 Plaine de la Daille, P6 Laisinant, P7 Manchet, Les Richardes, Rond-Point des Pistes, Val Village - full coverage via each facility's own embedded FacilityId GUID + schema.org geo/address + maximumAttendeeCapacity + 'Electric Charging Spots' amenityFeature + live GetTariffsForFacility API, captured 26 Sep 2026). 8/12 facilities returned live '1 heure'/'24 heures' tariffs (EUR0.00-3.20/hr, EUR20.10-58.00 daily caps); the other 4 (Centre des Congrès, Les Richardes, Rond-Point des Pistes, Val Village) returned an empty tariff array from the live API - left blank per the non-estimate rule. Seasonality strongly apparent: capture date (26 Sep 2026) is deep off-season for this ski resort (the resort's own site states winter season runs 28 Nov 2026-2 May 2027), and P4 Bus and P7 Manchet both show a live '1 heure' rate of EUR0.00 while still charging for 6h/24h - consistent with an off-season grace/short-stay policy rather than genuine year-round free parking; captured as-is, not estimated for winter pricing per instructions. EV charging confirmed at 4/12 sites (P0 Centre 18 spots, P1 Face de Bellevarde 2, P3 Crêt 2, P5 Plaine de la Daille 2, all via Q-Park's own amenityFeature) - independently cross-verified against the resort's own official tourism site (valdisere.com/guide-du-village/parkings/), which publishes its own borne-by-borne breakdown for facilities P0-P7 that matches Q-Park's data exactly (confirms no borne at P2/P6/P7, and that P4 Bus's 4 DC-fast chargers bundle 2h free charging time, consistent with its EUR0.00 1hr live tariff). Competitors checked per methodology: Indigo (indigoneo.fr's own sitemap-links-fr.xml, ~6000 France/Benelux/Spain facility URLs - zero Val d'Isère match), Effia (effia.com's own sitemap.xml - zero Val d'Isère match; its French footprint is stations/events, not ski resorts), APCOA France (apcoa.fr connection timeout, consistent with its broken/absent status logged elsewhere in this project) - none found. Also checked the resort's own official tourism/booking site (valdisere.com) for a distinct resort-operated parking scheme, per the ski-resort-specific-operator hypothesis: its 'Parkings & bornes de recharge' guide page names only Q-Park for every facility (deep-links directly to each Q-Park facility's own city-guide sub-page) and its own booking portal (parkingvaldisere.com) is a Q-Park-branded reservation front-end, not a separate operator. Conclusion: Val d'Isère is a genuine single-operator (Q-Park) monopoly market, unlike most other French cities completed so far in this project. Capacity ranges 5 (P4 Bus, a small bus/camping-car/van lot) to 448 (P1 Face de Bellevarde). Addresses sourced from each facility's own schema.org streetAddress field, whitespace-normalized; a duplicate 'la la' typo present in Q-Park's own raw address data for P4 Bus and P5 Plaine de la Daille was corrected to a single 'la'."
Valence,10,done,"12 garages, 2 operators (Q-Park 10, Effia 2). Q-Park (10, exact match to Q-Park's own stated Valence facility count via its city page's 10 facility links: Chamfort, Champ de Mars, Chareton Est, Chareton Ouest, Chevandier, Faventines, Gare, Hôtel de Ville, Hugo Balzac, Manouchian - full coverage via each facility's own embedded FacilityId GUID + schema.org geo/address + 'Places de stationnement'/'Bornes de charge' amenity fields + live GetTariffsForFacility API): all 10 returned clean '1 heure'/'24 heures' live tariffs (EUR1.50-2.50/hr, EUR16.30-19.80 daily caps, captured 26 Sep 2026) - full pricing coverage, no blanks. EV charging confirmed at only 1/10 (Champ de Mars, 19 charging points per its own amenity field - the 'Bornes de recharge' text appearing on every page is a generic nav-menu link and was correctly excluded as a false positive; only the facility-card 'Bornes de charge :' field counts). Capacity ranges 58 (Manouchian) to 842 (Champ de Mars, also the largest facility and the city's only EV site). Effia (2, at Valence TGV mainline station - Parking gare de Valence TGV P1 Alpes and P2 Rhone, found via effia.com's own /ville/valence redirect to /ville/valence-tgv, coords/capacity/services sourced from the page's embedded Drupal search-result JSON): P1 811cap, P2 513cap, both list 'Recharge électrique payante' as a facility service so has_ev=True for both; both are dynamic reservation-priced (no static walk-up hourly/daily rate published - the site's own 'Calculez votre tarif' calculator requires a live date/time query and only a weekend forfait of EUR14.90 is shown statically) so hourly_rate/daily_cap left blank per the non-hourly-structure rule. Note: Valence TGV station itself sits in Alixan (26300), ~10km from Valence city centre (26000) - included as the city's recognised rail-gateway facility, following the same convention as airport/station facilities being attributed to their served city elsewhere in this project; addresses reflect the actual Alixan location for transparency. Indigo Neo checked (indigoneo.fr's own /fr/parking-cities directory lists ~85 French/Belgian/Spanish cities alphabetically with no 'Valence' France entry, only 'Valencia' Spain and 'Valenciennes' - confirmed absent). APCOA France checked: apcoa.fr redirects to unrelated Danish content, consistent with the pattern already logged for this operator elsewhere in this project - excluded. Saemes checked: saemes.fr/nos-parkings/ 404s to a fallback page listing only its Paris-region portfolio (Bercy, Carnot, George V, etc.) with no Valence facility - confirmed Paris-only per this operator's established pattern, excluded. No distinct municipal/DSP concessionaire found beyond Q-Park (ville.valence.fr and valenceromansagglo.fr both returned 403 to automated requests; Q-Park's own facility set already covers the Hôtel de Ville and Gare sites, consistent with Q-Park holding the city's own on/off-street DSP as seen in other French cities in this project). Pricing coverage: 10/12 hourly_rate and daily_cap populated (only the 2 Effia reservation-priced facilities blank); EV confirmed at 3/12 sites (1 Q-Park, 2 Effia)."
Vannes,1,done,"2 garages, 2 operators (Q-Park 1, Indigo 1). Q-Park (Port, matched via FacilityId GUID + schema.org geo/address/capacity, live tariff EUR2.60/hr EUR25.60/24h, EV confirmed 21 spots). Indigo (1 real facility found - a genuine positive result, unlike most other small French cities in this project: indigoneo.fr's own /fr/parking-cities directory lists a live Vannes city page with one asset, 'République' at 18 Place de la République, id 15803, found via the page's embedded __NEXT_DATA__ JSON; live pricingGridRowsPropsUI gave EUR3.40/1hr and EUR23.00/24h; EV_CHARGING + DISABLED_ACCESS + SECURITY_CAMERAS amenities confirmed; capacity not published by Indigo Neo itself, and Vannes' own official site (vannes.fr/stationnement) quick-checked but only gives a citywide total (~5500 spaces), not a per-facility figure, so left blank rather than estimated). Effia absent (not in its own toutes-les-villes listing). APCOA confirmed non-functional (TLS handshake failure, consistent with every other French city in this project)."
Vélizy-Villacoublay,1,done,"Sole Q-Park facility (Happy Vélizy, 78140, slug URL-encoded for the é) matched via FacilityId GUID + schema.org geo/address/capacity, live GetTariffsForFacility tariff (EUR1.50/hr, EUR23.90/24h). No EV amenity listed for this facility (amenityFeature list has only Drive Through Height/ANPR/Coin payment/Credit card payment/Disabled - no EV field at all, stored as False). Indigo and Effia both absent from their own full France city listings; APCOA confirmed non-functional (TLS handshake failure, same pattern as every other French city in this project). Q-Park is the sole real operator identified."
Vichy,1,done,"Sole Q-Park facility (Les 4 Chemins, 03200) matched via FacilityId GUID + schema.org geo/address/capacity, live GetTariffsForFacility tariff (EUR2.50/hr, EUR14.70/24h), EV confirmed (24 charging spots). Indigo and Effia both absent from their own full France city listings; APCOA confirmed non-functional (TLS handshake failure, same pattern as every other French city in this project). Q-Park is the sole real operator identified."
Villaroger,1,done,"Sole Q-Park facility (Villaroger - Télécabine, 73640) matched via FacilityId GUID and Q-Park's own city page. As anticipated (small ski-adjacent Alps village near Val d'Isère/Bourg Saint Maurice Les Arcs, both already done in this project - no overlap, this is a distinct facility), Q-Park's own embedded schema.org geo was null/0,0 so coordinates were geocoded via Nominatim to the Le Pré Derrière télécabine/gondola-station area (45.5951224, 6.8641457), matching the facility's own 'Télécabine' name. Live GetTariffsForFacility API returned an empty tariff array (captured 26 Sep 2026, deep off-season) - consistent with the seasonal nominal/absent off-season pricing pattern seen at other Alps facilities in this project, so hourly_rate and daily_cap left blank rather than estimated. No EV amenity listed (amenityFeature has only Drive Through Height and 24/7 Access). Indigo and Effia both absent from their own full France city listings; APCOA confirmed non-functional. Q-Park is the sole real operator identified."
Villeurbanne,3,done,"3 Q-Park facilities (Central Park, Centre Léon Blum, Médipôle PA-PC, all live-priced; Médipôle has EV) - Villeurbanne's own Q-Park city page, kept fully separate from the existing lyon.csv (which only covers the /fr-fr/villes/lyon/ slug). Also found 1 real LPA (Lyon Parc Auto / Métropole de Lyon régie) facility, Hôtel de Ville Villeurbanne, via parking.lpa.fr's full parkings list - address/GPS/capacity/tariff scraped from its own page (hourly_rate derived as the site's exact linear 15-min rate x4, matching the convention already used for Lyon's LPA rows, e.g. Antonin Poncet's 0.85 x4=3.40 in lyon.csv). No Indigo/Effia (absent from full city lists) and APCOA unreachable as elsewhere."
Viroflay,1,done,"Sole Q-Park facility (Bibliothèque, 78220) matched via FacilityId GUID + schema.org geo/address/capacity, live GetTariffsForFacility tariff (EUR2.00/hr, EUR17.30/24h), EV confirmed via 'Electric charging point' amenity field. Indigo and Effia both absent from their own full France city listings; APCOA confirmed non-functional (TLS handshake failure, same pattern as every other French city in this project). Q-Park is the sole real operator identified. This is the last of the 7 final-batch cities - all 77 French cities are now complete."
