city,status,notes
London,done,"34 garages across 4 operators. Q-Park 17/17 (full coverage of every facility on Q-Park's own London city page, JSON-LD geo/capacity/address, live tariffs via GetTariffsForFacility API for 15/17; Gatwick and Heathrow have no static hourly/daily tariff - airport parking is pre-booking/dynamic pricing only, left blank per methodology - note Gatwick is ~28mi south in Crawley/West Sussex, not actually within Greater London, despite Q-Park listing it under 'London' and giving it addressLocality=London; Heathrow genuinely is in Greater London/Hillingdon). APCOA 9/9 (full coverage per apcoa.co.uk/find-parking/locations/london listing; JSON-LD geo/capacity, tariffs scraped from rendered pricing-panel HTML; South Bank and Central Middlesex Hospital have no clean 1-hour tier so hourly_rate left blank). NCP 6 of 30+ (NCP has 30+ London car parks per their own city page - sampled 6 spread across zones: West End/Marylebone, City x3 [Finsbury Sq, Saffron Hill, Thames Exchange], South Bank/London Bridge, East End/Whitechapel; live ncp.co.uk is Cloudflare-bot-protected (403 to all non-browser fetches, and shared browser tab was being used by concurrent city agents), so used Wayback Machine archives from Sep-2025/Jan-2026 for geo+tariffs - NCP confirmed still live and trading per current homepage administration notice, in administration since Mar-2026 but continuing to operate, these 6 not flagged as closed). Saba (formerly Indigo) 2/2, full coverage - surprising finding: Indigo Park UK has been fully rebranded to 'Saba Parking' (sabaparking.co.uk) in the UK, unlike Indigo's presence elsewhere in this project; only West India Quay and Kensington High Street exist in London under this brand, no embedded coordinates on their site so geocoded both via single Nominatim batch. Capped at 4 operators per methodology (Q-Park/APCOA/NCP/Saba); did not add a 5th - checked and London boroughs were not found running large standalone competitive multi-storeys distinct from these operators in the areas surveyed. Pricing coverage: hourly_rate populated for 27/34, daily_cap for 30/34. All GBP (£), none estimated - blanks are deliberate per non-hourly/non-clean-tier tariff structures."
Manchester,done,"49 garages across 3 operators. Q-Park 10/10 full coverage of every facility on Q-Park's own Manchester city page (Deansgate North/First Street/Manchester Hospitals/Palace/Piazza/Piccadilly Gardens/Piccadilly Place/Sackville Street/Waterside/Wilmslow Park) - JSON-LD GeoCoordinates/maximumAttendeeCapacity/Electric Charging Spots amenityFeature per-page, live tariffs via GetTariffsForFacility API for all 10; Deansgate North/First Street/Piazza/Piccadilly Place have genuine entry-time-band hourly rates (vary by hour of entry, e.g. 3.00-3.70/hr) so hourly_rate left blank but real 24h-cap kept; the other 6 have a clean 'up to 1 hour' tier used as hourly_rate. Note Manchester Hospitals (380sp) and Wilmslow Park (49sp) share the identical Hathersage Road/M13 0JQ address with different facilityIds/capacities - kept both as genuinely separate Q-Park-confirmed listings (likely adjacent structures at the same hospital site); Waterside is technically in Sale (M33), several miles outside Manchester, but Q-Park itself categorizes it under the Manchester cluster so included per full-coverage methodology. APCOA 19/19 full coverage of apcoa.co.uk's own Manchester locations page (Ancoats Mobility Hub/Aquatics Centre/Arndale/Bloom Street/Bridge Street/Bridgewater Hall/Chepstow Street/China Town/Hulme Street/King Street West/Manchester Piccadilly Station Long+Short Stay/Manchester Printworks/Northern Quarter/School Lane North+South/Sheffield Street/Stone Street/Thurloe Street) - JSON-LD geo+address from each page, tariffs scraped from rendered pricing-panel text; capacity and has_ev left blank for all 19 as APCOA's Manchester pages do not publish a numeric total-spaces or facility-specific EV figure anywhere in static HTML (unlike Q-Park) - the only numeric spaces counts found were for OTHER facilities shown in each page's 'nearby' comparison widget, not the page's own facility, so not used to avoid misattribution; Piccadilly Station Short Stay is currently closed for remedial works per its own page notice but kept as a real (temporarily non-operational) facility. Cross-checked Manchester City Council's own 'all car parks' directory (manchester.gov.uk) - it lists exactly these same 15 APCOA-branded facilities (a subset) with no distinct council-branded pricing, confirming the council does not operate city-centre car parks directly but contracts the lot to APCOA; NOT counted as a separate 5th operator. NCP 20/22 of genuine facilities (Didsbury Wilmslow Road/Manchester Albion Street/Central/Chester Street/Chorlton Street/Circle Square/Crown Industrial Estate/Great Northern Warehouse 1+2/Jersey Street/Trumpet Street/Oxford Street/Piccadilly Plaza/Richmond Street/Spinningfields/Store Street/Imperial War Museum North plus Salford New Bailey/Stanley Street and Wilmslow Grove Way, the latter 3 outside the Manchester boundary proper but part of NCP's own Manchester-hub listing, kept per the Waterside precedent above) - live ncp.co.uk is Cloudflare-bot-protected (403 to curl/WebFetch) and no browser tab was available (concurrent agents on other UK cities at the shared tab cap), so used Wayback Machine archives (Nov-2025 through Feb-2026 snapshots) for address/capacity/tariff, parsed from each facility's own 'Total spaces'/'Tariff'/'Pay via the NCP App' page sections; NCP confirmed still trading nationally (in administration since Mar-2026, PwC-appointed, ~318 sites open) with no Manchester-specific closures found. IMPORTANT finding: excluded NCP's own 'Manchester Palace' (Atwood Street, M1 6NE, 411sp) and 'Manchester Sackville Street' (M1 3LY, 119sp) listings as stale duplicates of Q-Park's already-listed Palace (404sp) and Sackville Street (118sp) facilities - identical addresses/postcodes and near-identical capacities strongly indicate these are the same two physical buildings that changed operator/branding to Q-Park while NCP's own archived pages (not yet removed) still show them; not double-counted. Also excluded NCP's 'NCP Manchester Flightpath' (Irvin Drive, M22 5LS, 750sp) as an airport park-and-fly product near Manchester Airport, out of scope for city-centre/city-area competitive garages, not part of our original 22-facility target list. Checked Indigo/Saba (formerly Indigo Park UK, now sabaparking.co.uk) directly on their own site and via search - found zero Manchester-branded car park pages (their listed portfolio skews London/TfL rail stations, City of London, West Midlands rail), so excluded as having no genuine Manchester presence. Capped at 3 distinct operators (Q-Park/APCOA/NCP) per methodology - Council folds into APCOA, Saba/Indigo absent. Geocoding: Q-Park and APCOA used embedded exact schema.org coordinates; all 20 NCP rows needed geocoding - Nominatim was heavily contended by multiple concurrent city-agent sessions sharing this host's egress IP (requests hung indefinitely with no response), so switched to Photon (photon.komoot.io) which resolved reliably; 5 of 20 needed a simplified street+postcode retry after the full-address query returned no match. Pricing coverage: hourly_rate populated for 31/49, daily_cap for 44/49. All GBP (£), none estimated - blanks are deliberate per genuine entry-time-band/non-clean-tier tariff structures or unpublished figures."
Birmingham,done,"30 garages across 3 operators. Q-Park 8/8 (full coverage of every facility on Q-Park's own Birmingham city page - Birmingham City Hospital/Brindleyplace/Mailbox/Midland Metropolitan University Hospital/Newhall Street/QEMC/Rowley Regis Hospital/Sandwell General Hospital - JSON-LD geo/capacity/address, live tariffs via GetTariffsForFacility API for all 8; note 4 of these [City Hospital/Midland Met/Rowley Regis/Sandwell General] are technically in Smethwick/Rowley Regis/West Bromwich (Sandwell borough) not the City of Birmingham, but Q-Park's own site categorizes them under Birmingham so included per full-coverage methodology; Mailbox has genuine entry-time-dependent per-hour rates [1.90-3.30 depending on time of entry] so hourly_rate left blank but real 24h max-rate cap kept; Brindleyplace's 'up to 1 hour' tier used as hourly_rate despite the rest of its ladder being non-linear/progressive). NCP 8/8 of genuine facilities (City Centre/High Street/New Street [renamed from Grand Central/Albany]/Horsefair/Royal Angus/Londonderry House/Arthur Place/Gough Street) - live ncp.co.uk is Cloudflare-bot-protected (403 to curl/WebFetch) and no browser tab was available (concurrent agents on other cities at tab cap), so used Wayback Machine archives from late-2025/2026 for geo+capacity via each facility's own schema.org JSON-LD; no static hourly/daily tariff published anywhere in NCP's own markup [only season-ticket teaser prices], so left blank rather than estimated; NCP confirmed genuinely in administration since Mar-2026 (PwC-appointed) but still trading. IMPORTANT finding: excluded NCP's own 'Birmingham Newhall Street' listing (500sp, B3 1SW) as a stale duplicate of Q-Park's Newhall Street facility - identical address, identical 500-space capacity, coordinates ~80m apart - this looks like the same physical multi-storey that changed hands/branding to Q-Park while NCP's own site listing (last amended 2014) never got taken down; also excluded 'Henrietta Street' (5 spaces) and 'Princip Street' (10 spaces) as driveway-scale cash-only surface bays, not competitive garages. APCOA 14/14 of genuine off-street car parks (New Street Short Stay Station/Utilita Arena/Dudley Street/Town Hall MSCP/Great Charles Street/Navigation Street/Snow Hill MSCP/Jewellery Quarter MSCP/Millennium Point MSCP/Duchess Road-Huntley Road/4x Cannon Hill Park car parks) - JSON-LD geo+capacity from apcoa.co.uk's own facility pages; excluded a motorcycle-only Snow Hill listing (non-car); IMPORTANT: APCOA's Birmingham listing also includes ~150 on-street pay-and-display BAY listings (named after individual streets, e.g. 'Albion Street 2 Hours') which are NOT garages and were excluded as out of scope. Cross-referenced against Birmingham City Council's own site: BCC's 7 official 'City Centre Car Parks' (Dudley St/Great Charles St/Jewellery Quarter/Millennium Point/Navigation St/Snow Hill/Town Hall) are ALL identical to APCOA's branded facilities above - BCC owns the land but APCOA is the live operator/brand, so NOT double-counted as a separate 'Birmingham City Council' operator; BCC's other 28 'Suburban Car Parks' (Erdington/Handsworth/Harborne/Kings Heath/Ladywood/Moseley/Northfield/Saltley/Sparkhill/Sutton Coldfield/Yardley) are small single-district high-street surface lots outside the city-centre competitive garage market, excluded as non-competitive per prior-country precedent. APCOA's actual hourly/daily tariffs require an interactive lookup via a separate 'APCOA Connect' app using a location code per facility (not exposed in static HTML or a public API, and no browser tab was available to drive the JS app), so all 14 APCOA hourly_rate/daily_cap left blank rather than estimated. Checked NCP administration status directly (confirmed real, PwC administrators appointed Mar-2026, still trading). Checked Indigo/Saba (now Saba Parking, sabaparking.co.uk) directly on their own Birmingham region page - it lists only Coleshill Parkway and Wolverhampton railway station car parks, neither of which is actually within Birmingham city, so Saba/Indigo has zero genuine Birmingham presence and was excluded. Capped at 3 distinct operators (no 4th/5th needed - Indigo absent, BCC folds into APCOA). EV: Q-Park has real per-facility Electric Charging Spots counts for 4/8 [City Hospital 30, Midland Met 30, Brindleyplace 18, Mailbox 16] via JSON-LD amenityFeature, the other 4 Q-Park facilities show only a generic nav-link to a 'products/ev-charging' page identical on every Q-Park UK page [not facility-specific] so left blank; same generic-link issue confirmed on every single APCOA page [identical 'Electric Vehicle Charging' label appears regardless of facility] so only New Street Short Stay Station's has_ev is True, sourced instead from its own free-text description confirming '15 Compleo chargers'; no EV data found anywhere in NCP's own markup for any facility. Pricing coverage: hourly_rate populated for 6/30 (all Q-Park), daily_cap for 7/30 (all Q-Park). All GBP (£), none estimated - blanks are deliberate per non-hourly/non-clean-tier tariff structures or inaccessible dynamic pricing apps."
Sheffield,done,"31 garages: Q-Park 7/7 (full coverage, live tariffs via GetTariffsForFacility API, JSON-LD geo), NCP 4/4 (full coverage per live find-a-car-park search; NCP in admin since Mar-2026 but these 4 confirmed still trading), APCOA 3/3 (The Moor/Atkinson's/New Era Square, full coverage), Sheffield City Council 17 off-street pay-and-display car parks (from official 2024 tariff variation notice PDF; capacity not published so left blank, coordinates are street-level geocodes not per-building). Checked Indigo/Saba - only operates NHS hospital car parks (Northern General, Royal Hallamshire) in Sheffield, not city-centre competitive facilities, so excluded as out of scope."
Liverpool,done,"26 garages across 4 operators. Q-Park 6/6 (full coverage of every facility on Q-Park's own Liverpool city page - Dale Street/Hanover Street/John Lewis/Liverpool ONE/Queen Square/Royal Liverpool Hospital - JSON-LD geo/capacity/address, live tariffs via GetTariffsForFacility API. Dale Street and Queen Square have genuine entry-time-dependent per-hour rates [e.g. 3.90/3.60/2.90 depending on time of entry] so hourly_rate left blank but real 24h max-rate caps kept; the other 4 have a clean 'up to 1 hour' tier used as hourly_rate plus real 'up to 24 hours' cap). NCP 4 confirmed still NCP-operated (Capital 881sp, Tithebarn Street 21sp, Smithfield 58sp, Primrose Hill 11sp - geo/capacity from Wayback Machine archives of ncp.co.uk since live site is Cloudflare-bot-protected/403 to curl and WebFetch; no static hourly/daily tariff published anywhere in NCP's own markup, only a season-ticket price, so left blank rather than estimated). Important finding: NCP's own PWC administration site-closure-list confirms Liverpool Pall Mall, Moorfields and Rumford Street were EXITED by NCP on 31 Jul 2026 and transferred to a new operator from 1 Aug 2026 - identified via a Bdaily.co.uk article (4 Sep 2026) as Apex Parking, confirmed on apex-parking.co.uk itself (all 3 pages dated/modified late Jul-Sep 2026). Apex Parking 5/5 (the above 3 ex-NCP sites plus 2 pre-existing Apex sites, 101 Old Hall Street and St Johns Shopping Centre - capacity/tariff/address from apex-parking.co.uk's own car-park pages, coordinates extracted from each page's embedded Google Maps iframe. Pall Mall/Moorfields have single flat-rate tariffs kept as daily_cap with hourly blank; Rumford Street and St Johns have clean linear per-hour tiers used as hourly_rate; 101 Old Hall Street only publishes weekly/monthly/quarterly season prices so both hourly_rate and daily_cap left blank). Liverpool City Council 11/11 direct municipal car parks (Dale Street/Fontenoy Street/Hunter Street/Kempston Street/Lambert Street/Fraser Street/Finch Place/King's Dock/Mount Pleasant/Paddington Village/Victoria Street - full published list from liverpool.gov.uk's own council-car-parks page, which is the authoritative source: NOT APCOA, though APCOA's own site (apcoa.co.uk) separately lists 6 of these same facilities under APCOA branding because APCOA merely supplies the cashless 'APCOA Connect' payment app/technology for the council's surface lots - capacities/tariffs/addresses cross-matched identically between both sources confirming council ownership; excluded APCOA as a standalone operator since it has no independently-operated Liverpool facilities of its own - the other ~115 APCOA-listed Liverpool pages are on-street pay-and-display bay clusters of 9-15 spaces each, not off-street garages. King's Dock/Mount Pleasant/Paddington Village/Victoria Street are large multi-storeys [1500/1535/1249/333 spaces] with real EV charging point counts; coordinates for these 4 plus Finch Place geocoded via single Nominatim batch since council page has no embedded coordinates, the 6 shared-with-APCOA lots use APCOA's embedded JSON-LD geo instead. Mount Pleasant and Victoria Street have day/night split or fixed-block tariffs, not clean hourly, so hourly_rate left blank; Finch Place is a business-contract lot free to the public only 7:30pm-midnight with no applicable public hourly rate). Checked NCP administration status directly (confirmed real: PwC appointed joint administrators Mar-2026, continuing to trade). Checked Indigo/Saba (formerly Indigo Park UK) and APCOA as standalone operator - both ruled out as above; capped at 4 distinct operators per methodology. Pricing coverage: hourly_rate populated for 15/26, daily_cap for 20/26. All GBP (£), none estimated - blanks are deliberate per non-hourly/non-clean-tier tariff structures or business-contract-only access."
Glasgow,done,"20 garages across 4 operators. Q-Park 5/5 full coverage of every facility on Q-Park's own Glasgow city page (Candleriggs/Jamaica Street/Sauchiehall Street/St Enoch/Waterloo Street) - JSON-LD GeoCoordinates, maximumAttendeeCapacity/disabledSpots/chargingPoints embedded per-page, live tariffs via GetTariffsForFacility API for all 5; Sauchiehall Street's tariff is a genuine entry-time-band flat rate (2.60-3.40/hr depending on entry window, persists for the whole visit) not a linear hourly figure, so hourly_rate left blank but the real 29.50 24h-cap kept; the other 4 have clean 1-hour prices. APCOA 1/1 (APCOA's own Glasgow location page lists only one facility - Buchanan Galleries, 220 Buchanan Street, 2000 spaces, full 9-tier tariff scraped from apcoa.co.uk incl. real Sunday-all-day/evening-rate variants, no EV mentioned). NCP 7/7 attempted full coverage (King Street/The Glasshouse/George Street/Central Station-Oswald St/Mitchell Street/Ingram Street/Laidlaw Street, all confirmed still listed live on ncp.co.uk as of Sep-2026, i.e. not among the 22 sites PwC closed 27-Mar-2026 during NCP's administration) - but ncp.co.uk itself, and Parkopedia's mirror pages, are both hard Cloudflare-gated (403/JS-challenge to every fetch method tried: curl with multiple UAs, WebFetch, and no browser tab was available all session - tab cap was maxed out by concurrent city agents per the shared-tab-contention warning) so this city relied entirely on WebSearch-indexed snippets of NCP's own page content plus third-party aggregators; only King Street (full clean tariff ladder: 1hr 2.80, 12-24h 10.00 cap) and The Glasshouse (1.95/hr, a specific non-'around' figure) had pricing precise enough to trust per the no-guessing rule - the other 5 only had vague 'around £X' aggregator estimates or stale 2015 tariff PDFs (George Street), so hourly_rate/daily_cap left blank for those 5 despite having real capacity figures. Glasgow City Council 7/7 (via City Parking (Glasgow) LLP, the council's wholly-owned ALEO) - Cadogan Square/Cambridge Street/Charing Cross/Concert Square/Duke Street/Dundasvale/SEC car park: cityparkingglasgow.co.uk itself was completely unreachable all session (connection timeout on the live IP from this network, both curl and WebFetch, and glasgow.gov.uk blocked with 403) so names/capacities came from a 2021 Wayback Machine snapshot of the operator's own multistoreycarparks page cross-checked against 2024-2026 local news coverage (glasgowworld.com/Scottish Daily Express via WebSearch) confirming all 6 multi-storeys still operating with a Apr-2024 price rise to 3.50/hr (Cadogan/Cambridge/Charing Cross/Concert Square) and 2.50/hr (Duke St/Dundasvale) - used these current confirmed hourly rates over the stale 2021 figures; the 2025/26 ladder's highest confirmed tier (up to 9h) is 30.00, kept as daily_cap for the 4 3.50/hr sites since it's the highest real published figure, though it may not be a true 24h cap; Duke St/Dundasvale left daily_cap blank as no current top-tier figure was found. SEC/Scottish Event Campus car park confirmed council-operated (not private, despite being on the exhibition campus) via sec.co.uk, 1600sp, 6.00/hr first-hour + 12.00 up-to-12h effective day rate per Feb-2026 event listing. NCP administration (Mar-2026, PwC-appointed) checked directly - confirmed still trading nationally with 318/340 sites open, no Glasgow-specific closures found in available coverage. Checked Indigo - fully rebranded to Saba Parking in the UK per prior cities' findings but zero Glasgow presence found under either brand. Capped at 4 operators (Q-Park/APCOA/NCP/Council) per methodology. Geocoding: Q-Park and APCOA used embedded exact coordinates; all 14 NCP+Council rows needed Nominatim (one synchronous curl+jq+sleep loop, countrycodes=gb) - Duke Street's first street-name geocode landed implausibly far east (-4.2126, well outside the postcode's bounding box) so was redone as a G4-0UW postcode-centroid lookup instead (-4.2357) which is consistent with the Collegelands/High St location described. Pricing coverage: 10/20 with a clean hourly rate, 9/20 with a daily cap; most blanks are the 5 low-confidence NCP sites (real capacity, no trustworthy live price) rather than genuinely non-linear tariffs."
Leeds,done,"15 garages across 6 operators: Q-Park 5/5 (full coverage of every facility on Q-Park's own Leeds city page - Albion Street/Sovereign Square/St Johns Centre/The Light/Wellington Street - JSON-LD geo/capacity/address, live tariffs via GetTariffsForFacility API. Albion St/Sovereign Sq/St Johns Centre have genuine 3-tier entry-time-dependent rates (varies by hour of entry, e.g. 3.00/4.50/3.60 per hour) rather than one clean hourly figure, so hourly_rate left blank but real daily caps kept; The Light has a clean 2-tier night/day split so its day rate (3.80) was used; Wellington Street is a genuinely degressive multi-hour tariff table so hourly_rate left blank, real 21.00 24h-cap kept). NCP 2 confirmed real (The Markets 646sp/2.50h clean+15 cap, Wellington Place 509sp/5.00h clean+25 cap incl. real EV via embedded Monta charger data) - but NCP's own site also lists 3 more Leeds pages (The Core, Water Lane, Lovell Park Hill) that turned out on verification to NOT actually be NCP anymore: cross-checked via Parkopedia's live structured facility data (which embeds each facility's own vendor_url), all 3 now point to a different operator's own domain/booking site, i.e. NCP's site is stale post-administration. Reassigned accordingly: The Core -> Apex Parking (apex-parking.co.uk, confirmed via their own car-parks portfolio page listing it, 258sp, clean 4.00/h+24 cap), Water Lane and Lovell Park Hill -> Times24 UK Limited (times24.co.uk, a real Park24-Group-owned UK operator confirmed via Companies House + their own site's live tariff pages; Water Lane 26sp/2.00h clean(1st 4h)+18 cap, Lovell Park Hill 34sp/single flat 5.00-for-up-to-5h tariff kept as daily_cap, hourly left blank). Excluded NCP's 'Leeds Bedford Street' page entirely - no corroborating record anywhere in Parkopedia's exhaustive central-Leeds facility catalogue (which does list every small council on-street bay in the area), consistent with a stale/closed listing rather than fabricating it. APCOA 2/2 (Leeds Station 307sp incl. real 56 EV chargers, tiered short/long-stay so hourly blank + real 25.80 24h-cap; Trinity Leeds 400sp, tiered so hourly blank + real 38.60 weekday-cap; both scraped directly from apcoa.co.uk's own facility pages - excluded their 3rd Leeds-tagged listing, Leeds Bradford Airport Park2Travel, as non-comparable off-airport valet/meet-and-greet, not a real city car park). Leeds City Council 3/3 direct municipal car parks (Hunslet Lane 35sp, West Street 238sp, Woodhouse Lane 1240sp incl. real Level-3 EV charging - all from leeds.gov.uk's own city-centre-car-parks pages with official tiered tariffs, hourly_rate left blank for all 3 as genuinely tiered pay-and-display structures, real published daily/max caps kept: 9.00/9.50/16.00). Checked Indigo/Saba (now Saba Parking, sabaparking.co.uk) - searched their site and UK car-parks listing directly, zero genuine Leeds presence found (only an unrelated 'Leeds Castle' Kent content match), excluded. Coordinates: Q-Park from embedded schema.org JSON-LD; NCP/Apex/Times24/APCOA/Council all from Parkopedia's embedded live GeoJSON access-point coordinates (zero Nominatim calls needed) cross-referenced against each operator's own address/tariff confirmation. NCP's own live site (ncp.co.uk) and Parkopedia's carpark pages both blocked WebFetch/curl with Cloudflare 403s directly, but Parkopedia's embedded page-load JSON payload (fetched via plain curl with a browser UA, HTTP 200) was readable and turned out to be the key tool for catching the 3 stale NCP listings above."
Edinburgh,done,"8 garages: Q-Park 3/3 (Capital Square/OMNI/Quartermile, full coverage, live tariffs via GetTariffsForFacility API, JSON-LD geo/capacity). NCP 2/4 real garages included (Castle Terrace 750sp, Holyrood/St Johns Hill 297sp - both confirmed still trading despite NCP's Mar-2026 administration, tariffs+coords from Wayback Machine archives of ncp.co.uk since live site is Cloudflare-bot-protected/403; excluded Grindlay Street Court and Bread Street Lane, confirmed via archived NCP JSON-LD to be 16-space and 3-space surface overflow bays, not competitive garages). APCOA 2/3 (Edinburgh Park 480sp, Waverley Station Long Stay 537sp, from JSON-LD + tariff tables; excluded Edinburgh EICC as it's a contract-only weekday office car park, not public). St James Quarter/Westfield 1/1 (1,600sp mall garage, added as 4th operator given its scale - largest facility in the city). Checked Indigo/Saba (formerly Indigo Park UK) - no Edinburgh car parks found under that brand. City of Edinburgh Council confirmed to run zero car parks directly - all Edinburgh multi-storeys are privately operated (per council's own multi-storey car parks page). Pricing coverage: hourly_rate populated for 6/8 (2 left blank - Quartermile has EV blank/unclear, and APCOA Edinburgh Park has a free-first-hour tiered structure not reducible to a clean hourly rate, so daily_cap kept but hourly_rate left blank per methodology)."
Bristol,done,"30 garages across 5 operators. Q-Park 3/3 full coverage (Harbourside/Rupert Street/St James Barton, confirmed exact match against Q-Park's own sitemap-UK.en-GB.xml, no additional Bristol facilities hidden off the main city page) - JSON-LD geo/capacity/address, live tariffs via GetTariffsForFacility API for all 3 (clean linear ladders: Harbourside 3.00/hr+17.00 24h-cap, Rupert St and St James Barton both 4.00/hr+28.00 24h-cap). Notable finding on the Britannia Parking sub-question: Q-Park Harbourside's own embedded JSON-LD streetAddress literally reads 'Britannia Parking, 10 Canons Way' - Q-Park's robots.txt also lists a britannia-parking.co.uk sitemap (a sibling Q-Park-Group brand/subsidiary), confirming Harbourside was a Britannia Parking site absorbed into Q-Park with the old company name left in the address field; Britannia's own site has zero Bristol page in its sitemap (no standalone Britannia-branded Bristol facility exists today). NCP 8 genuine currently-operating facilities (Broadmead 435sp/Clifton Down 339sp/Temple Way 405sp/Tollgate 1100sp/Avon Street 26sp/Cumberland Place 96sp/Montague Street 80sp/Wilder Street 35sp) out of ncp.co.uk's Bristol page-set - live site is Cloudflare-bot-protected (403), so used Wayback Machine archives (most from Jan-Mar 2025, i.e. after the Mar-2026 administration announcement date is impossible since 2025<2026 - re-verified these facilities were NOT on the 22-site national closure list, see below) plus each page's embedded JS 'carparks' data blob (richer than JSON-LD: exact lat/lon, numberOfSpaces, electricalChargingPoints, carParkType) where present, text-scraped where the blob was missing. No static hourly/daily tariff published anywhere in NCP's own markup for any Bristol facility (only a £4.84/day season-ticket teaser on 2 pages) - all left blank rather than estimated. IMPORTANT exclusions from NCP's page-set: (1) 'Bristol Nelson Street' - confirmed CLOSED 27-Mar-2026 via a Yahoo/BristolLive news article on NCP's administration (22 sites nationally closed that date, Nelson Street the only Bristol one, site to be demolished for 331 student beds) and the PwC administrators' own closure notice - this is the one Bristol NCP site actually affected by the Mar-2026 NCP administration; (2) 'Rupert Street' (498sp) and 'St James Barton' (319sp) - exact capacity+coordinate matches to Q-Park's own Rupert Street and St James Barton confirm these are stale pre-rebrand NCP listings for buildings now Q-Park-branded; 'Bond Street' (495sp) is a THIRD stale NCP listing for the same St James Barton/Bond Street site (NCP's site now carries two different stale capacity figures for one building); (3) 'Baldwin Street' (10sp) and 'Nelson Street Forecourt' (2sp) excluded as driveway-scale surface bays, not competitive garages; (4) 'Multi Storey Parking' and 'Short Stay Parking' are generic SEO landing pages with no address/geo/capacity of their own, not real distinct facilities; (5) 'Prince Street' only ever archived once (2014), evidently long closed/renamed; (6) 'Trenchard Street' (NCP's own page still markets it, matching capacity ballpark) is actually a Bristol City Council-owned and -operated facility per the council's own current live page - moved to Council below rather than double-counted under NCP; (7) NCP's 'Wapping Wharf' page (536sp) conflicts with Bristol's official open-data car-parks dataset which attributes the real Wapping Wharf long-stay facility to Euro Car Parks (600sp) - trusted the fresher council dataset over NCP's page, excluded from NCP. APCOA 3/3 full coverage (apcoa.co.uk's own Bristol locations page lists exactly 3, all rail-station car parks: Bristol Parkway Main 1789sp, Bristol Parkway Short Stay 29sp [both at the same Stoke Gifford station address], Bristol Temple Meads 309sp) - JSON-LD geo/address/maximumAttendeeCapacity; no static tariff published (APCOA Connect app-only pricing, consistent with prior-city findings), left blank; Parkway Main has explicit free-text EV-charging confirmation. Bristol City Council 15/16 of its own published list (bristol.gov.uk's live 'Where to park in Bristol' page footer links to exactly 16 directly-council-run car parks - fetched 15, 'Waverley Road short stay car park' consistently 403'd across retries and has no Wayback snapshot, excluded rather than guessed) - real per-facility address/capacity/tariff/EV scraped from each one's own official page: a near-uniform citywide tariff ladder emerged (1.00h=2.70/2h=5.40/3h=8.10/4h=10.80, evening supplement 4.50, overnight 6.00, and 'over 4 hours'=19.60 as an effective day-cap on the long-stay sites) - used as hourly_rate/daily_cap directly; short-stay sites with a 2h or 5h max-stay and no over-the-limit figure have daily_cap left blank. Trenchard Street (936sp, the city's largest multi-storey, 8 EV bays) and West End (750sp multi-storey, 6 EV bays) are Council-run despite also having long-abandoned NCP marketing pages (see above). Also cross-checked Bristol's ArcGIS open-data 'Car parks' feature service (opendata.bristol.gov.uk, maps2.bristol.gov.uk MapServer) - it independently corroborated the operator/capacity picture (and is where the Euro Car Parks / Wapping Wharf attribution came from) but is a stale-ish secondary source (still tags several buildings under old NCP/Norwich Union/@Bristol names for sites now confirmed Q-Park/other), so the live bristol.gov.uk pages were preferred wherever both existed; excluded the dataset's ~20 tiny (9-113sp) free residential estate bays (Fishponds/Bedminster/Westbury-on-Trym/Lawrence Hill/Stockwood/Henbury/Withywood/Shirehampton etc.) as non-competitive neighbourhood amenity parking, not part of the commercial garage market, consistent with prior-city precedent. Euro Car Parks 1/1 (Wapping Wharf long-stay, 600sp, BS1 4RH) added as a 5th operator given it's a genuinely distinct, large, well-known facility with real pricing confirmed via press coverage (£12/24h weekday, £5/24h weekend - used the weekday figure as daily_cap) - eurocarparks.com itself 403'd on direct fetch, so sourced via Bristol's open-data car-parks dataset plus independent web corroboration; this is physically adjacent to (not the same as) the Council's own small 39-space 'Wapping Wharf short stay' lot, confirmed as two genuinely separate facilities ~130m apart. NCP administration (16-Mar-2026, PwC-appointed, 682 staff/340 sites nationally, 22 sites closed 27-Mar-2026, 318 continuing) checked directly via news coverage - Bristol Nelson Street was Bristol's only casualty, correctly excluded above; Cabot Circus (NCP markets St James Barton itself as 'Cabot Circus Parking') and Bristol Shopping Quarter's 'Rupert Street NCP' listing both independently confirmed as the same stale-rebrand pattern already excluded, not additional facilities. Checked Saba/Indigo (sabaparking.co.uk) directly - no Bristol mention anywhere in its sitemap or car-parks listing page, zero genuine Bristol presence, excluded (consistent with the pattern in Birmingham/Manchester/Leeds/Glasgow of Saba/Indigo being essentially London+rail-only in the UK). Capped at 5 operators (Q-Park/APCOA/NCP/Bristol City Council/Euro Car Parks) per methodology. Geocoding: Q-Park/APCOA used embedded exact schema.org coordinates; all NCP and Council/Euro rows geocoded via Photon (Nominatim was unusable this session - concurrent city-agent sessions sharing this host's egress IP caused every Nominatim request, and even early Photon attempts run via backgrounded shell loops, to hang indefinitely with zero output for minutes at a time; switched to short individual foreground Photon calls per address, which resolved reliably) - 2 addresses (Frog Lane, Maritime Heritage Centre/Gasferry Road) needed a landmark-name retry after the postcode-based query returned an implausible or low-confidence match. Pricing coverage: hourly_rate populated for 17/30, daily_cap for 15/30 - the Council's uniform tariff structure and Q-Park's live API account for nearly all of the populated cells; NCP's complete absence of published static tariffs (8/8 blank) is the main gap, consistent with every prior UK city in this dataset."
Cardiff,done,"29 garages across 4 operators. Q-Park 3/3 full coverage (Cardiff Bay/Greyfriars/Westgate Street) - confirmed exhaustive via both the live city page AND a freshly-located real sitemap (https://www.q-park.co.uk/sitemap-UK.en-GB.xml, found via robots.txt since /sitemap.xml 403s directly) which lists exactly these same 3 Cardiff facility pages and no others - so Q-Park's Cardiff listing does NOT yet reflect any of the ~20 sites acquired from the administration-hit UK operator (no 4th+ Cardiff facility found anywhere in Q-Park's own site structure). JSON-LD geo/capacity/address per page, live tariffs via GetTariffsForFacility API for all 3 - Cardiff Bay has a clean progressive ladder (used 1hr/24hr), Greyfriars and Westgate Street both have genuine flat per-hour rates (£6.50 and £6.00/hr respectively, confirmed via exact linear multiples across the 1-5hr tiers) with real 24hr caps. IMPORTANT finding confirming the acquisition: NCP's own site (via Wayback CDX listing of every cardiff-* NCP page) still has live-returning (HTTP 200 as recently as Feb 2026) legacy pages named 'cardiff-greyfriars' and 'cardiff-westgate-street' - fetched both archived snapshots and their embedded JSON-LD addresses/postcodes are near-identical to Q-Park's current listings (Greyfriars: identical CF10 3AD/Greyfriars Road; Westgate St NCP page now 302-redirects, i.e. taken down) - textbook stale-duplicate pattern from prior cities, NOT double-counted; these 2 facilities are genuinely now Q-Park, NCP's markup just hasn't been fully cleaned up. NCP 5/5 genuine remaining live facilities found via exhaustive Wayback CDX crawl of ncp.co.uk/find-a-car-park/car-parks/cardiff-* (18 total historical slugs checked): Dumfries Place (955sp MSCP, CF10 3FN), Knox Road (747sp MSCP, CF24 0EA), Stadium/Castle Court (82sp underground, CF10 1DB - the 'cardiff-castle-court' slug now 404s but 'cardiff-stadium' is a live alias serving the same Castle Court address/data), Oxford Lane (37sp surface, CF24 3DU) and Park Place (13sp surface, actual address '2 Museum Place' despite the slug name, CF10 3BG) - all 5 had real embedded per-facility tariff JSON (not just season-ticket teasers) giving clean 1-hour rates for the 3 MSCPs and 2-hour-minimum ladders for the 2 small surface lots (hourly_rate left blank for those 2, real top-tier price kept as daily_cap). Excluded: The Friary (only 3 spaces, driveway-scale per Birmingham precedent), Castle Court's OLD listing (superseded by the Stadium alias, not double-counted), Central Station ATW+TFW (404 since Nov-2025) and Adam Street/Pellett Street/Rapports/Wood Street (301-redirected, i.e. removed) - confirmed via WebSearch that NCP's Cardiff Central Station car parks were genuinely closed 1-Jul-2026 and replaced by a brand-new Network-Rail-owned, APCOA-operated 'Cardiff Central Quay' car park that opened 30-Jan-2026, which is now captured as an APCOA facility below; 4 Cardiff Airport-branded NCP pages excluded as out-of-scope (airport, not city). APCOA 3/3 full coverage of apcoa.co.uk's own Cardiff locations page (Capitol Shopping Centre/Cardiff Central Quay Station/Llandaff Station) - JSON-LD geo+capacity from each page; Cardiff Central Quay Station (681sp, opened Jan-2026, confirmed via WebSearch/parking.net industry press) is the new Network-Rail/APCOA replacement for NCP's old Central Station car parks noted above, and its own page free-text explicitly confirms 'EV charging points for electric vehicles' (facility-specific, unlike the generic nav-link EV mention on every other APCOA page per Birmingham precedent, so has_ev=True only for this one); Llandaff Station is genuinely free parking for rail users only per its own page description, so hourly_rate set to a real 0.00 rather than left blank (not an estimate); no static hourly/daily tariff published anywhere in HTML for the other 2 APCOA facilities (same APCOA Connect-app-only pattern as Birmingham) so left blank. Cardiff Council 18/18 full coverage direct municipal car parks, sourced from the council's own official 'Car parks' page (live cardiff.gov.uk is Cloudflare-blocked/403 like NCP, so used a Apr-2024 Wayback Machine snapshot of the same page containing the full structured list with postcode/spaces/price/EV-bay/blue-badge-bay tables per car park) - Castle Mews/North Road/Sophia Gardens/Cardiff Bay Havannah Street/The Barrage are the larger city-centre and Bay facilities (Sophia Gardens and Havannah Street have genuine 24-hour cap tariffs; Castle Mews/North Road/Barrage have progressive ladders with real 1st-hour rates but no explicit 24h figure so daily_cap left blank for those 3); the other 13 are smaller suburban high-street/park car parks across Canton (Gray St/Harvey St/Severn Rd/Wellington St), Heath (Heathwood Lane/Model Railway/Main) and Pontcanna/Llandaff/Whitchurch/Penylan/Penlline - these mostly give free first 2-3 hours then a flat few-pound charge with no clean 1-hour tier, so hourly_rate left blank for all 13; 3 of them (Heath Park Main/Pontcanna Fields/Penylan Library) explicitly publish a flat 'Over N hours: £5' rate which was used as daily_cap since it functions as the effective maximum charge for any stay, the other 10 have no such figure so daily_cap also left blank; EV charging bay counts (real, facility-specific, from the same official table) used for has_ev on 11/18. IMPORTANT: The Barrage's postcode (CF64 1LQ) is technically in Penarth/Vale of Glamorgan, not Cardiff proper, and Nominatim's raw postcode geocode initially returned a wildly wrong point ~9km north near Whitchurch - caught by a bounds sanity check and corrected using a direct 'Cardiff Bay Barrage Car Park' Nominatim place-name query instead (51.4458,-3.1669, consistent with the Cardiff Bay Barrage's real location); kept in the dataset since Cardiff Council itself lists and operates it. Checked Saba (formerly Indigo, now sabaparking.co.uk) directly - found 4 Cardiff-listed car parks (Alexander House, Cyncoed Campus, Llandaff Campus, Plas Gwyn Halls of Residence) but all 4 are confirmed Cardiff Met/Cardiff University campus car parks via their own page titles ('...| Cardiff Met University | Saba Parking'), i.e. permit/contract-only university facilities, not genuinely public competitive commercial garages - excluded per the non-public-access precedent (Liverpool Finch Place, Edinburgh EICC), so Saba was NOT added as a 5th operator. Capped at 4 distinct operators (Q-Park/NCP/APCOA/Cardiff Council) per methodology - Saba ruled out as non-public. Geocoding: Q-Park/APCOA used embedded exact schema.org coordinates; NCP's 3 MSCPs used embedded JSON-LD geo, its 2 small surface lots used an alternate embedded lat/lon JS data block (no JSON-LD present on those 2 pages); all 18 Cardiff Council rows needed Nominatim (one synchronous curl+sleep-1.5s loop, countrycodes=gb, postcode+'Cardiff, UK' queries) with the Barrage exception handled as above. Pricing coverage: hourly_rate populated for 12/29, daily_cap for 14/29. All GBP (£), none estimated - blanks are deliberate per non-hourly/non-clean-tier tariff structures, APCOA's app-only pricing, or council lots with no published 1-hour/24-hour figure."
Nottingham,done,"14 garages across 4 operators. Q-Park 3/3 full coverage of every facility on Q-Park's own Nottingham city page (Nottingham Central/Stoney Street/Talbot Street) - JSON-LD GeoCoordinates/maximumAttendeeCapacity/amenityFeature embedded per-page, live tariffs via GetTariffsForFacility API for all 3, all with clean 'Up to 1 hour' and 'Up to 24 hours' tiers (no entry-time-band pricing at this city, unlike several other UK cities). Independently re-verified the prior interrupted attempt's finding that only Talbot Street has explicit EV charging (Electric Charging Spots: 8 in its own JSON-LD amenityFeature) - Nottingham Central and Stoney Street both lack any EV amenityFeature entry, confirmed via direct parse of each page's own schema.org markup, not just trusted from the earlier note. NCP 3 genuine facilities included (St James Street 338sp/GBP4.00h+16.00cap, Mount Street 455sp/4.95h+19.95cap, Maid Marian Way-Arndale Centre 412sp/2.95h+9.95cap - all via Wayback Machine archives of ncp.co.uk's own JSON-LD+embedded tariffs JSON since live site is Cloudflare-bot-protected/403 to curl and WebFetch). IMPORTANT finding: excluded NCP's own 'Nottingham Stoney Street' listing (289sp, NG1 1LS, coords ~52.9522/-1.1429) as a stale duplicate of Q-Park's already-listed Stoney Street facility (289sp, NG1 1LS, coords 52.9526/-1.1434) - identical postcode and identical 289-space capacity, ~50m apart, consistent with the same physical multi-storey having changed operator/branding to Q-Park while NCP's own archived page (still live) was never taken down; not double-counted. Also excluded NCP's 'Nottingham St James Street Surface Car Park' (20sp) as sharing the exact same address/postcode as the main 338sp St James Street structure (an overflow bay of the same site, not a distinct facility), and 'Nottingham Maid Marian Way Forecourt' as explicitly 'for van use only' per its own page text, not a public car garage. APCOA 1/1 (Nottingham Station Car Park, 880sp, Queen's Road NG2 3AQ - full coverage per APCOA's own Nottingham locations page, which explicitly lists only this one facility; tariff is a genuine day/off-peak/evening/weekend structure with no clean linear hourly rate, so hourly_rate left blank, 10.50 standard daily rate kept as daily_cap). Investigated a widely-circulated 'Car Park Wilkinsons Bulwell' (APCOA-branded per third-party aggregators, 100 bays, claimed 2x7kW EV chargers 'added in 2024') but EXCLUDED it after failing verification: it does not appear anywhere on APCOA's own live Nottingham page or all-locations index, no current apcoa.co.uk URL for it resolves (only stale 2014-2015 Wayback snapshots under an old URL scheme exist), and the only source (parkingmanagementnetwork.co.uk, a third-party directory) contains an internal contradiction in its own listing (states both '24/7' and '8am-10pm daily' operating hours) - a red flag per the skepticism-toward-AI-search-summaries methodology; treated as unverifiable/likely stale rather than included. Nottingham City Council 7/7 direct-operator car parks (Broad Marsh 1304sp/81 EV points levels 2-5+720 rooftop solar panels/18.00 24h-cap, Trinity Square 440sp/20.00cap, Lace Market 524sp/2 EV points level 4/19.50cap, Curzon Street 100sp/18.50cap, Nottingham Castle 55sp/15.00cap, Sneinton Market Square 49sp/8 EV points/clean linear ladder 2.00h+12.00cap - the only NCC site with a genuine 'up to 1 hour' tier, Manvers Street 45sp/'PERMIT HOLDERS ONLY' with no public tariff at all, both hourly_rate and daily_cap left blank) - all sourced from the council's own official August-2025 'Parking in Nottingham' PDF leaflet (parking.nottinghamcity.gov.uk), which required careful column-alignment reconstruction since the flattened PDF text merges its 7-column tariff table into single rows per duration-tier (cross-validated by confirming every partial-row value count and total matched exactly across all 11 tariff-table rows, e.g. the lone 'Up to 1 hour'/£2.00 and 'Up to 3 hours'/£6.00 values could only belong to Sneinton Market Square, whose ladder is 2.00/4.00/6.00/7.00/12.00 - fully linear). This confirms Nottingham City Council runs a genuinely large, distinct direct-operator portfolio (2,517 spaces across 7 sites) - counted as the 4th operator; the city's well-known Workplace Parking Levy is a separate employer-side charge on workplace parking provision, NOT a public car-park operating scheme, so it does not itself constitute a 5th operator or change this analysis. Checked Saba (formerly Indigo, now sabaparking.co.uk) directly on their own UK car-parks listing page - zero Nottingham presence found, excluded. Capped at 4 operators (Q-Park/NCP/APCOA/Nottingham City Council) per methodology - Saba/Indigo absent, Wilkinsons Bulwell unverifiable. Geocoding: Q-Park/NCP/APCOA all used embedded exact schema.org or page-JSON coordinates; all 7 NCC rows needed Nominatim (synchronous curl+sleep loop, countrycodes=gb) - 4 of 7 needed a simplified street+postcode retry after the full 'X Car Park, Street, postcode' query returned no match. Pricing coverage: hourly_rate populated for 7/14 (all 3 Q-Park, all 3 NCP, Sneinton Market Sq - the only NCC site with a clean 1-hour tier), daily_cap for 13/14 (all except Manvers Street, permit-holders-only). All GBP (£), none estimated - blanks are deliberate per non-hourly/tiered/permit-only tariff structures or unverified facilities excluded rather than guessed."
Newcastle-Upon-Tyne,done,"24 garages across 3 operators. Q-Park 2/2 full coverage of every facility on Q-Park's own Newcastle-Upon-Tyne city page (John Dobson Street/Stowell Street) - JSON-LD geo/capacity/address, live tariffs via GetTariffsForFacility API for both; John Dobson Street has a clean 1hr-6hr linear ladder (3.00/hr) + 18.00 24h-cap; Stowell Street has genuine entry-time-band rates (1.50/3.10/2.20 depending on entry hour) so hourly_rate left blank but real 24.00 24h-cap kept, and it has 6 confirmed EV charging spots via JSON-LD amenityFeature (John Dobson Street has none listed). MAJOR finding on the Q-Park acquisition check: confirmed via a Cardiff newsroom press release that Q-Park's John Dobson Street listing is itself the former NCP site acquired in Q-Park's 8-Aug-2026 takeover of 20 ex-NCP facilities nationwide (NCP entered administration Mar-2026, PwC-appointed) - the release explicitly names 'Newcastle - John Dobson Street' as 1 of 15 sites moving to the Q-Park brand (others: Birmingham/Bristol/Cardiff/Colchester/Hemel Hempstead/Ipswich/Manchester/Nottingham/Truro; a further 5 including a Birmingham site went to 'Britannia Parking' brand, not relevant here) - so Q-Park's current 2-facility Newcastle page already fully reflects the acquisition, confirmed no 3rd/4th site pending. SURPRISING FINDING: NCP now has ZERO genuine facilities remaining in Newcastle. Live ncp.co.uk is Cloudflare-bot-protected (403) so used Wayback Machine archives (2024-2025 snapshots) to inventory NCP's last-known Newcastle listings beyond John Dobson Street - found 9 more (Corporation Street/Douglas Terrace/Framlington Place/Huntsmoor House/Lovers Lane/North Street/North Street Premium Bays/Quayside/Riverside/St John Street), but every one of these is a tiny 3-38-space cash-only surface pay-and-display lot (per NCP's own embedded carpark JSON: numberOfSpaces/carParkType:Surface), not a competitive garage - and cross-checking times24.co.uk's own live 'our-car-parks' page (embedded JSON with slug/address/geoLocation/totalSpaces) found that Corporation Street/Framlington Place/Lovers Lane/North Street/Riverside/St John Street (identical addresses and space-counts to the old NCP listings) PLUS 4 more small lots (Jesmond Dun Cow/Queens Lane 1/Queens Lane 2/Stoddart Street) are now live under Times24 (TIMES24 UK Limited, a Park24 Group/Japan subsidiary) branding, paid via the RingGo app (ringGoCode present per facility, no published static tariff so hourly_rate/daily_cap left blank for all 10) - confirms NCP's entire non-flagship Newcastle presence has been absorbed by Times24, not just John Dobson Street by Q-Park; zero 2026 Wayback snapshots exist for any ncp.co.uk Newcastle car-park page, consistent with a genuine full exit. Newcastle City Council 12/61 (Newcastle City Council operates a large direct-municipal portfolio of 61 pay-and-display car parks per new.newcastle.gov.uk's own 'Find a car park' directory - sampled/kept only the ~100+ space genuine city-centre-scale multi-storeys/large surface facilities [Eldon Square 497/Quayside 499/Manors 486/Eldon Garden 445/Grainger Town 401/NUFC Stadium 545/Civic Centre 267/Dean Street 257/Spillers 144/St Georges 139/Oxford 139/Ellison Place 119], excluding the other ~49 as small suburban/residential/leisure-centre surface bays [9-70 spaces, e.g. Gosforth CSC, West Denton Community Centre, Kingston Park, Osborne Terrace] out of scope per prior-city precedent; each page has real embedded lat/lon [Leaflet map JSON], published hourly PayByPhone tariff, and total-spaces/EV-bay breakdown - hourly_rate populated for 11/12 [Guildhall-style alt-charge structures like Manors '1.40 or 10.00 fixed' parsed as hourly 1.40 + daily_cap 10.00]; NUFC Stadium is a genuine year-round council car park not just a match-day product, confirmed via its own page). Checked APCOA directly - their own sitemap.xml (2 pages, ~1700 URLs total) contains zero Newcastle/Tyne entries, confirmed no Newcastle presence at all (unusual given APCOA's strong presence in other Northern English cities in this project). Checked Saba (formerly Indigo Park UK) directly via sabaparking.co.uk's own 'uk-car-parks' page - zero Newcastle facilities found (portfolio confirmed skewing South East/Midlands/hospitals per prior cities). Checked Apex Parking (apex-parking.co.uk/car-parks/) directly - zero Newcastle facilities found (unlike their Liverpool/Leeds presence). Capped at 3 distinct operators (Q-Park/Newcastle City Council/Times24) per methodology - APCOA and Saba/Indigo both confirmed absent, NCP fully absorbed into the other three. Pricing coverage: hourly_rate populated for 13/24 (2 Q-Park + 11 Council), daily_cap for 6/24. All GBP (£), none estimated - blanks are deliberate per genuine entry-time-band tariffs, RingGo-app-only pricing with no static rate published, or unpublished figures. No Nominatim/Photon geocoding needed - every facility had real embedded coordinates (Q-Park JSON-LD GeoCoordinates, Council Leaflet map JSON, Times24 geoLocation JSON)."
Colchester,done,"18 garages across 4 operators. Q-Park 2/2 full coverage of every facility on Q-Park's own Colchester city page (High Street/Osborne Street), confirmed exhaustive against the real sitemap-UK.en-GB.xml too - JSON-LD geo/capacity/address, live tariffs via GetTariffsForFacility API for both, both have clean 1hr-6hr linear ladders plus 24h-caps (High Street 2.50/hr+15.00 24h; Osborne Street 2.00/hr+7.50 24h). MAJOR finding on the Q-Park acquisition check: BOTH of Q-Park's two Colchester facilities are confirmed former NCP sites - Q-Park High Street's JSON-LD address (Nunns Road, CO1 1EJ, 642sp) and Osborne Street's (Osborne Street, CO2 7DP, 601sp) are an exact postcode/street/near-identical-coordinate match against NCP's own Wayback-archived pages for 'NCP Colchester High Street' (Nunns Road CO1 1EJ, matching lat/lon to 5 decimal places) and 'NCP Colchester Osbourne Street' (CO2 7DP, matching lat/lon); two Colchester Gazette articles from the NCP administration crisis explicitly named these same two car parks (Osborne Street 600+sp, High Street/Nunns Road 642sp with 15 disabled bays) as staying open under NCP - so this is a full-overlap case (unlike Cardiff's 0/3 or Newcastle's partial): 100% of Q-Park's current Colchester footprint is ex-NCP, acquired between the Gazette articles and now. NCP's live site could not be directly re-checked (Cloudflare 403 to curl, no browser tab available - shared tab cap reached with concurrent city-agent sessions using apcoa.ie/indigoneo.be/interparking.be tabs) but per the pattern confirmed in every other UK city checked, NCP's own pages for these two (if still live) are almost certainly stale duplicates. NCP 1/1 genuine remaining facility: Hythe Quay (Garden House & Garden Court, Hythe Quay, CO2 8JF), a small 20-space surface pay-and-display car park distinct from the two absorbed multi-storeys - found via Wayback CDX (Dec-2023 snapshot, most recent available), no live tariff obtainable (403-blocked) so hourly_rate/daily_cap left blank rather than estimated. Colchester City Council 14/14 full coverage (this is a council that DOES run a large direct multi-storey/surface network, as flagged) - 9 city-centre car parks (St Johns 645sp multi-storey, Britannia 369sp, Napier Road North 85sp, Napier Road South 32sp, Vineyard Street 80sp, Priory Street 169sp, Butt Road 120sp, St Marys 577sp multi-storey, Sheepen Road 54sp) plus 2 outer-city (Three Crowns Road 32sp, Recreation Ground - capacity not published, left blank) plus 3 standalone leisure/country-park car parks (Colchester Leisure World 439sp, Colchester Sports Park/Northern Gateway 300sp, High Woods Country Park 70sp) - all scraped directly from new.colchester.gov.uk's own per-car-park pages (opening hours/tariff tables/disabled bays/EV points), coordinates resolved by following each page's goo.gl/maps shortlink redirect (still resolves to precise Google-place coordinates) then reverse-geocoded via one synchronous Nominatim loop for street addresses; excluded Sheepen Road LORRY park (HGV-only facility, out of scope for a car-parking competitive dataset) and excluded Dedham/West Mersea/Wivenhoe car parks (outlying villages 8-10mi from Colchester itself, not in-city). Only Priory Street has confirmed EV charging (2 points via MiPermit) - only council facility with has_ev=True; hourly_rate left blank for 8/14 with flat day-rate or banded (non-linear-hourly) tariff structures per methodology, daily_cap populated for 12/14. Saba 1/1: Colchester (North) Station car park, 20 Three Crowns Road CO4 5AD (931 standard spaces, 0 EV spaces per its own published breakdown) - scraped directly from sabaparking.co.uk's live rendered page (embedded HTML table, not JSON-LD); this directly contradicts a WebSearch AI-summary claiming NCP still operates 'Colchester Station' (citing a stale 1,410-space/North Station Road/CO1 1XD listing last seen in a Jan-2025 NCP Wayback snapshot) - trusted Saba's own live site per methodology's 'verify against the operator's own live site' instruction over the search summary; noted as a surprising operator-identity finding rather than double-counted. Also noteworthy: the council's own small Three Crowns Road car park (32sp) and Saba's much larger station car park share the identical CO4 5AD postcode, i.e. sit on the same road ~170m apart - genuinely distinct facilities, not a duplicate. APCOA: checked apcoa.co.uk's full UK sitemap directly (no Colchester city page 404s, zero 'colchester' matches in sitemap-type/pages/sitemap.xml) - confirmed no APCOA presence in Colchester, not counted as a 5th operator. Capped at 4 operators (Q-Park/NCP/Colchester City Council/Saba) per methodology. Pricing coverage: hourly_rate populated for 9/18, daily_cap for 15/18. All GBP (£), none estimated - blanks are deliberate per non-hourly/unpublished tariff structures (long-stay flat day-rates, banded non-linear tariffs, or a genuinely unpublished NCP figure)."
Ipswich,done,"27 garages across 4 operators. Q-Park 2/2 full coverage (Tacket Street 258 spaces/£2.00-1hr/£6.00-24h; Tower Ramparts 100 spaces/£2.50-1hr/£12.00-24h) - both confirmed via NCP's own Wayback archive to be former NCP sites (NCP Tackett Street and NCP Tower Ramparts listings persisted on ncp.co.uk until Nov-2024/Jan-2025 despite Q-Park already live) - matches the cross-city finding (see Newcastle notes) that Ipswich was 1 of the towns whose NCP sites moved to the Q-Park brand in the 8-Aug-2026 20-site nationwide takeover (NCP entered administration Mar-2026). NCP 6/original-13-candidates kept as genuinely distinct facilities (Blackfriars 513/MSCP/£1.95-1hr/£7.95-cap; Burrell Road 130/Surface/£2.95-1hr/£7.95-cap; Cox Lane 182/Surface/£2.45-1hr/£5.95-cap; Turret Lane 51/Surface/no-hourly-only-flat-£5.95-24h; Ranelagh Road 21/Surface/no-hourly-only-flat-£4.95-24h; St Helens Street 13/Surface/no-hourly-only-flat-£4.95-24h; all sourced from live ncp.co.uk via Wayback Machine snapshots Nov2024-Mar2025 since live site is Cloudflare-403-blocked, using NCP's own embedded numberOfSpaces/carParkType/tariffs JSON). Excluded 5 other NCP Wayback listings as stale duplicates of other operators' current facilities: ipswich-tackett-street + ipswich-tower-ramparts (now Q-Park, see above), ipswich-bond-street (8 spaces, IP4 1JE - exact address match to Council's own 14-space Bond Street car park, i.e. same physical site now fully Council-run) and ipswich-portman-road (65 spaces, IP1 2BP - same postcode/street as Council's 4 separate Portman Road A/B/C/D car parks, same site now Council-run), and ipswich-station-g-anglia (494 spaces, IP2 8AL - confirmed via WebSearch + direct fetch of sabaparking.co.uk to be the same Ipswich rail-station car park complex now operated by Saba/Greater Anglia's parking concessionaire, not NCP). Also excluded ipswich-orchard-street and ipswich-st-georges-street: both NCP slugs return a live page shell on every 2024/2025 Wayback snapshot but never populate the embedded numberOfSpaces/geo JSON (unlike every other NCP Ipswich page checked), so no verifiable capacity/coordinates exist for either - treated as broken/orphaned listings rather than guessed. Ipswich Borough Council 17/17 full coverage of every car park on the council's own live car-park-locations-and-tariffs page (ipswich.gov.uk) - 11 short-stay (max-stay-5h, so no genuine 24h cap: Bond Street 14, Cromwell Square 64, Crown 536/MSCP/£12.00-cap/27-EV-bays, Elm Street 68/2-EV-bays, Fore Street 30, Regent 73, Smart Street 21, St Peter's Dock ~100, Upper Orwell St North 54/2-EV+1-dual-bay, Upper Orwell St South 37, William Street 77) + 7 long-stay with genuine all-day £8.00 cap (Norwich Road Shoppers 78, Portman Road A/B/C/D 55/135/618/26, Princes Street 21, West End Road 385) - all capacity/tariff/EV data scraped directly from each car park's own detail page; no embedded map coordinates exist on any council page (client-rendered Google Maps with no server-side lat/lon), so all 17 geocoded via postcodes.io postcode-centroid lookup (single synchronous batch call) rather than Nominatim, since exact postcodes were already known from each detail page - note William Street's postcode IP1 3HX is a terminated/retired postcode (year_terminated 1998 per postcodes.io) but still resolves to a valid historical centroid near the correct street. Saba 1/1 (kept as ONE consolidated row despite Saba's own site listing two separate sub-pages 'Ipswich Station Surface Car Park' and 'Ipswich Station MSCP Car Park' at two distinct nearby coordinates on Burrell Road - both sub-pages publish an IDENTICAL capacity breakdown [426 standard+24 blue badge+2 EV+20 staff+45 motorcycle=517] and identical tariff table [£1.20-1hr, £11.00 Mon-Fri-before-10am daily], strongly suggesting a shared/templated stats block rather than a genuine per-structure split, so merged into one row using the MSCP coordinate rather than risk double-counting capacity across two rows). Checked APCOA directly via apcoa.co.uk's own sitemap (1000+ URLs on the main page) - zero Ipswich entries, confirmed no APCOA presence. Capped at 4 operators (Q-Park/NCP/Council/Saba) per methodology. Pricing coverage: hourly_rate populated for 22/27 (2 Q-Park + 3 NCP + 17 Council; Saba +1 = 23/27 actually), daily_cap for 15/27; all real GBP (£), no non-hourly tariffs estimated. SURPRISING FINDING: Ipswich shows the Q-Park/ex-NCP acquisition pattern AND a second, distinct 'stale NCP listing' pattern not seen as clearly in prior cities - NCP's Wayback-archived pages kept listing Bond Street, Portman Road and the station car park for months/years after those sites had already reverted to direct Council or Saba/Greater-Anglia operation, i.e. NCP's website was not just slow to update after losing sites to Q-Park but also after losing sites to two other unrelated operators."
York,done,"19 garages across 5 operators. Q-Park 2/2 full coverage (Barbican/Shambles, the only two facilities on Q-Park's own York city page) - JSON-LD geo/capacity/address, live tariffs via GetTariffsForFacility API for both; both have genuine entry-time-band hourly rates (Barbican 2.40-3.70/hr, Shambles 2.20-4.20/hr depending on entry window) so hourly_rate left blank but real 24h-cap kept (21.50/29.50); EV counts are real per-facility JSON-LD Electric Charging Spots (Barbican 4, Shambles 2). City of York Council 13/13 full coverage of the council's own 'All council car parks' directory (Bishopthorpe Road/Bootham Row/Castle/Coppergate Centre/East Parade/Esplanade/Foss Bank/Marygate/Monk Bar/Nunnery Lane/Rowntree Park/St George's Field/Union Terrace) via york.gov.uk's own per-car-park directory-record pages, which embed exact coordinates, a published day/weekend tariff ladder, and a 'Number of spaces' breakdown (Standard+Blue Badge+Electric+Car Club summed to get total capacity) plus a facility-specific EV charging-point count/Yes-No - real published data throughout, no estimates. Excluded the 2 separate 'coach park' listings (Union Terrace coach park, St George's Field coach park) as non-car. hourly_rate uses the Sunday-Thursday 'up to 1 hour' tariff (the baseline/most common rate); Friday-Saturday-and-events rates run ~10% higher and Minster-Badge-holder rates ~30% lower - noted here rather than in a 5th column. daily_cap only populated for the 5 car parks with a genuine published 'All day' capped tariff (Foss Bank/Marygate/Monk Bar/Nunnery Lane/St George's Field, all 23.20 Sun-Thu); the other 8 either have an open-ended 'over 5 hours +X/hour' structure with no true cap (Bootham Row/Castle/Coppergate Centre/Esplanade/Union Terrace) or a hard 2-3-hour maximum-stay rule with no all-day option at all (Bishopthorpe Road/East Parade/Rowntree Park), so left blank per methodology rather than estimated. NCP 2 genuine current facilities (Tanner Row 257sp clean linear 6.00/hr+40.00 24h-cap, York Station South/Queen Street 135sp clean linear 5.00/hr+30.00 24h-cap) - IMPORTANT: ncp.co.uk itself is Cloudflare-bot-protected (403 to curl/WebFetch) and no browser tab was available (shared-tab-cap warning, other city agents concurrently running), so this required an unusual cross-check: NCP's own site (via Wayback Machine, only crawled through late-2024) lists 4 York pages - Barbican Road/Coppergate 2/Piccadilly/Toft Green - all tiny 5-28-space surface lots, but live third-party aggregator Parkopedia's embedded structured data (fetched via plain curl, HTTP 200, not Cloudflare-gated) shows current real-time operator attribution for every York facility and confirms these 4 are STALE NCP listings that have actually changed hands: Barbican Road is now 'Parking Group Ltd' (28sp), Toft Green is now 'Times24 UK Limited' (6sp, confirmed independently via times24.co.uk's own live site - see below), and Piccadilly/Coppergate 2 could not be matched to any current operator (likely closed/absorbed). Parkopedia's live data confirms only 2 York facilities still genuinely NCP-branded - Tanner Row and York Station South (Queen Street) - each with a vendor_url pointing back to ncp.co.uk's own (uncrawled-by-Wayback-recently but presumably still live) facility page, both much larger (135-257sp) than any of the 4 stale small lots and not found in the original Wayback crawl at all (NCP's site restructure apparently dropped them from recent crawls despite them still being live) - real per-duration tariff tables (1h/2h/3h/4h/5h/24h) extracted directly from Parkopedia's rate_tables JSON, both perfectly linear (no rounding/banding), both used with high confidence given the vendor_url cross-check. NCP administration (Mar-2026, PwC-appointed) noted per prior-city precedent - still trading nationally. APCOA 1/1 (APCOA's own York locations page lists exactly one facility - 'York Commuter', Leeman Road, YO26 4XJ, 205sp, near the train station) - this is a season-ticket/commuter-only facility per its own page's heavy 'Season Ticket' emphasis with zero pay-and-display tariff anywhere in static HTML, so both hourly_rate and daily_cap left blank rather than estimated; has_ev also left blank as the only 'charging' mentions on the page are APCOA's generic sitewide 'APCOA Connect' EV nav-blurb, not a facility-specific figure (same pattern excluded in Birmingham/Manchester). Times24 UK Limited added as a 5th operator specifically because it was caught red-handed as the actual current operator of the stale 'NCP Toft Green' listing above (confirmed independently on times24.co.uk/locations/york-toft-green, matching address/coordinates/name exactly) - real clean tiered tariff (2h=6.00, 2-4h=12.00, 4-24h=16.00) scraped from the site's own embedded JSON; hourly_rate left blank (not a clean per-hour figure) but real 16.00 24h-cap kept. Checked and excluded: Saba/Indigo (searched sabaparking.co.uk's full UK car-parks listing directly - zero York matches, no genuine presence); Apex Parking (searched apex-parking.co.uk's own car-parks page directly - zero York matches); 'Parking Group Ltd' (the actual current operator of ex-NCP Barbican Road, 28sp) - a single tiny surface lot, not pursued as a 6th operator given the 4-5-operator cap and its absence from the methodology's named competitor list, noted here for any future retry. York Park & Ride (6 sites are well known to exist per general knowledge - Askham Bar/Designer Outlet/Monks Cross/Poppleton Bar/Rawcliffe Bar/Grimston Bar) was considered but excluded as a fundamentally different product (free car parking bundled with a paid bus fare, no comparable stand-alone hourly/daily car-parking rate) rather than a directly competing city-centre garage, consistent with how true P&R has been handled in other UK cities in this dataset; the exact council P&R URL could not be located quickly (york.gov.uk/CarParks and /park-and-ride both 404'd) and was not chased further given the different-product rationale for exclusion anyway. Pricing coverage: hourly_rate populated for 15/19 (all Q-Park/NCP/Council except the 3 max-stay-only council lots which use the same Sun-Thu-1hr baseline logic - actually all Council+NCP have hourly_rate, only Q-Park [entry-time-banded] and APCOA/Times24 [tiered, no clean hourly] are blank), daily_cap populated for 10/19. All GBP (£), none estimated - blanks are deliberate per non-hourly/non-clean-tier tariff structures, season-ticket-only access, or genuinely uncapped ladders."
Belfast,done,"35 garages across 4 operators. Q-Park DOES operate in Belfast/Northern Ireland - confirmed via live city page (contrary to the possibility flagged in the brief that they might not): exactly 1 facility, Victoria Square (1083 spaces, JSON-LD geo/capacity/address, live tariffs via GetTariffsForFacility API - GBP hourly £3.80, daily cap £27.00, EV charging). NCP 2/2 full coverage per live find-a-car-park search filtered to Belfast (Montgomery Street 447 spaces, The Tannery/Francis Street 610 spaces) - NCP confirmed in administration since Mar-2026 (Joint Administrators notice on live site) but still trading; JSON-LD/embedded geo extracted via browser JS since ncp.co.uk is Cloudflare-bot-protected to curl (403); live pricing could NOT be retrieved - the site's prebook/find-prices flow returns 'Sorry, your location search hasn't found any car parks' for both Belfast facilities even with correct autocomplete-selected addresses (likely a NI-specific booking-backend gap), so hourly_rate/daily_cap left blank per methodology rather than estimated. APCOA 2/2 full coverage per apcoa.co.uk Belfast locations listing (Lanyon Place 570 spaces, Oxford Street/Hilton 220 spaces - both on Lanyon Place street despite different names/postmarking; JSON-LD geo, live pricing panel text GBP £4.70/hr-£25/day and £4.10/hr-£25/day, both EV-equipped). Belfast City Council 30/30 full coverage (all council-operated off-street car parks per belfastcity.gov.uk/carparks - 15 free, 15 charged with RingGo tariffs, GBP pence/hour with daily maximums; geocoded via single synchronous Nominatim curl+sleep loop, countrycodes=gb) - surprising finding: Northern Ireland's off-street public parking is NOT run by a Stormont/DfI scheme as the brief speculated - DfI transferred all off-street car parks to Belfast City Council in 2015 local government reform (DfI retains only on-street parking + 3 Park & Ride sites, not included here as out of scope/no car-park-style tariff). No ROI/NCP-Ireland data reused. Cap at 4 operators per methodology; NCP's other web-search-suggested Belfast sites (Seymour Street, Dublin Road, Lanyon Terrace, Cromac Quay, City Quays) did NOT appear in the live find-a-car-park search and are presumed closed/rebranded - only Montgomery Street and The Tannery are live."
Bury,done,"13 garages across 2 operators. Q-Park 1/1 full coverage - Bury's own Q-Park city page (q-park.co.uk/en-gb/cities/bury/) lists only one facility, Knowsley Place (404sp, JSON-LD geo/capacity/4 EV bays), live tariffs via GetTariffsForFacility API - clean 'up to 1 hour' tier (2.50) used as hourly_rate, 'up to 24 hours' (16.00) as daily_cap. Bury Council 12/12 full coverage of every car park on bury.gov.uk's own 'Car parks in Bury town centre' page (Castle/Foundry Street/George Street/Irwell Street/Manchester Road/Market/Parsons Lane North/Parsons Lane South/Trinity Street/Bolton Street Station/Castle Leisure Centre/Moorgate) - all council-owned, free after 6pm-8am and flat GBP1.50 all-day Sunday (not captured in hourly_rate/daily_cap columns, which reflect Mon-Sat rates only); capacity = standard bays + disabled bays combined per listing (e.g. '34 (+2 disabled)' -> 36) to match Q-Park's inclusive maximumAttendeeCapacity convention; 10 of 12 (all except Castle Leisure Centre and Moorgate) have a banded tariff starting at 'up to 2 hours' with NO clean 1-hour tier, so hourly_rate left blank per methodology, daily_cap = the 'more than 5 hours' flat rate (6.00 standard, 13.00 for the three starred long-stay car parks Castle/Parsons Lane North/Parsons Lane South); Castle Leisure Centre and Moorgate do have a clean 'up to 1 hour' GBP1.00 tier, used as hourly_rate, daily_cap 6.00; has_ev False for all 12 - no EV charging mentioned anywhere on the council's own car-parks page. Checked and EXCLUDED as competitors: NCP - confirmed zero genuine Bury (Greater Manchester) presence via Wayback CDX domain search (all 'bury' hits were Bury St Edmunds/Banbury/Newbury/Shaftesbury/Queensbury substring false-positives), consistent with NCP's national administration-but-trading status not implying presence everywhere. APCOA - confirmed zero Bury presence via apcoa.co.uk's own sitemap.xml (city page 404s; site's full locations sitemap has no genuine Bury GM entry, same substring false-positive pattern as NCP). Saba/Indigo (sabaparking.co.uk) - spot-checked, consistent with the Manchester finding that Saba's UK portfolio skews London/TfL/West Midlands rail with zero North-West England footprint. TfGM Metrolink Park & Ride - Bury Interchange (Haymarket Street) has a Metrolink car park, but Bury Council's own car-parks page links it directly to TfGM's generic Park & Ride info page rather than a priced facility listing, and tfgm.com is bot-protected (HTTP 202 empty responses to all fetch attempts); treated as a transport-linked/permit scheme distinct from commercial competitive parking, not counted as a competing operator, consistent with methodology's framing of it as worth checking rather than mandatory inclusion. Also noted but excluded as non-operator retail free parking (linked from council page as 'privately owned', no pricing published): Angouleme Retail Park, Moorgate Retail Park, Millgate Shopping Centre, The Rock Parkade, Woodfield Retail Park. Capped at 2 operators (Q-Park/Bury Council) - only 2 genuine operators found despite checking all methodology-listed competitors. Geocoding: Q-Park had exact embedded schema.org coordinates; all 12 council car parks needed geocoding - Nominatim's freeform address/postcode search proved unreliable here (returned Bury St Edmunds or wrong-postcode results for 'BL9 0QT, Bury, UK' style queries, and even produced duplicate coordinates for two different postcodes in one run), so switched to postcodes.io (UK-specific authoritative postcode geocoder) for precision; 2 of 12 postcodes (BL9 0QT George Street, BL9 0BT Trinity Street) are since-terminated postcodes no longer in the live index, resolved via postcodes.io's terminated_postcodes endpoint instead. Parsons Lane North and South share postcode BL9 0LY so received identical coordinates (postcode centroid) - kept as genuinely separate Council-confirmed listings with different capacities (21 vs 143), same precedent as shared-address facilities in other cities. All resulting coordinates cluster tightly around Bury town centre (53.589-53.596, -2.289 to -2.303), consistent with and close to Q-Park's own Knowsley Place coordinates - good sanity check. Pricing coverage: hourly_rate populated for 3/13 (Q-Park + 2 council car parks with clean 1-hour tiers), daily_cap for 13/13. All GBP (GBP), none estimated - blanks are deliberate per genuine banded/non-1-hour tariff structures. Surprising finding: Bury has by far the smallest Q-Park footprint of any UK city done so far (just 1 facility vs 10-19 in bigger cities), with the council itself operating far more capacity (12 car parks, ~1.4k+ combined spaces) than Q-Park - reflecting Bury's status as a metropolitan borough town centre rather than a major city, and NCP/APCOA/Saba having no interest in a market this small."
Chelmsford,done,"23 garages across 3 operators. Q-Park 1/1 (full coverage - only one Q-Park facility in Chelmsford, 'Meadows' at Baddow Road CM2 0WP, 454 spaces, JSON-LD geo + live GetTariffsForFacility API; tariff is entry-time-tiered (£2.00/£2.30/£1.90 per hour depending on arrival window) not a flat hourly rate, so hourly_rate left blank per methodology, daily_cap=21.50 from the API). Chelmsford City Council 21/24 (near-full coverage of council's own /car-parks/ listing of 24 facilities; scraped each facility's detail page for spaces/disabled/EV/tariffs, geocoded via single synchronous Nominatim batch loop since council pages have no embedded coordinates - excluded Little Waltham Parish and Writtle Parish as genuinely separate villages several miles outside the city, and excluded Hylands Estate/Hylands Park's 3 car parks as a leisure-park estate rather than city-centre competitive parking; included Great Baddow Parish as it's a Chelmsford suburb. For tariffs with a clean 'up to 1 hour' tier, used that as hourly_rate and the max weekday/up-to-midnight tier as daily_cap (matches York precedent); left hourly_rate blank for Rectory Lane West, Regina Road and Waterhouse Lane which have no clean 1-hour tier, and for Great Baddow Parish (free) and West End Business (permit-holders only, no public tariff); West End has a 3-hour max-stay limit so no daily_cap applies. Waterloo Lane 1/2/3 and Townfield Street/West End share identical geocoded coordinates because Nominatim only resolved to street level for these shared streets - left as-is rather than fabricating offsets, and it reflects real adjacency). Bond Street Chelmsford 1/1 (surprising 3rd operator found via web search, not listed by the council or Q-Park: a privately-run 286-space underground car park beneath the Bond Street shopping/leisure development, ANPR pay-on-foot, tariffs and capacity from the operator's own bondstreetchelmsford.com/parking page, geocoded via Nominatim; no EV charging mentioned on their facilities page so has_ev=False). NCP, APCOA and Saba/Indigo all confirmed absent from Chelmsford - unlike every other UK city so far in this project, none of the three national competitor chains have a presence here: NCP's live find-a-car-park search returns no results/pins for Chelmsford, APCOA's full A-Z city listing has no Chelmsford entry (jumps Cheltenham->Chertsey), and Saba UK's location list only covers London/Gloucester/Milton Keynes clusters. Surprising finding: Chelmsford City Council directly owns and runs the majority of the city's off-street parking supply (21 facilities, several multi-storey incl. High Chelmer 1,012 spaces and Townfield Street 726 spaces) rather than outsourcing to a national operator, and even runs a 'Meadows Surface' car park (250 spaces, CM2 0WP) distinct from and adjacent to Q-Park's own 'Meadows' facility (454 spaces, also CM2 0WP) - same shopping centre, two unrelated garages under that name from two different operators. Also found via news search that the council recently (May 2026) acquired The Granary car park, formerly privately operated - now included as a council facility."
Croydon,done,"30 garages across 5 operators. Q-Park 1/1 full coverage (Surrey Street is the ONLY facility on Q-Park's own Croydon city page - Charles Street, CR0 1TR, 685sp, JSON-LD geo/capacity/6 EV charging spots, live tariffs via GetTariffsForFacility API: clean linear 2.80/hr, 21.00 24h-cap). Q-Park acquisition check: Internet Archive/Wayback Machine was completely offline this session ('Temporarily Offline' on every CDX and web.archive.org request, both direct and retried), so could not historically verify whether Surrey Street itself is an ex-NCP site the way prior UK cities did - but NCP's own live site has no current or archived Surrey Street page at all (confirmed via direct facility-URL probing, see below), suggesting Surrey Street was likely always Q-Park-branded rather than a recent acquisition. NCP 4 genuine live facilities confirmed by probing each individual facility URL directly (ncp.co.uk's Cloudflare protection blocks curl/WebFetch with 403 but NOT a real browser tab, which loaded every page cleanly) - Prospect West (450sp, 65 Station Road, EV points listed), Wellesley Grove (90sp), St Georges Walk (50sp), Poplar Walk (57sp); by contrast croydon-southern-house, -southern-house-2, -southern-house-3, -columbus-house, -marden-road, -whitgift, -central and -fairfield-halls ALL returned live 'Page not found' 404s despite being referenced in NCP's own Croydon marketing copy ('the nearby NCP Whitgift and Croydon Central car parks') and in web-search snippets - confirms NCP's marketing text and search-indexed snippets are stale/outdated, not reflective of current facilities; none of these 4 live facilities publish any static hourly/daily tariff (the site's own 'Pay on the day' panel is blank on every Croydon facility page), so hourly_rate/daily_cap left blank rather than estimated; the 'Car-Electrical Charging Points' amenity note appears identically on all 4 facility pages (same generic wording), so treated as unconfirmed/non-facility-specific per the Birmingham/Manchester APCOA-generic-EV-link precedent and left has_ev blank rather than True. MAJOR finding: NCP's dead Whitgift and Fairfield Halls listings map onto two DIFFERENT surviving operators, not Q-Park - Whitgift is now run by 'Centrale & Whitgift'/FAAC Mobility Services (FMS), and Fairfield Halls is now a Croydon Council facility (see below) - a 3-way rather than 2-way stale-listing split, a new pattern for this dataset. APCOA 4/4 (Wandle Road multi-storey 1021sp/CR0 1DX, 8 disabled, JSON-LD geo, live pricing-panel tariff 2.20/hr+15.00 24h-cap, no EV; South Croydon Station 81sp surface, Blunt Road CR2 7PA, real EV confirmed - 4 CTEK chargers @£0.65/kWh - daily-rate-only structure so hourly blank, 7.10 weekday daily_cap, free for Blue Badge holders; Purley Oaks Station 67sp and Sanderstead Station 122sp, both small rail-station surface lots found via APCOA's full sitemap rather than its Croydon city page which only lists Wandle Road - all 4 confirmed via apcoa.co.uk's own JSON-LD + rendered pricing panels). Wandle Road (APCOA, multi-storey) and the council's separate 'Wandle surface car park' (CYC18) are genuinely distinct facilities ~40m apart on the same street, both confirmed independently via embedded/geocoded coordinates - not a duplicate. Croydon Council 19/19 full coverage of every car park on the council's own 2-page 'find-council-car-parks-croydon' directory (Clifford Road/East Croydon surface/Factory Lane/Fairfield Hall/Garnet Road/Granville Gardens/Jubilee Bridge/Lion Green Road/New Addington Central Market+Central Parade+Swimming Pool/Purley multi-storey/Reedham Station/Russell Hill Place/Sanderstead Road/Spice's Yard/Waddon Leisure Centre/Wandle surface/West Croydon) - each facility's own detail page gives real capacity/disabled-bays/EV-bays and a full emissions-band (Band 1/2/3, lower-emission vehicles pay less) tariff table; used Band 2 (the middle/most representative band) for hourly_rate/daily_cap throughout, noted here rather than as a 6th column. Real per-facility EV bay counts found for 3: Garnet Road (2), Lion Green Road (14 - the largest EV provision of any Croydon facility in this dataset), Sanderstead Road (1), Reedham Station (1) - all facility-specific published figures, not generic. Two families of tariff ladder recur across most small/medium surface and multi-storey council car parks alike: an '11-hour-max' ladder (Band2: 1hr=1.36, 11h=9.47) and a '24-hour' ladder (Band2: 1hr=2.08, 24h=16.53) - Purley's 387-space multi-storey uses the same 11h-max ladder as small surface lots like Clifford Road, an odd but confirmed-real pattern (no higher tier published anywhere on its own page). East Croydon (surface) is a 7-space/30-minute-max-stay lot with only 15/30-minute price bands, no 1-hour or daily tier, so left blank; New Addington Central Market has an ambiguous/incomplete public tariff (page emphasizes very limited opening days - Mon/Wed/Thu/Sat only - and only clearly shows evening rates), left blank rather than guessed. New Addington Swimming Pool is the one council facility with a genuinely flat non-emissions-banded tariff (0.70/hr, 4.90 cap). Corrected a WebSearch-summary error in passing: an initial aggregator snippet claimed Spice's Yard has '1,117' spaces, but the operator's own detail page states exactly '117 spaces' - trusted the primary source per methodology and used 117. Centrale & Whitgift (FMS) 2/2 added as a 5th operator per the brief's explicit prompt to check Westfield/Whitgift-style shopping-centre parking - found the Whitgift Centre is NOT run by NCP/APCOA/Saba but by 'FAAC Mobility Services' (FMS) under the joint 'Centrale & Whitgift' shopping-centre brand (centraleandwhitgift.co.uk): Centrale (950sp, 49 disabled, 70 family, CR0 1XT, clean linear-ish ladder 2.75/hr+8.75 24h-cap) and Whitgift (1059sp, CR9 1AT, open 24h, 2.50/hr+6.50 24h-cap) - together the two largest single buildings in the whole Croydon dataset (2,009 spaces combined, more than Q-Park+NCP+APCOA combined), a genuinely major standalone private operator absent from every operator name in the brief's own checklist. Checked Saba/Indigo directly (sabaparking.co.uk's UK car-parks listing) - zero Croydon presence, excluded. Capped at 5 operators (Q-Park/APCOA/NCP/Croydon Council/Centrale&Whitgift-FMS) per methodology's 4-5 cap. Geocoding: Q-Park and APCOA used embedded exact schema.org JSON-LD coordinates; Nominatim was completely unresponsive this session (every request hung indefinitely with zero response, consistent with prior cities' notes on multi-agent egress-IP contention - confirmed via ps aux that this container's /tmp scratch directory is actively shared with many concurrent city/country agent sessions), so switched to Photon - even a scripted while-loop with Photon hung/produced no output for 15+ minutes for unclear reasons (possibly shell-quoting related), so pivoted to firing each of the 25 NCP/FMS/Council geocode queries as individual direct foreground curl calls instead, which resolved reliably and fast (<1s each); New Addington's 3 council facilities (Central Market/Central Parade/Swimming Pool) share one street-level Photon coordinate despite slightly different postcodes (CR0 0JL vs 0JB) as Photon only resolved to street/area precision there - kept as-is per the Bury Parsons-Lane-North/South shared-postcode precedent rather than fabricating an offset. Pricing coverage: hourly_rate populated for 18/30, daily_cap for 22/30. All GBP (£), none estimated - blanks are deliberate per non-hourly/short-stay-only/day-rate-only tariff structures or unpublished NCP figures."
Ealing,done,"16 garages across 4 operators. Q-Park 1/1 full coverage (Ealing's own Q-Park city page lists only Dickens Yard, 510sp underneath the Dickens Yard development, JSON-LD geo/capacity, live tariffs via GetTariffsForFacility API: clean 'up to 1 hour' tier 1.80 used as hourly_rate, 'up to 24 hours' 16.00 as daily_cap; page itself notes 'Our EV Chargers are currently out of service' so has_ev=False despite physical chargers existing on site - a genuinely different EV case from a simple absence). Q-Park acquisition check: NEGATIVE this time - unlike most other UK cities checked, Dickens Yard is NOT ex-NCP; web search confirms the site was previously a COUNCIL-owned car park redeveloped into the Dickens Yard mixed-use scheme (completed 2019) with Q-Park operating the new underground facility from scratch, not an NCP handover. APCOA 1/1: Ealing Hospital NHS Trust - Southall (170sp, JSON-LD geo, live rendered pricing panel: clean 'up to 1 hour' 3.30 as hourly_rate, 'up to 24 hours' 14.80 as daily_cap) - notable finding: this page is NOT listed in APCOA's own current sitemap.xml (1,696 UK location URLs checked, zero 'ealing'/'southall' matches) despite returning a fully live 200 response with current JSON-LD and pricing - likely an NHS-contract microsite outside the main location-finder index rather than a defunct listing; included since independently verified live. NCP: CONFIRMED ABSENT - NCP's own live find-a-car-park search for 'Ealing, London, UK' returns zero results in the borough (only an unrelated Richmond car park ~7 miles south), and the specific NCP subpage for a web-search-surfaced 'North Ealing Queens Parade' (a tiny 6-space site per third-party aggregators) 404s on ncp.co.uk itself - per methodology's 'verify against operator's own live site', not counted, consistent with genuine absence rather than a stale-listing case this time. Saba 1/1: North Ealing Station Car Park (Station Road W5 3AF, 99 spaces incl. 4 disabled/1 motorcycle/1 EV-taxi bay, TfL-owned/Saba-operated, PayByPhone pay-on-arrival only) - flat daily rate 5.50 (no hourly tariff structure, so hourly_rate left blank per methodology) - confirms the same TfL/Saba pattern seen in other cities' aggregator-vs-live-site checks (Parkopedia/parking.ai listed it as 'NCP', but Saba's own live page is authoritative). Ealing Council 13/18 (near-full coverage of the council's own current 'car park charges, spaces and opening times' PDF, updated 12/12/2024, pdfplumber-extracted directly rather than trusting an AI-summary of the PDF which hallucinated different £ figures and fabricated daily-cap numbers not actually in the source - a concrete instance of the methodology's 'be skeptical of AI-generated summaries' warning; capacity = regular+disabled bays summed, motorcycle-only bays excluded, matching Bury precedent). Excluded from the 18 total in Table 2a: Dean Gardens and Southall Market (both explicitly marked '* = Car Park temporarily closed due to development' in the same official PDF); Maitland Yard, Northala Fields and Northolt Leisure Centre (listed by name/PayByPhone-code only in the summary emissions-rate table but with NO address/capacity/space-count published anywhere in this PDF, so excluded rather than fabricated). All 13 included car parks charge 'Between £X and £Y per hour depending on vehicle emissions' (a genuinely different structure from other cities' duration-based bands: here the SAME 1-hour stay costs a different amount depending on the vehicle's CO2/fuel type) with the numeric per-band conversion table ('Table 2b') not published on any Ealing Council page or file found (xlsx export only maps location->band-number, not band-number->£); rather than estimate, hourly_rate and daily_cap left blank for all 13 per methodology, except Singapore Road which is explicitly free (2 disabled-only bays, 0.00/0.00, not an estimate). Only Featherstone Terrace has confirmed EV charging (3 bays) - has_ev=True, only council facility so marked. Geocoding: Q-Park/APCOA had exact embedded JSON-LD coordinates; Saba's own page gave precise coordinates directly; all 13 council car parks geocoded via postcodes.io (one synchronous loop, 1-1.5s sleep) - 11/13 resolved directly by postcode, 2 needed a Nominatim address-text fallback (UB6 9PY for Greenford Broadway resolved to a postbox on The Broadway rather than the postcode centroid itself; W13 0RJ for Singapore Road resolved to the street itself). Capped at 4 operators (Q-Park/APCOA/Saba/Ealing Council) per methodology; did not pursue a 5th - Ealing Broadway Shopping Centre's own multi-storey (distinct from Q-Park's separate Dickens Yard site nearby) surfaced in search but with no clear operator identity/live tariff page found, not added without verification. Pricing coverage: hourly_rate populated for 3/16 (Q-Park, APCOA, Singapore Road-free), daily_cap for 5/16. All GBP (£), none estimated - blanks are deliberate for the emissions-banded structure with no published numeric table. Surprising findings: (1) this is the first UK city in the project where the Q-Park acquisition-check comes back negative - a genuine from-scratch redevelopment site, not an ex-NCP handover; (2) NCP's complete absence (not even a stale live-site listing, unlike the pattern in most other cities) despite third-party aggregators claiming two NCP sites here; (3) Ealing's per-vehicle-emissions tariff structure (same duration, different price by CO2 band) is architecturally different from every other UK council pricing structure seen in this project so far (which have all varied by duration/day, not by vehicle type)."
Gloucester,done,"20 garages across 4 operators. Q-Park 1/1 (full coverage - only one Q-Park facility in Gloucester, 'The Forum' at Station Road GL1 1SZ, 398 spaces incl. 44 EV/15 disabled, JSON-LD geo + live GetTariffsForFacility API; no clean 'up to 1 hour' tier [up to 2h is the first tier at £2.70] so hourly_rate left blank per methodology, daily_cap=12.00 from the API. Confirmed via web search this is a genuinely NEW facility that opened Dec 2025 as part of the Kings Quarter/Forum regeneration development - NOT a former-NCP acquisition, unlike the pattern in other UK cities checked so far). NCP 1/1 (NCP's own live find-a-car-park search returns exactly one Gloucester result, 'Northgate Street'/Spread Eagle Street GL1 1SL - a tiny 6-space cash-only surface P&D lot with no CCTV and no card payment per NCP's embedded carpark JSON [numberOfSpaces:6, carParkType:Surface, acceptsCreditCards:N]; no tariff published so hourly_rate/daily_cap left blank. Q-Park acquisition check: NO stale-NCP-now-Q-Park pattern found here - Q-Park's Forum is a different address/new-build, not a rebrand of an NCP site, unlike Newcastle/Birmingham/Bristol/Cardiff/Colchester/Ipswich/Manchester/Nottingham/Truro from the Aug-2026 20-site NCP administration acquisition). APCOA 3/3 (full coverage per APCOA's own Gloucester location page and site links: 'Gloucester Station' 200 spaces, 'Gloucester Station - Short Stay' 20 spaces (20min free, then £2.00/hr, no daily cap - a station drop-off zone), 'Gloucester Station - Overflow' 240 spaces incl. 2 EV - all three share Bruton Way GL1 1DE [the station forecourt] but have distinct JSON-LD coordinates/capacities; Station and Overflow both have a weekday/weekend daily-rate-only tariff [£12.00 Mon-Fri, £8.00 Sat-Sun, no hourly tier] so hourly_rate left blank, daily_cap=12.00 using the standard weekday rate). Saba 14/14 (MAJOR finding: Gloucester City Council's entire off-street car park portfolio is operated under contract by Saba Parking [Interparking Group] - confirmed via sabaparking.co.uk's own Gloucester hub page listing every council car park by name/address, each with its own 'X Car Park | Gloucester City Council | Saba Parking' branded page; council's own gloucester.gov.uk pages are the public-facing pay-and-display tariff pages [used as primary tariff source] while Saba's pages supplied capacity/bay breakdowns and EV counts - Castlemeads 249, Eastgate Shopping Centre 380, Gloucester Leisure Centre/GL1 53 [flat £4.20 2.5hr max-stay, no clean hourly/daily split so both left blank], Great Western Road 56 [flat all-day-only £5.20, no hourly tier], Hampden Way 72, Hare Lane North 79, Hare Lane South 97 [4hr max-stay, no all-day option so daily_cap left blank], Kings Walk 291 [multi-storey], Ladybellegate Street 28, Longsmith Street 300 [multi-storey - NOTE only 135/300 spaces currently usable, floors 6+ closed per council's own page, keeping nominal 300 as capacity], North Warehouse 66 [30-min tier not 1hr, hourly left blank], St Michaels Square 97, Station Road 110, Westgate Coach and Car Park 95. EV charging spot-checked via Saba's own per-facility bay breakdown on 5/14 pages [Kings Walk/Longsmith/St Michaels/North Warehouse/Station Road all showed Electric Charging:0]; Westgate Coach and Car Park confirmed 2 EV bays - the remaining 8 facilities' has_ev is inferred False by the same pattern rather than individually re-verified, flagged here for transparency). Gloucester City Council (direct) 1/1 (Southgate Moorings, Southgate Street GL1 2DB, 179 spaces - explicitly NOT part of the Saba portfolio per the council's own page: 'owned by Gloucester City Council, but managed by Ash & Co [and] patrolled by NSGL, so doesn't come under Gloucester City Council Parking Team' - a third distinct management arrangement; up to 2hrs is the first weekday tariff tier [no 1hr] so hourly_rate left blank, daily_cap=8.40). Capped at 4 distinct operators (Q-Park/NCP/APCOA/Saba) plus council-direct Southgate Moorings per methodology. Pricing coverage: hourly_rate populated for 12/20, daily_cap for 16/20, all GBP - blanks are deliberate per genuine non-hourly/non-daily tariff structures [flat max-stay fees, daily-rate-only station parking, or a first tier above 1 hour], none estimated. Geocoding: Q-Park/APCOA had real embedded JSON-LD GeoCoordinates; the 15 Saba/council-direct facilities have no embedded coordinates on either gloucester.gov.uk or sabaparking.co.uk, so geocoded via postcodes.io [single synchronous loop, one call per postcode] rather than Nominatim - a first synchronous Nominatim loop and a later postcodes.io attempt both hung indefinitely, root-caused to a 'while read -r ... < file' shell construct hanging in this sandbox regardless of the network target [confirmed with a trivial no-network 2-line reproduction]; switching to a bash 'for' loop over an array fixed it immediately, all 15 resolved on the first successful run. Surprising findings: (1) Gloucester's entire municipal car park network is Saba-operated, not council-direct, unlike Chelmsford/Newcastle's direct-council model seen elsewhere in this project; (2) a third operator layer [Ash & Co/NSGL] exists for one facility outside even the Saba contract; (3) Q-Park's only Gloucester presence is brand new [Dec 2025] and NOT part of the nationwide ex-NCP acquisition wave seen in most other UK cities so far; (4) Longsmith Street multi-storey is currently running at less than half its nominal capacity [135/300] due to upper-floor closures."
Hemel Hempstead,done,"17 garages across 4 operators. Q-Park 1/1 full coverage (Q-Park's own Hemel Hempstead city page lists only one facility, Hillfield Road) - JSON-LD geo/capacity/address (160 spaces, HP2 4AA), live tariffs via GetTariffsForFacility API: clean 1hr-4hr linear ladder (1.50/hr) + 7.00 24h-cap; no EV amenity listed. CONFIRMED via Q-Park acquisition check: a Cardiff Newsroom press release on Q-Park's 8-Aug-2026 takeover of 20 former-NCP UK sites explicitly names 'Hemel Hempstead - Hillfield Road' as 1 of 15 sites moving to the Q-Park brand (NCP entered administration Mar-2026) - so Hillfield Road IS the former NCP site, and Q-Park's 1-facility page already fully reflects the acquisition. NCP now has ZERO genuine Hemel Hempstead presence: live ncp.co.uk site search for 'Hemel Hempstead' returns 'no results' (not just Cloudflare-blocked - a genuine empty result), and all 3 of NCP's own historic Hemel Hempstead car-park pages (Hillfield Road/Corner Hall/Waterhouse Street, per Wayback CDX) now 404 live. SURPRISING FINDING #1: unlike every other city in this project where ex-NCP sites all funnel into Q-Park, NCP's 'Corner Hall' car park did NOT go to Q-Park - it's confirmed via WebSearch to now be run by The Box Moor Trust (a local charitable trust), free of charge with a 3-hour limit and no-return-within-4-hours enforcement by National Parking Control - excluded from this dataset as non-commercial free parking (consistent with prior cities' precedent of excluding free retail/trust parking as a non-operator), but flagged here as a genuine break from the acquisition pattern. SURPRISING FINDING #2: NCP's third Hemel Hempstead site, the tiny 15-space Waterhouse Street pay-and-display surface lot (19 Waterhouse Street, HP1 1ES, confirmed via a 2024 Wayback snapshot with full NCP JSON: tariffs 0.95/1.45/1.95/4.95 for 1/2/3/24hrs), has simply vanished - not on Q-Park, not on the Dacorum Council portal, not found anywhere live - appears to be a genuine closure with no successor operator, unlike the Times24/Britannia absorption patterns seen in other cities. Dacorum Borough Council 14/14 (scoped to Hemel Hempstead town itself, including the Boxmoor and Apsley neighbourhoods which are contiguous built-up parts of the town - EXCLUDED the council's other Dacorum-borough car parks in the separate towns of Berkhamsted [6], Tring [5], Kings Langley [2] and Markyate [1], consistent with prior-city precedent of excluding outlying villages/towns) - full dataset scraped directly from webapps.dacorum.gov.uk/carparks/, an old ASP.NET/Subgurim Google-Maps portal that doesn't render via headless browser tools (stuck loading cross-origin dacorum.gov.uk assets) but serves complete embedded marker+InfoWindow JS with exact lat/lon and a full charges+bays table per car park when fetched directly via curl - real embedded coordinates for all 14, no geocoding needed. Noted in passing: Dacorum's own car parks are day-to-day managed under contract by Saba Park Services UK Ltd (confirmed via sabaparking.co.uk/en/dacorum-borough-council-parking) but kept as operator='Dacorum Borough Council' since that's the branded/public-facing entity, consistent with how other cities in this project treat council-branded facilities regardless of subcontracted management. hourly_rate = the 'up to 1 hour' tariff tier where present (10/14), daily_cap = the 'Long stay (10 hours)' tier where present (10/14); Gadebridge Lane (181 spaces, no postcode published) is genuinely free 24/7 so 0.00/0.00 rather than blank; Cowper Road (Boxmoor) has a free first-hour tier (0.00) but only a 4-hour max stay so no long-stay cap; Moor End and Water Gardens (South) each lack a clean 1-hour tier (long-stay-only and 2hr-max-stay respectively) so hourly_rate left blank per methodology; Dacorum Way has all bay-count fields at 0 in the live system (likely a newer/not-yet-populated listing) so capacity left blank rather than guessed; only Wood Lane End (2) and Durrants Hill/Apsley (2) have any EV bays. The Marlowes Shopping Centre 1/1 (found via web search, not listed by Q-Park or the council - a privately-run 1,200-space multi-storey via Wolsey Road, HP2 4TU/HP1 1DX, directly operated by the shopping centre itself per themarlowes.co.uk/visiting/getting-here; banded tariff with no clean 1-hour tier [starts 'up to 2 hours' £2.50] so hourly_rate blank, daily_cap=15.00 from the '14-24 hours' tier which is the genuine max-per-calendar-day rate below the separate 'over 24 hours: £25/24h' multi-day rate; no EV charging mentioned). Riverside Shopping Centre 1/1 (also found via web search per methodology's explicit prompt to check Marlowes/Riverside - a second, separate privately-run 328-space ANPR shopping-centre car park, HP2 4FW, ~750m south of Marlowes near the Corner Hall/Two Waters area - riversidehemel.com is Cloudflare-bot-protected [persistent 'Just a moment...' challenge, un-passable via both curl and the browser tool] and Wayback Machine was intermittently down during this session, so capacity/address were corroborated across 3 independent secondary sources [hemeltoday.co.uk news article, carparkmaps.co.uk, WebSearch's own summary] rather than the operator's own live site - tariff figures found [a vaguely-worded 'minimum charge £2.00' and 'day tickets from £3.50'] were judged too ambiguous/unconfirmed to trust as real hourly_rate or daily_cap per methodology's 'verify against the operator's own live site' and 'leave blank rather than estimate' instructions, so both left blank; no EV charging mentioned in any source). Checked and confirmed ABSENT: APCOA (zero 'hemel' matches in apcoa.co.uk's full sitemap-type/pages/sitemap.xml across all pages, and the direct city-page URL 404s) and Saba/Indigo as a directly-branded operator (zero 'hemel'/'hertfordshire' matches on sabaparking.co.uk's own uk-car-parks listing page or sitemap.xml - Saba's only Hemel Hempstead role is the Dacorum Council management contract, already counted under the council). Capped at 4 operators (Q-Park/Dacorum BC/Marlowes/Riverside) per methodology - APCOA and Saba both confirmed absent as direct operators, NCP fully absorbed/dispersed (1 site to Q-Park, 1 to Box Moor Trust [excluded, free], 1 apparently closed). Pricing coverage: hourly_rate populated for 12/17, daily_cap for 11/17. All GBP (£), none estimated - blanks are deliberate per genuinely non-hourly tariff structures, unpublished capacity, or Cloudflare-blocked verification. All coordinates either real embedded schema.org GeoCoordinates (Q-Park) or real embedded Google Maps marker coordinates from the council's own live portal (14/14 Dacorum facilities) - only Marlowes and Riverside needed geocoding, both resolved via postcodes.io UK postcode centroids (HP2 4TU / HP2 4FW) rather than Nominatim, which returned an empty result for Riverside's shopping-centre name query."
Kingston upon Thames,done,"15 garages across 3 operators. Q-Park 1/1 full coverage (Eden Walk, Union Street KT1 1BL, 700sp inside the Eden Walk shopping centre near the Bentall Centre/John Lewis - Q-Park's own Kingston city page lists exactly this one facility, no others hidden elsewhere on the site) - JSON-LD geo/capacity/address, live tariffs via GetTariffsForFacility API (clean linear ladder: 2.20/hr, 22.00 24h-cap); no EV amenityFeature present in its own schema.org markup (checked explicitly, unlike some other Q-Park UK facilities that do list Electric Charging Spots), so has_ev=False rather than assumed. Q-Park acquisition check: searched NCP's own site directly for an 'Eden Walk' slug and via free-text search - no stale NCP listing exists for this address (NCP's search just geocoded the query and returned its own genuinely-separate nearby facilities), confirming no NCP-to-Q-Park handover overlap in Kingston, unlike the pattern found in several other UK cities. NCP 2/2 genuine facilities (Kingston Fairfield 316sp/2.50h+15.00cap on Fairfield/Lady Booth Road KT1 2PR, and Kingston Lady Booth Road - a small 10-space pay-and-display surface lot at 5 Lady Booth Road KT1 1EL with a minimum-4-hour tariff structure [4h=6.45, 4-5h=7.95, 5-8h=9.95, 8-24h=11.95, no 1-hour tier at all] so hourly_rate left blank per methodology and the 8-24h figure kept as daily_cap) - both confirmed still live/NCP-branded directly on ncp.co.uk (not Cloudflare-blocked this session), geo/capacity/EV sourced from each page's own embedded JS 'addMarker' facility-data JSON (richer than the JSON-LD, which was only present on the Fairfield page); NCP's separate 'London Richmond Station' search result excluded as a genuinely different town. Kingston Council 12/12 full coverage direct municipal car parks (Ashdown/Bittoms/Blagdon Road/Canbury Place/Cattle Market-surface/Guildhall-Saturdays only/Hook Community Centre/Malden Centre/Neville House/Rose/St Philips Road/Thameside), sourced from kingston.gov.uk's own official 'Car Parks' directory (every facility's own page fetched directly, real address/capacity/disabled-bays/EV-point-count/tariff scraped from each) - note the council's own pages state parking enforcement/customer service is handled by 'APCOA, our parking service team' (a management contractor), but these are Council-owned/Council-tariff-set facilities, not APCOA's own branded portfolio (APCOA's own site has zero listing for any of them), so kept under operator='Kingston Council' not APCOA. Bittoms (875sp = 803 multi-storey + 72 surface, 1 EV point, 2.70/hr day rate capping to a real 16.00 flat if over 6 hours) and Rose (417sp multi-storey, 2 EV points, same 2.70h/16.00cap structure) and Canbury Place (106sp, same 2.70h/16.00cap) are the 3 with an explicit stated daily cap; the other 9 charge a flat hourly/day-rate with a separate flat evening rate but no stated 24h maximum, so daily_cap left blank for those rather than estimated (Blagdon Road and Hook Community Centre also have restricted opening hours/max-stay limits rather than a true cap). 3 of the 12 have real EV charge points (Bittoms 1, Blagdon Road 3, Hook Community Centre 2 - all facility-specific published figures, not generic nav mentions). Note borough-wide scope: Blagdon Road/Malden Centre are in New Malden, Hook Community Centre is in Chessington, and St Philips Road is in Surbiton - all administratively within the Royal Borough of Kingston upon Thames and listed together on the council's own unified car-parks page, so included for full coverage of the 'Kingston Council' operator; by contrast APCOA's only nearby listing ('Berrylands', a separate 5-space on-street lot in the Surbiton/KT5 area with its own distinct entry in APCOA's own city list, not part of Kingston upon Thames on APCOA's own site) was excluded as genuinely out of scope. APCOA checked directly via their own full A-Z locations list (apcoa.co.uk) - no 'Kingston' or 'Kingston upon Thames' entry exists at all (only the excluded Berrylands, plus unrelated Kingsbury/Kingswood which are different towns), confirming zero genuine APCOA presence in Kingston. Saba (formerly Indigo Park UK, now sabaparking.co.uk) checked directly via their own full 168-city UK listing - no Kingston entry found, zero presence, excluded. Capped at 3 distinct operators (Q-Park/NCP/Kingston Council) per methodology - APCOA and Saba both confirmed absent after direct verification, not merely unsearched. Geocoding: Q-Park used embedded JSON-LD GeoCoordinates; NCP used each facility's own embedded JS marker-data lat/lon; all 12 Kingston Council rows needed geocoding since the council's pages have no embedded coordinates - used a single synchronous Python urllib+Nominatim loop (countrycodes=gb, 1.5s delay between requests) after an initial attempt via backgrounded bash+curl loops failed twice with no output (likely killed by session/timeout handling rather than a Nominatim issue, since a direct single curl call succeeded immediately) - St Philips Road's full-address query returned no match so was retried successfully via its KT6 4QL postcode alone (cross-checked consistent between Nominatim and postcodes.io). Pricing coverage: hourly_rate populated for 14/15 (all except Kingston Lady Booth Road's non-hourly minimum-4h structure), daily_cap for 5/15 (Q-Park + NCP Lady Booth Road + the 3 Kingston Council sites with an explicit >6h flat cap). All GBP (£), none estimated. Surprising finding: Kingston town itself is a genuinely small competitive-garage market compared to other UK cities in this dataset (just 1 Q-Park + 2 NCP facilities in the town centre) - the Kingston Council portfolio dominates by volume (12 of 15 facilities, ~1,900 of the town's ~2,700 total mapped spaces), and APCOA/Saba/Indigo have no presence at all, unlike most other English cities surveyed so far."
Norwich,done,"22 garages across 4 operators. Q-Park 1/1 full coverage (Chantry Place, Q-Park's Norwich city page lists exactly one facility) - JSON-LD geo/capacity/address, live tariffs via GetTariffsForFacility API: clean linear ladder 1.65/hr up to 4h (6.60), then 6h=9.90/8h=17.50/over 8h=24.00 used as daily_cap; 8 EV charging spots, 49 disabled bays. Checked the Q-Park-acquisition/NCP-stale-listing pattern seen in other UK cities: no match found in Norwich - NCP has no 'Chantry'-named listing at all, and the Council's separate small 90-space 'Chantry car park' (Theatre Street NR2 1RG, pay-and-display) is a genuinely distinct facility near the same shopping centre, not a stale NCP page for the Q-Park building (confirmed via differing capacity/postcode). NCP 6/8 of its own Norwich page-set (Anglia Square MSCP 730sp, Anglia Square Surface 95sp, Baltic Wharf 111sp, Duke Street 30sp, St Stephens Street 257sp, Station Forecourt/Greater Anglia 95sp) - live ncp.co.uk 403's (Cloudflare), so used Wayback Machine archives (Jan-Mar 2025 for St Stephens/Station Forecourt with full JSON-LD+embedded 'carparks' JS data blob giving precise lat/lon/postcode/EV field; Feb-2024 snapshots for the other 4 lacked that blob, so capacity/address/EV came from rendered page text instead - EV field was empty/absent for every facility where the reliable structured blob was present, so has_ev left blank across all 6 rather than trust an ambiguous 'Additional info: Car-Electrical Charging Points' boilerplate line that also appeared on the excluded 0-space Airport ADF placeholder page, suggesting template contamination not real per-site data). Excluded 'Norwich Intl. Airport ADF' (0 total spaces, no tariff - a drop-off/placeholder page, not a real facility) and 'Norwich Somerleyton House' (2 spaces - driveway-scale, not a competitive garage, consistent with prior-city precedent). Station Forecourt has peak/off-peak/weekend/bank-holiday day rates (not a fixed cap) so both hourly_rate and daily_cap left blank per methodology; other 4 NCP facilities have no published static tariff at all (consistent with every prior UK city). 3 facilities (Anglia Square MSCP/Surface, Baltic Wharf) needed geocoding since their Wayback snapshot lacked coordinates - Anglia Square pair via Nominatim (bus-stop landmark near the shopping precinct, cross-checked postcode NR3 1DZ via independent web search since NCP's own truncated postcode field was templating-broken); Baltic Wharf resolved directly via Nominatim street-name match (NR1 1QA) - NCP's page had shown the same broken 'NR3 DZ' placeholder for Baltic Wharf as Anglia Square, confirming it was a template bug, not real data, so that placeholder postcode was discarded in favour of the independent geocode. APCOA 1/1 full coverage (Norwich Lower Clarence Road, near the station/Carrow Road) - JSON-LD geo/capacity (280sp), flat multi-day tariff (Up to 24h=9.00, up to 2 days=18.00 etc, linear per-day) - not an hourly structure, so hourly_rate left blank and the 24h rate (9.00) used as daily_cap. Norwich City Council 14/14 full coverage (Barn Road, Chantry, Chapel Field East, Colegate, Eaton Park, Monastery Court, Pottergate, Queens Road, Rose Lane MSCP, Rouen Road, St Andrews MSCP, St Crispins, St Giles MSCP, Westwick Street) confirming the roadmap's expectation of a substantial council-run multi-storey/surface network in this historic cathedral city - excluded 10 additional 'on-street parking' directory listings (Blue Badge-only bays on streets like Gentleman's Walk, King Street, London Street etc.) as non-competitive disabled-only on-street bays, not garages. Each facility's own live norwich.gov.uk page gave a near-uniform citywide tariff ladder (hourly_rate = 'up to 1 hour' price, daily_cap = 'over 5 hours' price) but NONE of the 14 pages state total capacity or coordinates in their HTML (Google-Maps-embed placeholder only) - capacity and precise coordinates for 13/14 instead sourced from the council's own official 'Council car parks (April 2017)' PDF (norwich.gov.uk/downloads/file/4069), independently corroborating addresses/postcodes and giving exact lat/lon; St Andrews MSCP is the city's largest facility at 1,084 spaces (the 2017 PDF's postcode NR3 3AT superseded by the live page's current NR3 3AJ, same site); Rose Lane MSCP absent from the live directory under its 2017 name 'New Rose Lane' but present as 595sp. Eaton Park (South Park Avenue, a park-and-leisure site not in the 2017 PDF) has no stated capacity anywhere - left blank; its tariff starts at 'up to 4 hours' rather than 1 hour, so hourly_rate left blank and the 'over 6 hours' flat rate (8.00) used as daily_cap. No EV charging mentioned on any of the 14 council pages - has_ev left blank throughout. Checked Saba/Indigo (sabaparking.co.uk) - zero Norwich presence in its sitemap, confirming the established pattern that Saba/Indigo is essentially London+rail-only in the UK; not added as a 5th operator. Noted but deliberately excluded a 5th, minor private operator: web search surfaced 'RCP Parking Ltd' running a small 47-space 'Anglia Square' car park (Botolph area, NR3 1DN) distinct from NCP's same-named facilities - not pursued, staying within the 4-operator cap (Q-Park/NCP/APCOA/Norwich City Council). Pricing coverage: hourly_rate populated for 16/22, daily_cap for 18/22 - gaps are the 2 NCP facilities with genuinely no published tariff, the rail-station-style Station Forecourt and Eaton Park's non-1-hour ladder, and APCOA's per-day-only structure."
Reading,done,"21 garages across 5 operators. Q-Park 1/1 (full coverage - Q-Park has only one Reading facility, Chatham Place, RG1 7JF, 586 spaces, 8 EV bays; JSON-LD geo + live GetTariffsForFacility API gave hourly £2.50 peak/£2.10 off-peak, 24hr cap £24.50). NCP 4 (Station Hill 90, South Street 24, Vastern Road 110, Kenavon Drive 50) - acquisition pattern CONFIRMED: NCP's old 918-space Garrard Street multi-storey (the historic big NCP site) was demolished May-2021 for the Station Hill redevelopment and replaced by the much smaller 90-space 'Station Hill' car park on the same plot - not a Q-Park acquisition case here, but Chatham Place (Q-Park's only Reading site, same RG1 7JF postcode/area) is exactly the kind of facility third-party aggregators mislabel as NCP even though it has always been Q-Park-run. NCP live site is Cloudflare-blocked (403) as in other cities; used Wayback snapshots (Feb-2025/Oct-2024/Mar-2025) for Station Hill/South Street/Vastern Road - no tariff data survived in any snapshot (dynamic pricing not captured by archive), left hourly_rate/daily_cap blank per methodology. Kenavon Drive has no Wayback snapshot and the live NCP page is also blocked, so its capacity(50)/postcode(RG1 3DH) come from third-party aggregator corroboration only (parkopedia link + AI search summary) - lower confidence than the other three NCP rows, flagging for spot-check. NCP confirmed in administration since Mar-2026 (PwC/Joint Administrators trading the business, sites being assessed for closure in waves through Jul/Aug-2026) but all 4 Reading sites still appear on NCP's live site per search index, not on the closure list found. APCOA 2/2 full coverage (Reading Station on Vastern Road RG1 8BT - large 1,591-space station car park with 160 EV Compleo chargers, hourly £4.00/24hr cap £26.00; Royal Berkshire Hospital London Road RG1 5AN, 480 spaces, cap £19.00 - did not add APCOA's smaller hospital sub-car-parks (North Block/Endoscopy/Melrose House) to stay manageable). Reading Borough Council 12/12 full coverage (Broad Street Mall 750, Queens Road 700, Civic B 170, Cattle Market 120, Hills Meadow 298, Kings Meadow 95, Thameside Promenade 62, Kensington Road 62, Chester Street 60, Recreation Road 80, Dunstall Close 47, Green Park Station 57 - all scraped directly from reading.gov.uk's own car-park pages, real tariffs and postcodes; several council car parks charge nothing 9/10 tariff structures are non-hourly stepped blocks rather than clean per-hour rates, several left hourly_rate blank accordingly, e.g. Cattle Market/Hills Meadow/Kings Meadow). The Oracle (Hammerson-owned shopping-centre car parks, 5th operator, capped per methodology) 2/2: Riverside (20 Mill Lane RG1 2AG, 1,611 spaces - the single largest facility found in Reading, ANPR-only, hourly £2.00/cap £15.00) and Holy Brook (Bridge Street RG1 2LR, 595 spaces, 7 EV chargers - tariff not independently confirmed, left blank). Noted but not added as a 6th operator: Green Parking's independent Saxon Court car park (8-10 Church Street RG1 2SQ) also marketed as Oracle-adjacent parking. Surprising finding: the two largest garages in Reading are not run by the traditional multi-city chains at all - APCOA's Reading Station (1,591) and The Oracle's Riverside (1,611) dwarf every Q-Park/NCP facility in the city, reflecting Reading's identity as a major rail interchange and regional shopping destination rather than a typical high-street/multi-storey market. Geocoding: single postcodes.io bulk lookup (20 postcodes in one POST) for all facilities lacking embedded coordinates; 2 of 20 postcodes not found in the postcodes.io database (RG1 8DJ mis-transcribed as RG1 1DJ from a truncated archived NCP page, and RG1 2LQ) - both resolved via single synchronous Nominatim fallback queries."
Romford,done,"13 garages across 4 operators. Q-Park 1/1 full coverage (Q-Park's own Romford city page lists only one facility, Romford Town/Ducking Stool Court RM1 3AB - a second page URL 'market-place' found via search turned out to be a 302 redirect back to romford-town/, confirming Q-Park genuinely has just the one Romford site, not two as the URL list first suggested). JSON-LD embedded GeoCoordinates/capacity (252 spaces, 10 EV bays), live tariffs via GetTariffsForFacility API: clean 1hr-24hr ladder, hourly=2.30, 24h cap=16.50. Q-Park acquisition check: this facility was previously 'Britannia Parking' (per WebSearch corroboration, not NCP) before Q-Park took it over - so it's a genuine pre-existing Q-Park site via the Britannia brand, NOT one of the ~20 ex-NCP administration sites that moved to Q-Park in other cities. NCP confirmed to have ZERO presence in Romford town itself: ncp.co.uk live search/city pages are Cloudflare-blocked (403) as in other cities, so checked via Wayback CDX and direct URL-guessing (romford-town/romford-market/romford-liberty/romford-brewery/romford-mercury-mall slugs) - none archived, meaning no stale NCP page exists for this Q-Park facility (unlike the recurring pattern seen in other UK cities) - NCP's only Havering-borough presence found was Upminster Station (a separate town, excluded as out-of-scope per prior-city precedent of excluding outlying towns within the same council area). APCOA CONFIRMED ABSENT despite misleading signals: third-party business directories (birminghampost.co.uk, allinlondon.co.uk, mylocalservices.co.uk) list a 'Car Park Romford Liberty 2 Upper' at Junction Road RM1 3EE as APCOA-operated, but both plausible live APCOA URLs (apcoa.co.uk/parking-in/romford/... and .../find-parking/locations/romford) 404, and 'romford' has zero matches across APCOA's complete live sitemap (2,696 URLs, sitemap-type/pages/sitemap.xml all 3 pages) - concluded these directory listings are stale/outdated (same staleness pattern documented for NCP in other cities, here affecting APCOA instead) and APCOA no longer operates in Romford. Saba/Indigo checked and excluded: Saba does operate two TfL rail-station car parks under a 'Romford' postal grouping on sabaparking.co.uk (Harold Wood Station RM3 0BS, Gidea Park Station RM2 6AS) but both are in separate Havering localities ~2-5km from Romford town centre, not Romford itself - excluded per prior-city precedent of scoping tightly to the named town and excluding satellite station car parks in outlying parts of the same borough. London Borough of Havering (council) 10/10 full coverage of every Romford-town car park on the council's own car-parks-1 index (Angel Way/Como Street/Cottons Park/Lodge Farm Park North & South/Market Place/Marshalls Park/Oldchurch Rise/Slaney Road/Town Hall) - real tariff ladder for all 10 pulled directly from the council's own PDF (havering.gov.uk 'on-street and car park charges' document, location-coded 41300s series): standard multi-storey/surface car parks (Angel Way/Como Street/Market Place/Oldchurch Rise/Slaney Road/Town Hall) share an identical linear ladder, hourly=2.60 (0-1hr), daily_cap=15.00 (8-12hr, 12hr max stay) except Market Place which the PDF only shows a 2-tier 0-1/1-2 structure (no long-stay tier found, so daily_cap left blank) and Marshalls Park which has NO charges-table entry at all (likely a weekend/event-only overflow field, capacity itself is 0 Mon-Fri/123 weekend per its council page - used the 123 weekend figure, both tariff fields left blank); Cottons Park and both Lodge Farm Park car parks (North/South) are genuinely free (0.00) with a time-limit-only regime (3hr weekday/5hr Saturday, no return within 2hrs) rather than a price cap, and have no published capacity figures on the council site so capacity left blank; no EV charging mentioned on any of the 10 council pages. Checked and included per methodology's explicit prompt: The Liberty Shopping Centre 1/1 (self-operated, not Q-Park despite Q-Park listing it as a 'POI' landmark on their Romford city page - real 800-space multi-storey at 11 Western Road RM1 3LD directly from theliberty.co.uk/parking/, weekday banded tariff has no clean 1-hour tier so hourly_rate left blank, daily_cap=7.50 taken from the explicit 'All Day Parking' offer price which undercuts the standalone 8-24hr tier of £15.00 - noted as the practical cap since it's the rate customers would actually choose; 12 dedicated 24/7 Tesla-supercharger bays = has_ev True). The Mercury Mall 1/1 (also self-branded per methodology's prompt and consistent with prior-city precedent of naming shopping-centre car parks by their retail brand rather than the facilities-management company - day-to-day run by Horizon Parking per themercurymall.co.uk/parking/, but kept as operator='The Mercury Mall' consistent with how Dacorum's Saba-managed council lots were kept as operator='Dacorum Borough Council' in a prior city - real 1,000-space 2-level car park at Mercury Gardens RM1 3EE, banded tariff has no 1-hour tier so hourly_rate blank, daily_cap=10.00 from the 'over 8 hours' tier; EV charger present but explicitly listed as 'out of service' on their own site so has_ev=False rather than True). Capped at 4 operators (Q-Park/Havering BC/Liberty/Mercury Mall) per methodology - APCOA and Saba both confirmed absent as direct Romford-town operators, NCP has zero Romford-town presence. Pricing coverage: hourly_rate populated for 8/13 (all non-hourly or missing-tier cases left deliberately blank, none estimated), daily_cap populated for 7/13. All GBP (£). Coordinates: Q-Park's is real embedded schema.org GeoCoordinates; all 12 remaining facilities geocoded via a single synchronous postcodes.io loop keyed on each facility's own published postcode (no Nominatim needed) - 2 of the 12 postcodes (Market Place RM1 1XL, Oldchurch Rise RM7 0AW) are technically terminated/retired postcodes per postcodes.io's ONS data but the API still returns their last-known real coordinates, which were used directly (Havering's own car-park pages still publish these exact postcodes as current addresses, so the coordinates are correct for the actual site even though the postcode itself is administratively retired)."
Taunton,done,"19 garages across 3 operators. Q-Park 1/1 full coverage (Q-Park's own Taunton city page lists exactly one facility) - Musgrove Park Hospital, JSON-LD geo/capacity (1225 spaces incl. 66 disabled), live tariffs via GetTariffsForFacility API (hourly £1.80, 24h cap £25.00); note the tab used for this research repeatedly auto-navigated to other Q-Park cities [Truro, Weymouth] via what looks like a client-side carousel/redirect script on q-park.co.uk - worked around by re-navigating directly to the facility URL and immediately extracting data via JS fetch/DOM rather than relying on the tab staying put. Checked Q-Park-acquisition pattern (stale NCP pages for facilities now actually Q-Park): NCP has zero presence in Taunton at all (confirmed via NCP's own live search - no results - and web search; NCP in administration since Mar-2026), so no stale-duplicate risk here. Somerset Council 17/17 full coverage (unitary authority runs an official Somerset-wide car-park directory at somerset.gov.uk with per-facility pages) - real granular data per facility: standard/disabled/EV/motorcycle bay breakdown, exact charges ladder (Mon-Sat 8am-6pm), payment methods (coins/card/National Parking Platform/MiPermit season tickets); capacity = standard+disabled+EV bays summed (motorcycle bays excluded as non-car; verified against Orchard MSCP's independently-listed APCOA aggregator total of 590 which matches exactly). hourly_rate populated for all 17 from the clean '1 hour' tariff line; daily_cap populated for the 10 'long-stay' car parks whose ladder runs to a plateaued 'up to 10 hours' rate (covering the full 8am-6pm charging window) - left blank for the 7 genuine short-stay-only car parks whose ladder caps at 3-6 hours (Whirligig Lane/Crescent/Elms Parade/Duke Street/Coal Orchard/Ash Meadows/Fons George) rather than estimate a cap that doesn't exist. IMPORTANT finding: APCOA's own Taunton page (apcoa.co.uk/find-parking/locations/taunton) lists an almost-identical 17-facility set with matching names/streets (Whirligig Lane/Orchard MSCP/High Street MSCP/Crescent/Castle Street/Coal Orchard/Canon Street/Enfield/Duke Street/Tangier/Wood Street/Ash Meadows/Elms Parade/Fons George/Belvedere Road/Victoria Gate/Kilkenny) plus 'Park here' pre-booking buttons - this is APCOA acting as a third-party booking aggregator over Somerset Council-owned/operated car parks (council's own site has its own independent payment channels - coins, National Parking Platform, MiPermit - with no mention of APCOA), not APCOA as the operating brand (unlike the Birmingham/Sheffield precedent where council handed operations to APCOA) - so NOT double-counted as a separate APCOA operator; used Council's own richer per-bay data as the authoritative source instead. One exception found genuinely APCOA-operated: 'Taunton Station - Main' (404 spaces, Station Approach TA1 1QP) is the GWR railway station car park, not in Somerset Council's directory at all, run via APCOA Connect/ScanPay - kept as the sole APCOA row; its only published price is a dynamic 'From £6.00' pre-book teaser with no clear fixed hourly/daily structure, so both left blank per the airport-parking precedent (Gatwick/Heathrow) rather than estimated. Checked Saba/Indigo (sabaparking.co.uk) - no Taunton presence found, excluded. Excluded Taunton Gateway Park & Ride (850 spaces) and Silk Mills Park & Ride (760 spaces) as out-of-scope per prior-city precedent (bus-transfer commuter facilities, not competitive short-stay/day-visitor garages) despite being large capacity - noted here in case future methodology wants them included. Capped at 3 operators (Q-Park/APCOA/Somerset Council) - NCP and Saba/Indigo both confirmed absent. EV: explicit per-facility EV bay counts from Council data - True for Wood Street (4), The Crescent (19, notably high), Coal Orchard (2), Castle Street (4); left blank (not False) for facilities with 0 EV bays or where the EV-bays field was simply absent from the page (Belvedere Road). Geocoding: Q-Park and APCOA used embedded exact schema.org coordinates; all 17 Council facilities needed geocoding since the directory has no embedded lat/lon - postcodes.io resolved 14/17 cleanly by postcode; Nominatim (single synchronous curl loop, own scratchpad file, 1-1.5s delays) resolved the remaining 3 (Enfield/Coal Orchard/Castle Street) plus was tried first for all 17 by full address but returned mostly empty results, so switched to postcode-only queries which worked reliably. Pricing coverage: hourly_rate populated for 17/19, daily_cap for 11/19. All GBP (£), none estimated - blanks are deliberate per genuine short-stay-only tariff structures or dynamic/pre-book pricing."
Truro,done,"8 garages across 4 operators. Q-Park 1/1 (full coverage - only one Q-Park facility in Truro, 'Highcross' at St Clement Street TR1 1DQ, 445 spaces, JSON-LD geo + live GetTariffsForFacility API: clean 1hr-24hr ladder [3.00/5.00/7.00/8.00/10.00/12.00] with 12.00 24h-cap, no EV amenityFeature listed). MAJOR finding confirming the Q-Park acquisition pattern flagged in this project's Newcastle-Upon-Tyne research: a Cardiff newsroom press release about Q-Park's 8-Aug-2026 takeover of 20 ex-NCP facilities nationwide (NCP entered administration Mar-2026) explicitly names Truro as one of 15 sites moving to the Q-Park brand - confirmed directly here: NCP's own site (live ncp.co.uk is Cloudflare-bot-protected/403, so used Wayback Machine) still has a stale 'Truro Highcross' page as recently as a Jan-2026 crawl, with IDENTICAL postcode (TR1 1DQ), near-identical coordinates (50.2655/-5.0519 vs Q-Park's 50.265501/-5.05189), identical capacity (445 spaces both sources), AND identical current tariff ladder (3.00/5.00/7.00/8.00/10.00/12.00) to Q-Park's live API - this is the same physical facility, now Q-Park-branded; not double-counted as a separate NCP row. NCP 1/1 remaining genuine facility kept: Fairmantle Street ('Fairmantle Street SP', 69 spaces, EV charging points listed as a feature, no tariff published in Wayback snapshots from 2024 so hourly_rate/daily_cap left blank; postcode is corrupted on NCP's own site across multiple snapshots - literally renders as 'TR1  EE' with the digit missing, a genuine data-quality bug on their end, not a scraping artifact - geocoded to street-level via Nominatim instead). Excluded NCP's 3rd historical Truro listing, Kenwyn Street (6 total spaces / 3 usable per NCP's own page, at Riverside Apartments/Kenwyn Mews - a tiny apartment-building ancillary lot, not a competitive city-centre garage, consistent with prior-city precedent of excluding small residential-scale lots). APCOA 1/1 full coverage (confirmed via APCOA's own sitemap.xml, single Truro entry): Truro Station on Station Road TR1 3HH, 180 spaces, JSON-LD geo; tariff is a seasonal/day-of-week Daily Rate structure [Winter Mon-Fri 5.20/Off-Peak-from-noon 3.50/Sat-Sun 4.00; Summer Mon-Fri 6.50/Off-Peak 4.50/Sat-Sun 4.50] not a per-hour ladder and not a single fixed cap, so both hourly_rate and daily_cap left blank per methodology. Cornwall Council 5/5 full coverage of every public car park on the council's own 'Council car parks in the Truro area' listing page: Old Bridge Street (119 spaces, short-stay 3hr-max, hourly 2.70, no daily_cap since no all-day tariff exists), Edward Street (134 spaces, 2.70/hr, 11.70 24h-cap), Garras Wharf (315 spaces, 2.70/hr, 11.70 24h-cap), Moorfield/Calenick Street (236 of a normal ~400+ multistorey capacity - the multistorey upper decks are currently closed following a structural inspection concern per the council's own page, only ground floor + outside sections open, 2.70/hr, 11.70 24h-cap), Moresk/Oakway (115 spaces, 2.70/hr, 11.70 24h-cap; postcode TR1 1DW is a terminated postcode per postcodes.io as of Oct-2025 but its historical coordinates were used, still functionally correct). All 5 have identical long-stay tariff structure (2.70/1hr, 5.30/2hr, 7.70/4hr, 11.70/24hr) except Old Bridge Street's separate short-stay ladder; none list EV charging in their facilities tables. Excluded from the council portfolio: Fairmantle Street coach park TR1 2LW (coaches only, not car parking - distinct from and confusingly co-located with NCP's unrelated car-only 'Fairmantle Street SP' surface lot on the same street), Bosvigo Road and Moorfield's basement level (both permit-holders-only, no public tariff), County Hall TR1 3AY (free, weekends-only staff car park - council's own site states free car parks have no published detail/capacity page, and its page slug 404'd), and 'Park for Truro' Park & Ride (separate product, out-of-town, not a competitive city-centre garage, consistent with prior-city P&R exclusions). Saba/Indigo confirmed absent (zero Truro or wider Cornwall/Devon results on sabaparking.co.uk's own uk-car-parks listing, consistent with prior cities' finding that Saba's portfolio skews South East England/Midlands/hospitals). Capped at 4 operators (Q-Park/NCP/APCOA/Cornwall Council) per methodology. Pricing coverage: hourly_rate populated for 6/8 (1 Q-Park + 5 Council; NCP and APCOA both blank for genuine non-hourly-ladder reasons), daily_cap for 5/8. All GBP (£), none estimated. Geocoding: Q-Park/APCOA had embedded JSON-LD GeoCoordinates; Cornwall Council facilities geocoded via single synchronous postcodes.io lookup loop (faster/more reliable than Nominatim for exact UK postcodes, used per methodology's fallback allowance) using each facility's own published postcode; NCP Fairmantle Street had no usable postcode (corrupted on-site) so geocoded via single Nominatim street-name lookup instead. Surprising findings: Truro is one of the smallest UK cities in this project by garage count (8, reflecting its small size as Cornwall's only city, pop. ~18k) yet still cleanly hit the 4-operator cap; and Cornwall Council - not Q-Park or NCP - is clearly the dominant operator by both facility count (5) and total capacity (919 of the city's ~1,468 total mapped spaces, ~63%)."
Weymouth,done,"19 garages across 3 operators. Q-Park 1/1 full coverage (Q-Park's own Weymouth city page lists exactly one facility, Commercial Road, a multi-storey with no lifts) - JSON-LD geo/capacity/postcode/4 EV charging spots, live tariff via GetTariffsForFacility API (facilityId found in raw HTML, not exposed as a page-visible attribute). APCOA 2/2 full coverage (apcoa.co.uk's own Weymouth locations page: Weymouth Station 49sp + Weymouth Overflow Station 175sp, both on King Street/DT4 7BN by the rail station) - JSON-LD geo/capacity, tariffs are peak/off-peak/seasonal daily-rate structures (not clean hourly) so hourly_rate left blank per methodology, standard Mon-Fri daily rate kept as daily_cap; no EV amenity found in either facility's JSON-LD. Dorset Council (direct unitary-authority municipal operator) 16/16 of the town's council car parks - by far the dominant operator, as expected for a seaside resort: Weymouth Park and Ride (1000sp, free) and Southill (87sp, free) are genuinely free; Swannery/North Quay/Royal Yard/Nothe are flat-rate year-round; Overcombe/Beach/Lodmoor/Pavilion Main have a summer(Apr-Oct)/winter(Nov-Mar) seasonal tariff split, current summer rate used since today is Sep; Park Street/Harbourside/Governor's Lane cap at 3-hour max stay so have no daily_cap (structurally doesn't exist, not just unpublished). 13 of 16 have live per-facility capacity+tariff pulled from Dorset Council's own car-park detail pages (Liferay '/find-a-carpark/find-a-car-park/-/ddl_display/ddl/<id>/...' URLs - live site is Cloudflare-gated to curl/WebFetch, so brute-forced ~120 archived detail-page IDs via Wayback Machine's Oct-2025 snapshot and grepped each for a DT3/DT4 Weymouth postcode); the remaining 3 (Cosens Quay 40sp, Melcombe Regis 311sp, Pavilion Forecourt 27sp) are genuine facilities confirmed via weareweymouth.co.uk and Dorset Council's own car-park search-listing page but their specific ddl detail-page IDs weren't found in the ~120 archived, so capacity is secondary-sourced and hourly_rate/daily_cap left blank rather than estimated. Q-Park acquisition-pattern check: NO NCP presence found in Weymouth at all (confirmed absent via WebSearch and an empty Wayback CDX index for any ncp.co.uk/.../weymouth* page), so the recurring 'NCP's own site still shows a stale listing for a facility now actually Q-Park' pattern seen in other UK cities does NOT apply here - nothing to find. A different, unrelated stale-listing issue turned up instead: weareweymouth.co.uk (a local visitor-info site, not an operator's own page) labels the Commercial Road multi-storey as 'Britannia Parking'-operated, but Q-Park's own live site/JSON-LD confirms Q-Park operates it today (471sp, DT4 8LY) - likely a change of operator the third-party site never updated; not counted as a second operator since it's not Britannia's own claim. Also checked and ruled out: Saba/Indigo (zero Weymouth presence found under either brand) and NCP (confirmed absent, see above); capped at 3 real operators. Geocoding: Q-Park/APCOA used embedded exact JSON-LD coordinates; all 16 Dorset Council rows geocoded via a single synchronous Nominatim postcode-lookup loop (curl+sleep 1.2s, countrycodes=gb) - 2 postcodes (Pavilion DT4 8DZ, North Quay DT4 8TA) are administratively terminated/merged so had no active Nominatim record, used postcodes.io's 'terminated' fallback coordinates instead. Pricing coverage: hourly_rate populated for 12/19, daily_cap for 11/19; all GBP (£), none estimated - blanks are deliberate (airport/entry-band-style structures don't apply here, but 3-hour-max-stay car parks with no day rate, and 3 secondary-sourced facilities, do)."
Windsor,done,"17 garages across 5 operators (capped at 5 per methodology, all found to be genuinely distinct real operators - no Saba/Indigo presence found in Windsor). Q-Park 1/1 (Windsor Royal, Charles Street - only Q-Park facility listed on their own Windsor city page; JSON-LD geo/capacity/EV(13 spots), live tariffs via GetTariffsForFacility API, daily cap £26 for 24h). NCP 1/1 (Windsor Alma Road, small 16-space surface car park The Arches; live embedded JSON tariff object with startDate 2025-06-09 confirms current/non-stale pricing - checked explicitly for the Q-Park-acquisition pattern flagged in other UK cities and found NO evidence of it here, this NCP listing looks genuinely current and NCP-operated). APCOA 1/1 (Windsor & Eton Riverside Station, on-street, 36 spaces - only APCOA Windsor listing; JSON-LD geo, daily cap £10.80). Royal Borough of Windsor and Maidenhead (RBWM) council car parks 12/12 (full coverage of every SL4/Windsor-Eton-postcode car park on RBWM's own directory: Alexandra Gardens, Alma Road, East Berks College, Eton Court, Meadow Lane, River Street, Trevelyan School Car Park, Victoria Street, Windsor Dials, Windsor Leisure Centre, Windsor Library, York House; per-car-park pages have embedded geo + tiered hourly tariffs + capacity via same-origin fetch/DOM scrape; excluded Coach Park - SL4 3HY as it is coach/bus-only not car parking; York House has 6x7kW Type-2 EV Pod Points, only RBWM site with EV; some car parks have restricted operating windows (Windsor Dials weekend-only, York House weekends/bank-holidays-only, Trevelyan School gaps around school hours) - tariffs given are for when each is open). Crown Estate (Windsor Great Park) 2/2 - SURPRISING FINDING: Home Park and King Edward VII/Romney Lock car parks transferred from RBWM to Crown Estate management on 1 Apr 2026 (a real ownership change mid-2026, £600k transfer payment per council records) - RBWM's own pages for these now just show a transfer announcement with no tariff data, so sourced current live tariffs from the new operator's own windsorgreatpark.co.uk site instead (Home Park Public + King Edward VII, both now GBP2.20/hr, GBP13 daily cap, current as of Sep-2026); capacity (181/192) carried over from pre-transition RBWM archives since the physical car parks are unchanged, flagged as slightly less certain than other fields; Romney Lock was also announced as transferring but is NOT listed on the Crown Estate's current parking page - excluded as its current operator/tariff status could not be confirmed. Excluded Windsor Great Park's other main car parks (Savill Garden, Virginia Water etc.) as those are miles from Windsor town serving the wider Great Park estate, not the town itself. Pricing coverage: hourly_rate populated for 16/17 (blank only for York House, which has no 1-hour tariff tier, just 4hr/over-4hr bands); daily_cap populated for 17/17."
