city,qpark_facilities,status,notes
Aabyhøj,1,done,"3 facilities (Q-Park 1/1 Sylbækvej 34 - cap 8, free 1st hour then 12kr/hr; APCOA 2 dedicated Åbyhøj-slug facilities Søren Frichs vej 38 A 792cap 18kr/hr/432 cap and Klamsagervej 19-31&35 287cap 15kr/hr/360 cap; no CP Parking System or Aarhus Kommune facility found in Aabyhøj specifically)"
Aalborg,32,done,"49 facilities (Q-Park 32/32 APCOA 16 SikkerParkering 1); Q-Park is exhaustive full coverage - the city landing page (https://www.q-park.dk/da/parkering/aalborg/) links to exactly 32 distinct non-POI, non-offer /parkering/aalborg/<slug>/ facility pages (excluding poi/ landmark links and tilbud-pa-parkering-i-aalborg/ deal sub-pages, which point back to already-counted facilities), matching Q-Park's own stated 32 count exactly; each facility's exact GeoCoordinates/address/capacity pulled from embedded schema.org JSON-LD (and a same-page JS array's totalSpots/chargingPoints fields, which cross-confirmed every capacity number and gave per-facility EV charger counts - 7/32 facilities have chargers, 0-29 points each), the one facility with null geo in JSON-LD (Kridtsløjfen 4,4a) geocoded via Nominatim; facilityId GUIDs for the live GetTariffsForFacility API were not directly embedded on 30/32 pages (unlike other cities) - a page can carry 1-30 candidate GUIDs depending on whether it has active deals/carousels, so resolved each facility's true facilityId by brute-force calling the tariffs API with every non-common candidate GUID per page (131 total test calls) and keeping the one that returned a valid tariff array; this worked cleanly for all 32 - 31/32 returned live tariffs (hourly + daily-cap where published), and the 32nd (Østre Havnepark 10) returned a confirmed-correct empty array cross-checked against the page's own 'Ingen tilgængelige prisoplysninger' (no pricing available) message, i.e. genuinely unpriced rather than a resolution failure; a few facilities have non-flat tariff structures simplified per the stepped-tariff/post-free-period convention used in prior cities (Kildestrømme 6-8 declining 16→10kr/hr over 5hrs then free: used first-hour rate 16; Spritten first-hour-free then 14kr/hr: used post-free rate 14; Havnemøllen has a cheaper 'øvrige etager' 22kr/hr general rate vs double-price/free-first-hour on floors -1/0 for a specific retailer's customers: used the general 22kr rate; Gasværksvej 7 has day/night split (14kr weekday daytime, 10kr other times): used the daytime rate; Palads has a 0-30/31-60min stepped intro before settling at a flat 27kr/hr ongoing rate: used the flat ongoing rate, consistent with Odense's convention). APCOA has full coverage - exactly 16 facilities returned by their Aalborg lokationer page's ui-carpark-result-item web component (same method as other cities), each with embedded lat/lon/FLOW-dynamic-price/capacity; addresses and confirmation of the FLOW pricing model cross-checked against each facility's own detail-page schema.org JSON-LD (all consistent); no reliable per-facility EV signal found for APCOA here - the only 'elbil/ladestander' text on both list and detail pages was identical sitewide nav/footer boilerplate (an EV-charging nav link), not a per-facility flag, so has_ev left blank for all 16 rather than guessed. One genuine overlap/near-duplicate worth flagging: APCOA's 'Østre Havnepark 10' and 'Østre Havnepark 10, Blå zone' sit at near-identical coordinates (probably two priced zones of the same physical lot) and APCOA's 'Østre Havnepark 10' (61 spaces) is ~50m from Q-Park's own same-named, same-address 220-space facility - kept all three as separate rows since they are distinct operator-priced products at the same site, consistent with how prior cities (e.g. København's Strynøgade APCOA/Jeudan overlap) handled adjacent-building/shared-address cases; flagged rather than merged. Checked and ruled out as operators: Aalborg Kommune (its own 'Find parkeringsplads' page confirms Aalborg's public pay parking is a citywide red/yellow/green ZONE system billed by street-automat/app at 8-18kr/hr with no discrete named garages of its own - a zone-administrator, not a comparable facility operator, same precedent as Odense Kommune/Dublin City Council in other _progress.csv entries); CPVS/Parkeringskontrol Nord (cpvs.aalborg.dk - confirmed to be Aalborg's parking-control/enforcement arm only, not a priced-facility operator, same role as EuroPark elsewhere); EuroPark Danmark (confirmed via search to have rebranded to APCOA Parking Danmark A/S in 2013 - no distinct current Aalborg presence); Dansk Parkering (danskparkering.eu is a legacy static directory/aggregator listing other operators' garages by name, e.g. a page for 'Plaza Aalborg', not an actual operating company); a Region Nordjylland/CASA/AkademikerPension PPP consortium building a 600-space garage at the new university hospital (Aalborg Øst/Hospitalsbyen) was found but excluded as a single hospital-specific PPP asset outside the general competitive commercial market, not a comparable multi-facility operator. One additional distinct operator found and added: SikkerParkering (Securitas) runs the Friis Shoppingcenter car park (Nytorv 27, 850 spaces, 17kr/hr flat, 23 EV chargers per the center's own page) as its only Aalborg facility (confirmed via sikkerparkering.dk's own site listing all its shopping-center contracts nationally - Friis is the only Aalborg one). Pricing coverage: 31/32 Q-Park hourly (24/32 daily cap), 16/16 APCOA hourly (FLOW dynamic, no daily cap structure), 1/1 SikkerParkering hourly. Currency throughout in DKK (kr.) as required."
Aarhus,48,done,"89 facilities (Q-Park 48 APCOA 37 Aarhus Kommune 3 CP Parking System/DOKK1 1); Q-Park count matches their own 48 exactly - confirmed by filtering the site's Aarhus-centered 57-result radius search down to only facilities whose canonical URL uses the /parkering/aarhus/ city slug (the other 9 nearby hits are Risskov 6, Aabyhøj 1, Brabrand 1, Viby J 1 - each tracked as separate _progress.csv rows, so excluded here to avoid cross-city double-counting); APCOA has full-coverage 37 (their own Aarhus C page's complete map/list, no pagination beyond it); Aarhus Kommune runs just 3 municipal p-huse (Navitas 450, Nørreport 80, Busgadehuset 150) at a flat 16kr/hr weekday/Saturday daytime rate, free evenings/Sundays; added DOKK1 (1000 spaces, Europe's largest automated parking system) as its own operator CP Parking System since it's run under contract not directly by the municipality - hourly_rate left blank since only a non-linear 2hr-block price (60 DKK/2hrs) could be found, not a true per-hour rate; pricing coverage 48/48 Q-Park hourly (15/48 daily cap), 35/37 APCOA hourly (25/37 daily cap, 2 genuinely unpriced), 3/3 Aarhus Kommune hourly; checked but did not find live Dansk Parkering (danskparkering.dk does not resolve/no facility list found) or EuroPark Danmark/De Forenede Parkeringsselskaber presence in Aarhus specifically, so capped at 4 operators total; all coordinates from source-embedded JSON (Q-Park results JSON, APCOA ui-stage-map results attribute, Google Maps place redirects for Aarhus Kommune, Nominatim for DOKK1) - no bulk Nominatim geocoding needed"
Albertslund,3,done,"6 facilities (Q-Park 3/3 APCOA 3/3); Q-Park exhaustive full coverage - the city landing page (https://www.q-park.dk/da/parkering/albertslund/) links to exactly 3 distinct /parkering/albertslund/<slug>/ facility pages (Bytorvet 2, Herstedvang 10-14, Roskildevej 22), matching Q-Park's own stated 3 count exactly; each facility's FacilityId GUID was embedded directly in the page HTML (no brute-force needed), geo/address/capacity pulled from embedded schema.org JSON-LD and cross-confirmed against the same-page JS array's totalSpots field (25/150/100, all matching exactly); live GetTariffsForFacility API returned clean flat hourly tariffs for all 3 - Bytorvet 2 15kr/hr with 150kr daily cap, Herstedvang 10-14 14kr/hr no cap, Roskildevej 22 50kr/hr no cap (verified twice, genuinely higher than the other two, not a misread); chargingPoints field was ""0"" for all 3 Q-Park facilities, so has_ev left blank (no chargers) rather than guessed. APCOA has full coverage - exactly 3 facilities on their Albertslund lokationer page (Roskildevej 65 parkeringshus 466 spaces, Roskildevej 65/COOP Byen Terraen outdoor 100 spaces, COOP HQ Personale outdoor 450 spaces), confirmed complete via live browser render (scrolled to footer, no ""Vis alle"" button and no pagination beyond the 3 cards, matching the raw curl HTML's 3 links exactly); geo/address/capacity from embedded schema.org JSON-LD; hourly/cap from the listing cards - Roskildevej 65 and its COOP Byen Terraen lot both 12kr/hr with 100kr cap, COOP HQ Personale 15kr/hr with 360kr cap; amenityFeature was empty [] in JSON-LD for all 3 and the only ""elbil/ladestander"" text on any page was identical sitewide nav/footer boilerplate (an EV-charging nav link), not a per-facility flag, so has_ev left blank for all 3 rather than guessed. Checked and ruled out as operators: Albertslund Kommune (its own ""Biler, lastbiler og parkering"" hub and ""Parkering for biler og lastbiler"" page cover only street-parking rules - sidewalk/skillerabat parking, heavy-vehicle restrictions, private faellesvej limits, EV charging-infrastructure policy - with no discrete priced municipal garages or paid zone system found; matches the zone/rules-only pattern seen in most other Danish cities); UnoPark (unopark.dk confirms it is a B2B parking-control/enforcement contractor selling services to property owners, not itself an operator of branded priced facilities); Safe Park (s-park.dk's dedicated Albertslund Kommune page 404'd, no active facility presence found); Dansk Parkering and EuroPark Danmark not present, consistent with all other Danish cities checked. Pricing coverage: 3/3 Q-Park hourly (1/3 daily cap), 3/3 APCOA hourly (3/3 daily cap). Currency throughout in DKK (kr.)."
Bagsværd,2,done,"3 facilities across 2 confirmed operators (Q-Park 2/2 full coverage, APCOA 1). Q-Park: exact full coverage - the city page (https://www.q-park.dk/da/parkering/bagsv%c3%a6rd/) links to exactly 2 non-POI facility slugs (Smørmosevej 16, Vadstrupvej 35-41), matching qpark_facilities=2 exactly; both pages have a clean literal ""FacilityId"" GUID (no brute-forcing needed), exact geo/address/capacity from embedded schema.org ParkingFacility JSON-LD, live tariffs via GetTariffsForFacility?facilityId=<GUID>&countryCode=DK - both returned genuine flat hourly rates with no daily cap (Smørmosevej 16 50kr/hr, Vadstrupvej 35-41 10kr/hr); note both pages' static ""Standardpriser"" section literally reads ""Ingen tilgængelige prisoplysninger"" (no pricing available) - initially looked like a conflict with the live API's real prices, but cross-checked against a known-good facility (Søborg's Gladsaxevej 386, which has a confirmed 10kr/hr live price in the existing soeborg.csv) and found its static HTML shows the exact same ""Ingen tilgængelige"" placeholder text - confirmed this is just a pre-JS-render placeholder always present in the static HTML regardless of whether a real price exists, not a signal of missing pricing, so the live API values were used with confidence. chargingPoints was ""0"" for both facilities so has_ev left blank (no chargers) rather than guessed. APCOA has full coverage - exactly 1 real facility (Laurentsvej 16, 57 spaces) confirmed via their /find-en-p-plads/lokationer/bagsvaerd page (only 1 <ui-carpark-result-item> element present, no hidden/paginated items); its own detail page confirms a genuine fixed tariff (""Alle dage kl. 07.00-21.30: 15 kr. pr. påbegyndt time"") despite running through the FLOW app - not dynamic/ranged pricing, so hourly_rate=15 kept with confidence; a generic ""fra 15,00 kr. pr. time til 360,00 kr. pr. døgn"" banner elsewhere on the page is a sitewide range disclaimer, not a real published daily cap for this specific facility, so daily_cap left blank per the Helsingør Hammershave precedent; amenityFeature was empty [] and the only ""elbil/ladestander""/""opladning"" text on the page was identical sitewide nav/footer boilerplate (an EV-charging nav link), not a per-facility flag, so has_ev left blank. Checked and ruled out as operators: Gladsaxe Kommune (Bagsværd is part of Gladsaxe Kommune, same as Søborg already investigated in this project - re-confirmed quickly via a targeted search rather than assuming: gladsaxe.dk's own parking content only covers on-street violation fines (510/1020 kr) and a Bagsværd Hovedgade area context, with no discrete priced municipal garage or paid zone system found, consistent with the Søborg precedent); a genuinely new lead, ""Bagsværd P-Hus"" (p-hus.dk, Bagsværd Hovedgade 99, kælderen) surfaced in search results and was investigated as a possible 3rd operator, but its own site describes it as ""Langtidsparkering med overvågningskameraer"" (long-term parking with surveillance cameras) with a ""Booking af plads""/""Udlejning"" (rental) flow rather than hourly pay parking, and it is administered by a single hyper-local property company (Bagsværd City A/S, via Bygaden) with this one garage only, not a multi-site commercial operator comparable to Q-Park/APCOA - excluded as a landlord-run long-term rental garage, not a comparable discrete-facility competitor, consistent with how similar single-property rental garages have been excluded elsewhere in this project. Confirmed absent per network-wide precedent: Dansk Parkering (trade association), EuroPark Danmark (rebranded into APCOA in 2013), UnoPark (enforcement contractor). Capped at 2 confirmed operators - did not need to reach the 4-5 cap given this is a small suburb. Pricing coverage: 2/2 Q-Park hourly (0/2 daily cap), 1/1 APCOA hourly (0/1 daily cap). EV coverage: 0/3 confirmed (all left blank rather than guessed). All 3 coordinates source-embedded (Q-Park schema.org GeoCoordinates, APCOA schema.org GeoCoordinates via ui-carpark-result-item carparklat/carparklon) - no Nominatim geocoding needed for this city. Currency throughout DKK (kr.) as required, not EUR."
Ballerup,3,done,"4 facilities across 2 confirmed operators (Q-Park 3/3, CP Parking System 1). Q-Park: exact full coverage - the city landing page (https://www.q-park.dk/da/parkering/ballerup/) links to exactly 3 distinct /parkering/ballerup/<slug>/ facility pages (Borupvang 5C, Tempovej 35, Tempovej 42-46), matching qpark_facilities=3 exactly; each page carried a literal 'FacilityId' GUID directly (no brute-force needed) plus schema.org GeoCoordinates/streetAddress/maximumAttendeeCapacity/amenityFeature (Borupvang 5C: 94 spaces, 8 Electric Charging Spots -> has_ev True; Tempovej 35: 150 spaces, no EV feature; Tempovej 42-46: 25 spaces, no EV feature); live per-facility tariffs pulled via GetTariffsForFacility?facilityId=<GUID>&countryCode=DK - Borupvang 5C is a flat 24/7 14kr/hr with no published daily cap; Tempovej 35 only operates limited hours (Mo-Fr 16-22, Sat-Sun 12-22) with first 4 hours free then 10kr/hr - used the post-free rate (10) per the stepped-tariff convention; Tempovej 42-46 only operates limited hours (Mo-Fr 18-08 nightly, Sat-Sun 00-24) at a flat 15kr/hr; none of the 3 returned a daily-cap tariff group so daily_cap left blank for all. APCOA: confirmed ABSENT - their own apcoa.dk city-locator page lists all Danish cities they serve A-Å (91 total) and Ballerup does not appear (Bagsværd, a different town, is the nearest B-entry); ruled out rather than assumed missing. Ballerup Kommune: confirmed to run only a bymidte parkeringslicens/zone system (free-to-apply resident/erhverv licenses exempting permit-holders from time limits in a mapped city-centre zone) per its own 'Informationer og regler om parkering' page - no discrete priced municipal garages, same zone-administrator pattern excluded in other Danish cities. One new operator found and added: CP Parking System (trading as 'City Parkering', mitcp.dk/cpparkingsystem.com - Denmark's third-largest parking company per its own site, confirmed as a genuine multi-city discrete-facility operator via the same mitcp.dk rent-area list that already named it as Aarhus's DOKK1 operator in this project) runs Ballerup Centret's public P-tag/P-hus parking (~1200 spaces per a ParkMe search-snippet cross-check, ParkMe's own page login-gated same as the Hillerød precedent); pricing is 2 hours free then a rising per-hour scale (3rd hour 20kr, 4th hour 25kr, 5th+ hour 35kr per commenced hour) with no fixed cap - used the first paid-tier rate (20) as hourly_rate per the first-tier stepped-tariff convention, left daily_cap blank since the scale is open-ended; has_ev True (Clever EV chargers confirmed on the parking deck at Indgang I); coordinates from Nominatim's own 'Ballerup Centret' shop=mall POI (cross-checked against Ballerup station's known location, which is integrated into the same complex). A second CP Parking System listing at the same mitcp.dk rent-area list, 'Ballerup Centret Personaleparkering' (staff parking), was found but excluded - it is a monthly-subscription-only rental area with no published hourly/casual pricing, i.e. not a publicly competing hourly facility. Checked and ruled out: UnoPark (its own 'Parkeringsselskab Ballerup' page confirms it is a generic B2B enforcement/permit-management service sold to property owners, not an operator of a named public facility, consistent with prior-city precedent); Ballerup Idrætsby (sports complex; its own site confirms up to 1400 free parking spaces, genuinely free not priced); Ballerup train station (DSB; parking is free for valid ticket/commuter-card holders via the DSB Plus programme, not a priced competing facility). Dansk Parkering and EuroPark Danmark not present, consistent with every other Danish city checked in this project. Pricing coverage: 4/4 facilities have hourly_rate, 0/4 have a daily_cap (none published). Currency DKK (kr.) throughout."
Birkerød,1,done,"1 facility (Q-Park 1/1 Bregnerødvej 127 / Pilehøj Vænge - cap 61, flat 10kr/hr 24/7); no APCOA (absent from their DK city list) or CP Parking System found; Rudersdal Kommune confirmed to run only free public parking, not a priced facility"
Blokhus,1,done,"1 facility (Q-Park 1/1 Aalborgvej 9 - cap 30, flat 12kr/hr 24/7, no daily cap); no APCOA (absent from DK city list) or CP Parking System found; Jammerbugt Kommune's Blokhus beach/street parking confirmed free (per local news of restored free parking), not a priced competitor"
Brabrand,1,done,"1 facility (Q-Park 1/1 Emmasvej 1 og 2 - cap 63, flat 14kr/hr 24/7, no daily cap); no APCOA (absent from DK city list, distinct from Aarhus's own /parkering/aarhus/ slug facilities) or CP Parking System found; Aarhus Kommune's 3 p-huse already confirmed Aarhus-only, none in Brabrand"
Brønshøj,2,done,"4 facilities (Q-Park 2/2, APCOA 2/2); Q-Park is exhaustive full coverage - the city landing page (https://www.q-park.dk/da/parkering/br%c3%b8nsh%c3%b8j/) links to exactly 2 distinct /parkering/brønshøj/<slug>/ facility pages (Frederikssundsvej 324, Stavnstrupvej 1-3 - Hagestedvej 2-08), matching Q-Park's own stated 2 count exactly and confirmed distinct from all facilities already listed under koebenhavn.csv (no /parkering/københavn/ slug or 2700 postal code present there); no FacilityId embedded directly in either page's JSON-LD, so resolved each via brute-force GetTariffsForFacility calls against the one GUID unique to each page (14 GUIDs common to both pages/site-wide nav components, 1 page-specific GUID each) - both resolved cleanly on the first try (Frederikssundsvej 324 -> 15kr/hr with 150kr daily cap; Stavnstrupvej 1-3 - Hagestedvej 2-08 -> 20kr per-started-minute rate treated as 20kr/hr per convention, single tariff group so no daily cap found, left blank); geo/address/capacity pulled from embedded schema.org JSON-LD (100 and 5 spaces respectively - Stavnstrupvej is a genuinely tiny 5-space lot); chargingPoints was ""0"" for both so has_ev left blank (no chargers) rather than guessed. APCOA has full coverage - found via a real dedicated https://www.apcoa.dk/find-en-p-plads/lokationer/broenshoej page (not listed among the site's city-overview links but resolves directly, HTTP 200, distinct <title>) with exactly 2 ui-carpark-result-item entries (below the 6-item show-more threshold, confirming completeness): Frederikssundsvej 266-270 (60 spaces, 25kr/hr, 600kr daily cap per the facility detail page's own Priser og betaling accordion) and Kobbelvænget 74 (18 spaces, 25kr/hr, 250kr daily cap); both geo/address cross-confirmed via each facility's own detail-page schema.org JSON-LD; amenityFeature was empty [] in JSON-LD for both and the only elbil/ladestander text found sitewide was identical nav/footer boilerplate (an EV-charging nav link), not a per-facility flag, so has_ev left blank for both rather than guessed. Checked and ruled out: CP Parking System (mitcp.dk's own server-rendered rent_area_list page enumerates all 25 of its national parking areas by name/address - Køge, København S/SV/K, Valby, Hvidovre, Ballerup, Herlev, Aarhus, Hørsholm - none in Brønshøj/2700, confirming no presence here, consistent with the nationwide list already cross-referenced in Aarhus/Ballerup); Københavns Kommune (its municipal p-huse/p-anlæg are a fixed, already-fully-covered set of 6 concentrated in the city centre per koebenhavn.csv's own notes, with no Brønshøj-specific facility found or expected - Brønshøj's own street parking follows the citywide zone system, not a discrete kommune-run garage); Dansk Parkering, EuroPark Danmark, UnoPark not present, consistent with every other Danish city checked. Pricing coverage: 2/2 Q-Park hourly (1/2 daily cap), 2/2 APCOA hourly (2/2 daily cap). Currency throughout in DKK (kr.). Nothing surprising beyond the very small facility sizes (5, 18, 60, 100 spaces) typical of a small residential district rather than a city centre."
Ebeltoft,1,done,"1 facility (Q-Park 1/1 Færgevejen 60, the Molslinjen ferry-harbour car park - cap 100, flat 14kr/hr, 100kr daily cap; confirmed via Molslinjen's own helpdesk that its Ebeltoft harbour parking is itself Q-Park-operated, not a separate ferry-company competitor); no APCOA (absent from DK city list) or CP Parking System found; Syddjurs Kommune's general Ebeltoft parking is being optimised via smart/app tech not new priced garages, no discrete competing facility identified"
Esbjerg,1,done,"13 facilities across 3 operators (Q-Park 1/1, APCOA 10, Esbjerg Kommune 2) - larger than the brief's 1-2-facility assumption since Esbjerg is DK's 5th-largest city. Q-Park's sole facility is the Fanølinjen ferry-harbour car park (cap 350, 6 EV chargers, first 24hrs free then 14kr/hr, 140kr daily cap). APCOA has full coverage via its /lokationer/esbjerg (not esbjerg-n, a separate untracked APCOA sub-listing, same precedent as Aarhus N/V being excluded from aarhus.csv) - 10 facilities, all flat FLOW rates (8-14kr/hr, cap = 24x hourly where published), one (Borgergade 12) with EV chargingSpaces flag; one (BROEN SHOPPING) is a 24/7-subscription-only shopping-centre lot with no pay-per-use price or capacity published anywhere on its page - included with blank capacity/price rather than fabricated. New operator found and added: Esbjerg Kommune runs 2 genuine discrete p-huse (not just free zone parking, unlike most other kommunes checked) - P-huset Danmarksgade (369 spaces, opened 2020) and P-huset Borgergade (93 spaces), both free first 4hrs then flat 12kr/hr, addresses/capacity from esbjergcity.dk, coordinates via Nominatim. Excluded as non-comparable: two single-purpose long-stay lots run by third-party businesses (DFDS Harwich ferry line's Dokvej lot 100kr/day, International Car Rental's Dokken lot 50kr/day) - no capacity published and not multi-facility operators. No CP Parking System found (combined search across all 7 batch cities)."
Fredericia,3,done,"8 facilities (Q-Park 3/3 APCOA 4/4 Fredericia Kommune 1/1); Q-Park exhaustive full coverage - the city landing page (https://www.q-park.dk/da/parkering/fredericia/) links to exactly 3 distinct /parkering/fredericia/<slug>/ facility pages (Gefionsvej 29 & Nymarksvej 26-30, Hydra, Nørrebrogade 30), matching Q-Park's own stated 3 count exactly; FacilityId GUIDs were embedded directly in each page's HTML (no brute-force needed); capacity from embedded schema.org JSON-LD maximumAttendeeCapacity (18/309/7); two of the three (Gefionsvej & Nymarksvej, Nørrebrogade 30) had null 0,0 GeoCoordinates in JSON-LD, geocoded via Nominatim; live GetTariffsForFacility API returned a real flat tariff only for Hydra (15kr/hr, 8kr minimum payment, 120kr daily cap) - the other two returned empty arrays (genuinely unpriced, hourly_rate left blank rather than guessed), consistent with their small capacity (18 and 7 spaces) suggesting small permit/subscription-style lots rather than public hourly facilities; Hydra's amenityFeature confirmed Electric charging point true (has_ev=True) and 4 disabled spaces, the other two facilities had no EV amenity listed. APCOA has full coverage - exactly 4 facilities on their Fredericia lokationer page (Vendersgade 40-42, Oldenborggade 29, Delmenhorstgade/Carolinelunden, Vejlevej 6), confirmed complete via live browser render (scrolled to footer, no further cards or 'Vis alle' expansion beyond the 4, matching the raw curl HTML's 4 ui-carpark-result-item elements exactly); geo/capacity/price from embedded HTML attributes and cross-checked against each facility's own detail page - Oldenborggade 29 (125 spaces, FLOW dynamic 'fra 8,00kr/hr', no cap) and Delmenhorstgade (130 spaces, FLOW dynamic 'fra 14,00kr/hr', no cap) are dynamic-priced with no daily cap structure; Vejlevej 6 (200 spaces) has a flat 15kr/hr plus an unlabeled second figure of 26kr shown directly beneath it on both the listing card and the detail page's 'Priser og betaling' section - treated as the daily cap per the convention used for APCOA's other flat-rate facilities elsewhere (e.g. Albertslund); Vendersgade 40-42 has no capacity count and no pricing section at all on its detail page (unlike the other three, which all have a 'Priser og betaling' block) - genuinely free/unpriced, left both capacity and hourly_rate blank; no EV amenity signal found on any of the 4 APCOA detail pages. One additional real operator found and added: Fredericia Kommune owns and runs Parkeringshus Domus Axel (Købmagergade 60, entrance via Købmagergade/exit via Prinsessegade, 2.0m height limit) as a genuine enclosed P-hus with 200 spaces (6 of them handicap, per parkeringsinfo.dk) - confirmed kommune-owned via a BygTek.dk 2010 article ('Kommunen ejer p-huset') and listed by name on fredericia.dk's own parking page under 'Gratis parkering' (3 hours free 9-17 weekdays / 9-12 Saturdays, no stated per-hour rate beyond the free window, so hourly_rate left blank rather than guessed); this is distinguished from Fredericia Kommune's other, much larger paid-parking network (Rådhus Nord, Rådhus Syd, Bülows Plads, Danmarksstræde 13, Madsby Legepark, Østerstrand - all billed via automat/app at a flat 12kr/hr citywide rate) and its free time-limited street lots (Danmarksstræde 8, Kirkestræde 14 - both open-air 2-hour-disc lots), which were excluded as a citywide zone/lot administration system rather than a discrete competing facility, consistent with the precedent used for most other Danish cities' municipal parking; P-Nord (parkeringskontrol i Fredericia) confirmed via the kommune's own site to be an enforcement-only contractor, not a facility operator, same role as UnoPark elsewhere. Checked and ruled out: Dansk Parkering and EuroPark Danmark (not found active in Fredericia, consistent with all other Danish cities checked). Pricing coverage: 1/3 Q-Park hourly (1/3 daily cap, 2/3 genuinely unpriced small lots), 3/4 APCOA hourly (1/4 daily cap - Vejlevej 6 only, 1/4 genuinely free/unpriced), 0/1 Fredericia Kommune hourly (free within time limit). Currency throughout in DKK (kr.)."
Frederiksberg,16,done,"16/16 Q-Park facilities via embedded schema.org JSON-LD + live GetTariffsForFacility API (all guids resolved); APCOA 9 facilities via embedded ui-stage-map JSON on apcoa.dk; Frederiksberg Kommune 4 direct-run parkeringskældre (Sylows Alle, Henrik Steffens Vej, John Winthers Plads, Dirch Passers Alle) at municipal ticket rate (10kr first hr, 130kr day cap), geocoded via Nominatim. 29 facilities total. Dansk Parkering: no presence found. EuroPark: enforcement-only, no facility locator. De Forenede Ejendomsselskaber owns Nimbusparken building but APCOA runs its public payment/pricing, so kept under APCOA only to avoid double-counting. Q-Park Mariendalsvej 55 had null geo in JSON-LD, geocoded via Nominatim."
Frederikshavn,2,done,"7 facilities (Q-Park 2/2 APCOA 5/5); Q-Park exhaustive full coverage - the city landing page (https://www.q-park.dk/da/parkering/frederikshavn/) links to exactly 2 distinct /parkering/frederikshavn/<slug>/ facility pages (Havnepladsen 7, Tordenskjoldsgade 3), matching Q-Park's own stated 2 count exactly; both had a literal FacilityId GUID embedded directly in the page HTML (no brute-force needed), geo/address/capacity pulled from embedded schema.org JSON-LD (46/25 maximumAttendeeCapacity), live GetTariffsForFacility API returned clean tariffs for both - Tordenskjoldsgade 3 a flat 12kr/hr with no cap; Havnepladsen 7 billed 'pr. påbegyndte 15 minutter' at 4kr (a genuine flat per-quarter-hour rate, not a stepped/declining structure) so converted to its exact hourly-equivalent 16kr/hr (4kr x4), plus a stated 130kr max døgnpris (24hr) daily cap; amenityFeature was just '24/7 Access' for both (no EV signal), so has_ev left blank rather than guessed. APCOA has full coverage - exactly 5 facilities on their Frederikshavn lokationer page (confirmed via the page's own ui-carpark-result-item elements, no pagination/show-more beyond the 5 present in the raw HTML): Parallelvej Matr. 305e (40 spaces, 10kr/hr, 240kr cap, plus an optional 437.50kr/month subscription noted but not used for the per-use rate), Havnepladsen 9 (25 spaces, 11kr/hr, 72kr cap, restricted weekday opening 16:00-07:00 but 24/7 Sat-Sun per its own OpeningHoursSpecification), Læsøgade 18 (30 spaces, flat 10kr/hr all days, 240kr cap), Havnegade 4-6 (10kr/hr, 240kr cap, capacity genuinely unpublished on both the list page (data-parking-spaces=[]) and its own detail page - left blank rather than guessed), and Danmarksgade 74 (10 spaces, genuinely free - data-price=0 on the list page and no 'Priser og betaling' line at all on its own detail page, unlike every other facility here which has one - left hourly_rate blank per convention); geo/address from embedded schema.org JSON-LD on each detail page; the only 'elbil/ladestander' text found on any page was identical sitewide nav/footer boilerplate (a generic EV-charging marketing blurb), not a per-facility flag, so has_ev left blank for all 5 rather than guessed. Checked and ruled out as operators: Frederikshavn Kommune (its own 'Parkering' page states plainly 'Der findes 1500 gratis parkeringspladser i Frederikshavn Midtby' - free/zone parking only, no discrete priced municipal garages, same zone/free pattern as most other Danish cities checked); CP Parking System/mitcp.dk (checked both its rent_area_list and el_area_list pages - full facility lists for other cities like Aarhus/Køge appear but no Frederikshavn entry found); Dansk Parkering and EuroPark Danmark not present, consistent with every other Danish city checked. Pricing coverage: 2/2 Q-Park hourly (1/2 daily cap), 4/5 APCOA hourly (4/5 daily cap, 1/5 genuinely free), 1/5 APCOA capacity genuinely unpublished. Currency throughout in DKK (kr.)."
Frederikssund,1,done,"6 facilities across 2 operators (Q-Park 1/1, APCOA 5) - larger than the brief's 1-2-facility assumption. Q-Park's sole facility Bløden 43 has no capacity published anywhere on its page (unlike most Q-Park pages, its JSON-LD omits maximumAttendeeCapacity) - left blank rather than guessed; flat 13kr/hr, no cap. APCOA has full coverage via its own Frederikssund lokationer page - 5 facilities, 4 flat-rate street lots (10-15kr/hr; two, Falkenborggården 1-7 and Ny Østergade 5-7/Tværstræde 14, have genuine discounted daily caps of 60kr/55kr well below the 24x-hourly theoretical max, confirmed via each one's own detail page - not the usual 24x pattern seen elsewhere) plus Sillebroen Shopping (800-space APCOA-run shopping-centre parking house at Nygade 1, free-then-12kr/hr post-free stepped tariff per the established convention, closes 16:00 Saturdays). No CP Parking System found (combined search across all 7 batch cities); Frederikssund Kommune confirmed to run only free/disc-limited zone parking in the centre, not a discrete priced garage of its own"
Gentofte,1,done,"2 facilities: Q-Park Baunegårdsvej 7A (45 spaces, 15kr/hr, 90kr daily cap, schema.org JSON-LD + live GetTariffsForFacility API) and APCOA Gentoftegade 50-52 (16 spaces, found via APCOA's alphabetical city list which includes Gentofte; no price exposed on listing (data-price=0) or detail page/JSON-LD, left hourly_rate/daily_cap blank). CP Parking System and Kommune ruled out (Gentofte Kommune runs only a zone/licence system, no priced facility)."
Glostrup,1,done,"2 facilities across 2 operators: Q-Park Smedeland 7 (100 spaces, 12kr/hr, no cap, schema.org+API) and SikkerParkering's Glostrup Shoppingcenter (Hovedvejen 81, 650 spaces incl. p-kælder+p-tag, first 3hrs/day free then 8kr/half-hour = used 16kr/hr post-free rate per stepped-tariff convention, no fixed daily cap published, 20-23 Clever EV chargers confirmed on the centre's own page -> has_ev=True; coords via Nominatim, address has no embedded geo) - a new SikkerParkering site (same operator/naming precedent as Aalborg's Friis Shoppingcenter), enforcement/complaints handled via parkering.sikkerparkering.dk confirming the operator identity. CP Parking System (mitcp.dk) checked via its own 'Lej P-plads' area list - Glostrup not present despite being CP's own HQ address (Naverland 2), so HQ location is not itself a customer facility; ruled out as a Glostrup competitor. Glostrup Kommune confirmed free/zone-only per its own site."
Grenaa,1,done,"1 facility: Q-Park Kattegatcentret (Færgevej 4, at Grenaa Havn next to the Kattegat aquarium, 400 spaces, 2 EV charging spots via amenityFeature -> has_ev=True). Only tariff returned by the live API is a 'Dagsbillet (pris pr. kalenderdøgn)' flat per-calendar-day ticket at 25kr - no hourly rate exists at all, so left hourly_rate blank and put the flat day price in daily_cap (first day-ticket-only facility seen in this dataset). No APCOA presence (not in their alphabetical city list), no CP Parking System, no priced Kommune facility (Norddjurs Kommune confirmed via web search to run free public parking with no ticket machines)."
Greve Strand,1,done,"1 facility: Q-Park Hundige Strandvej 192-194 (20 spaces, 8kr/hr, no daily cap, schema.org+API, no EV amenityFeature). No APCOA (not in their alphabetical city list), no CP Parking System, no priced Kommune facility (Greve Kommune confirmed via web search to run only free/disc-zone public parking, no municipal paid p-plads)."
Hadsund,1,done,"1 facility: Q-Park Havblik 2, Øster Hurup (37 spaces, 14kr/hr billed per-minute, no daily cap, schema.org+API). Page/API URL for this facility contains a literal comma ('havblik-4,-øster-hurup') - quoted correctly in the CSV per the comma-formatting rule. No APCOA, no CP Parking System, no priced Kommune facility (Mariagerfjord Kommune confirmed via web search to run only free public parking with time restrictions, no fee)."
Hellerup,2,done,"6 facilities (Q-Park 2/2, APCOA 4/4); Q-Park is exhaustive full coverage - the city landing page (https://www.q-park.dk/da/parkering/hellerup/) links to exactly 2 distinct /parkering/hellerup/<slug>/ facility pages (Sofievej 2-4 & Strandvejen 169-171, Waterfront Shopping), matching Q-Park's own stated 2 count exactly; both pages carried a literal ""FacilityId"" GUID directly (no brute-force needed), geo/address/capacity from embedded schema.org JSON-LD cross-confirmed against the same-page JS array's totalSpots field (65/537, both matching); live GetTariffsForFacility API returned clean tariffs for both - Sofievej 2-4 & Strandvejen 169-171 a flat 25kr/hr with no daily cap, Waterfront Shopping a free-first-2-hours-then-30kr/hr structure with a 240kr daily cap (used the post-free-period rate per the Spritten/Aalborg convention); chargingPoints was 0 for Sofievej (has_ev left blank) vs 26 for Waterfront (amenityFeature also lists ""Electric charging point"": true, so has_ev=True) - Waterfront's own marketing copy claims '700 parkeringspladser' but this refers to the whole shopping-center site incl. non-Q-Park spaces, not this facility's own maximumAttendeeCapacity/totalSpots (537), so the schema.org/JS-array number was used per the project's standing precedent of trusting structured data over prose. APCOA has full coverage - exactly 4 facilities on their Hellerup lokationer page (confirmed complete via raw HTML count, no hidden/paginated items beyond the 4 <ui-carpark-result-item> cards): Tuborg Syd P-kælder (1000 spaces, Philip Heymans Allé 1, FLOW dynamic pricing shown on-page as data-price=24/data-flow=1, its own detail page's tariff text confirms 'fra 24,00 kr...til 230,00 kr' so used 24kr/hr starting rate with 230kr daily cap), Bakkedraget 8 (248 spaces, flat 10kr/hr per-begun-hour with an explicit 50kr døgnpris/daily cap confirmed in the detail page's own tariff text), and two subscription-only lots with no hourly booking option at all (Hellerupvej 52 ABC, 15 spaces, 212.50kr/month only; Strandvejen 163, 17 spaces, subscription-only offer catalog) - both left hourly_rate/daily_cap blank per the non-hourly-tariff-structure convention rather than estimated; amenityFeature was empty [] for 3/4 APCOA facilities and only listed 'Videoovervågning' (CCTV) for Tuborg Syd - no EV signal found on any of the 4, so has_ev left blank for all. Checked and ruled out as operators: Gentofte Kommune (its own bolig-og-by/trafik-veje-og-parkering/parkering/ page confirms Gentofte's paid parking is limited to three time-restricted street zones - Ordrup, Hellerup Station, Bakken - plus a 2024-2025 rollout of further neighbourhood-centre zones incl. Hellerup itself, all enforced by kommunale parkeringsvagter/politi via p-skive/licens, with zero discrete priced municipal garages found; matches the zone/rules-only pattern seen in most other Danish municipalities); CP Parking System/MitCP (mitcp.dk's own homepage has no Hellerup-specific location or facility listing, and no independent search hit ties CP Parking System/AutoPark to any named Hellerup site, unlike its confirmed Aarhus DOKK1/Ballerup Borupvang facilities - not present here); Dansk Parkering, EuroPark Danmark, UnoPark not present, consistent with all other Danish cities checked. Pricing coverage: 2/2 Q-Park hourly (1/2 daily cap), 2/4 APCOA hourly (2/4 daily cap, 2/4 genuinely subscription-only/unpriced hourly). Currency throughout in DKK (kr.)."
Helsingør,5,done,"7 facilities across 2 confirmed operators (Q-Park 5/5, APCOA 2). Q-Park: exact full coverage - the city page's embedded schema.org City/containsPlace JSON-LD lists exactly 5 ParkingFacility entries (Lundegade 4, Mads Holms Vej 7, Murergade 8A-10, Marienlyst/Ndr. Strandvej 2, Nordlysvænget 4-8), matching the stated qpark_facilities=5 exactly; each facility's own page embeds schema.org GeoCoordinates (exact) plus a FacilityId GUID used to pull live pricing via GetTariffsForFacility?countryCode=DK - all 5 returned live tariffs (8-14 kr/hr flat for the 4 small sites, Marienlyst 10kr/hr with a 140kr daily cap given its 300-space size); capacity cross-confirmed via each page's embedded totalSpots GTM tracking field matching maximumAttendeeCapacity; chargingPoints:0 for all 5 in that same tracking data, so has_ev=False across the board despite generic EV nav-menu boilerplate text on every page. APCOA: found via their pages-sitemap.xml (their search UI 404s on direct city-slug guesses; no data-options JSON like Q-Park - had to go via sitemap) - exactly 2 real facilities under /find-en-p-plads/lokationer/helsingoer/ (Hammershave Trækbanen 109 spaces, Kronborg Slot 224 spaces), both confirmed via the city page's embedded ui-stage-map results attribute (uid/geoLocation/detailUrl per facility); a third sitemap entry 'e-charge-hammershave-traekbanen' (uid 5916, coords ~100m from Hammershave) is an EV-charging sub-listing of the same physical site, not a separate facility - not counted separately, but used to set has_ev=True on Hammershave (no other explicit EV feature flag on its own page). Kronborg Slot has a genuine fixed tariff (12kr/hr, 60kr døgn cap, confirmed via its own 'Parkeringstakster' list) despite running through the APCOA FLOW app (area code 2932) for payment - only nominally 'FLOW', not dynamic pricing. Hammershave's pricing panel only shows a range ('fra 15,00 kr. pr. time' / 'til 150,00 kr. pr. døgn') with no fixed-tariff list, i.e. genuine FLOW dynamic pricing, so hourly_rate AND daily_cap left blank per the no-guessing-on-ranges rule (the 'til 150' is an upper bound, not a real cap). Helsingør Kommune - investigated per the brief's tourist-town hypothesis (historic harbor, Kronborg Castle) and found the municipality DOES run paid parking (Helsingør Bykerne city centre, Kulturværftet, and Espergærde Havn/Havnetorv - zones 3001/3002/3003) but confirmed via helsingor.dk's own 'Betalt parkering' page that this is purely an on-street/surface zone-tariff system (first 2h free, then 10kr/hr, free evenings/Sundays/holidays, app-based registration - EasyPark/ParkMan/PARKPARK/ParkOne/OK-appen) with no discrete named garages or per-site capacity data, i.e. same 'zone-administrator, not a facility operator' pattern as Odense Kommune and Dublin City Council in this project - correctly excluded rather than modeled as fake discrete sites. Useful cross-check: the kommune page explicitly names 'grusparkeringspladsen på Nordhavnsvej ved Kronborg' as a PRIVATE paid lot - this is the exact address of APCOA's own Kronborg Slot facility, confirming it's correctly attributed to APCOA and not double-counted as municipal. Checked but did not find EuroPark Danmark (europark.dk's locator 404s for any query, consistent with its enforcement-only role found in other cities) or Dansk Parkering (trade association, not an operator, per prior-city precedent) presence in Helsingør; a Scandlines ferry-terminal parking lookup returned no independent result (search engine blocked by consent redirect) so not pursued further given the 2-operator/7-facility result already matches full coverage for both confirmed operators. Pricing coverage: 6/7 have hourly_rate (Hammershave is the one genuine FLOW-dynamic exception), 2/7 have a daily cap (Marienlyst 140kr, Kronborg Slot 60kr). Currency DKK throughout. Coordinates: all 7 from source-embedded JSON (Q-Park schema.org GeoCoordinates, APCOA ui-stage-map geoLocation) - no Nominatim geocoding needed for this city."
Herlev,2,done,"2 Q-Park facilities via dedicated /parkering/herlev/ landing page, matching Q-Park's own 2 count: Engløbet 22-82 (117 spaces, embedded geo, 3hrs free then 20kr/hr, no EV - chargingPoints 0) and Hørkær 12 (234 spaces, embedded geo was 0,0 so geocoded via Nominatim on Hørkær 12A/12B/12C cluster - no exact '12' housenumber node exists; live tariff API returned empty array matching the page's own 'Ingen tilgængelige prisoplysninger' message - genuinely unpriced, not a resolution failure); both resolved via a literal 'FacilityId' string embedded directly in page JS (no brute-force needed) and confirmed against GetTariffsForFacility API. APCOA has a dedicated Herlev location page listing 4 facilities: Herlev Hovedgade 17 (subscription-only 24/7 abonnement, no casual/hourly pricing published), Hørkær 1-3 and Hørkær 17 (100 spaces) both 16kr/hr with 384kr daily cap, Hørkær 8 16kr/hr with 160kr daily cap - none have EV (all amenityFeature arrays empty). CP Parking System (mitcp.dk) operates Herlev Bymidte Center (P-kælder + P-dæk 1, Herlev Torv 2) - confirmed via herlevbymidtecenter.dk's own parkering and ladestandere pages: 1.5hrs free then stepped 20/45/80kr for 1/2/3hrs +35kr/hr thereafter uncapped (used first-hour post-free rate 20, no daily_cap since unbounded), 46 EV points (38 Clever + 8 Eviny). Herlev Kommune directs Rådhus (town hall) visitors to this same CP Parking garage per herlev.dk, i.e. no separate municipal garage; municipality otherwise has 350+ free street spaces citywide, zone/free only. Checked and excluded: Herlev Hospital's own 524-space parking garage (Herlev Ringvej 75, built by NCC 2017-18, confirmed via hospital/NCC/press sources) is free for public use and run by the hospital/region, not a commercial competitor, consistent with the free/zone pattern seen in other Danish cities."
Hillerød,5,done,"19 garages (Q-Park 5/5 APCOA 8/8 Hillerød Kommune 1); Q-Park is full coverage - the city page at /da/parkering/hiller%c3%b8d/ links to exactly 5 non-POI facility slugs (Gallerierne, Banestræde/Ramblaen/Campusvej, Carlsbergvej 32 A-D, Munkeengen 4-32, Campusvej 169-373), matching the stated 5 exactly; each facility's schema.org ParkingFacility JSON-LD gave exact geo, maximumAttendeeCapacity, and amenityFeature (only Gallerierne has a confirmed Electric Charging Spot), and live per-facility tariffs came from the same GetTariffsForFacility?facilityId=<GUID>&countryCode=DK API used in every other Danish city - hourly_rate taken as the first-tier/first-hour rate (Gallerierne 16kr 1st-2nd hr then 19kr, daily cap 380kr; Campusvej 169-373 15kr + 50kr daily cap; the other 3 flat per-hour with no published cap). APCOA has full coverage - apcoa.dk's own /find-en-p-plads/lokationer/hilleroed page (found via its city-directory 404 page, correct slug is 'hilleroed' not the ø-form) returned exactly 8 ui-carpark-result-item cards, no pagination; capacity from each item's data-parking-spaces JSON, coordinates from data-options carparklat/carparklon, and hourly_rate cross-checked between the listing page's data-price attribute and each facility's own static 'Parkeringstakster' tariff text where present (4 of 8 - Frederiksborg Slot 12kr, Slotsgade 63 15kr, Frederiksværksgade 154 20kr, Slotsgade 67 15kr - all matched data-price exactly, giving confidence to use data-price for the other 3 priced ones too: Slangerupgade 6 15kr, Slotsgade 31-35 20kr, Finn Bager Jensens Vej 1-15 10kr); Slotsgade 65 showed data-price=0 with no tariff text anywhere on its page and no 'gratis' mention either, so left hourly_rate blank as genuinely unconfirmed/dynamic FLOW pricing rather than assuming free. Hillerød Kommune modeled as exactly 1 discrete facility, Parkeringshus Torvet (Østergade 3) - hillerod.dk's own pages are explicit that all other kommune-run bymidte parking is a citywide flat-rate zone system (1st hour free via app/automat, then 10kr/hr, free evenings/weekends/holidays), same zone-administrator pattern excluded in Randers/Odense, not individually priced discrete facilities; Torvet itself has full kommune-published pricing (10kr/hr, 1st hour free, same free-period schedule, plus subscription-card tiers) but no capacity figure on hillerod.dk - capacity 345 cross-confirmed via an independent ParkMe listing (found via Bing search snippet, ParkMe's own site required login so used the search-result snippet text, consistent with the Randers precedent of cross-confirming municipal capacity via third-party listing sites), and coordinates geocoded via Nominatim then cross-checked against Google Maps 'Parking Torvet' at the same Østergade 3 address. Confirmed ABSENT: EuroPark Danmark (europark.dk has zero Hillerød mentions) and Dansk Parkering (danskparkering.dk does not resolve at all, consistent with every other Danish city - it is the industry trade association, not an operator), so capped at 3 operators (all 3 confirmed present, no need to reach the 4-5 cap). Checked SlotsArkaderne (the shopping mall next to Q-Park Gallerierne/P-hus Torvet) which has its own 'parkering' page but it is JS-rendered with no static facility data and its title framing ('Centralt parkeringshus') strongly suggests it is just pointing shoppers to the existing Q-Park/Kommune facilities rather than running a distinct operator, so not added as a 4th operator. Pricing coverage: 13/14 priced facilities have hourly_rate (only APCOA Slotsgade 65 unconfirmed), 2/14 have a daily_cap (both Q-Park; APCOA and Hillerød Kommune facilities are either uncapped or the cap wasn't published). EV coverage: only Q-Park Gallerierne confirmed (1 charging spot via amenityFeature); APCOA's per-facility EV status wasn't exposed on the listing or detail pages (only generic site-wide nav links to a charging info page), left blank rather than guessed, consistent with the Odense precedent. Currency: all prices DKK (kr.) as required."
Hjørring,2,done,"2 facilities, Q-Park exhaustive full coverage - city landing page (https://www.q-park.dk/da/parkering/hjørring/) lists exactly 2 facilities, matching Q-Park's own stated count; geo/capacity from embedded schema.org JSON-LD (Banegårdspladsen 3: 57.4565765,9.9842146, cap 12; Parallelvej og Markedsgade: 57.4569212,9.9926108, cap 100), pricing pulled directly from each page's expanded 'Standardpriser' panel (both 12kr/hr flat; Banegårdspladsen 3 has a 120kr daily cap, Parallelvej og Markedsgade has no cap, only a 12kr minimum payment equal to the hourly rate so left daily_cap blank); no EV charging amenityFeature on either page. Competitors checked: APCOA Denmark - confirmed absent, their own city-search autocomplete lists all DK locations alphabetically and Hjørring does not appear between Hillerød and Hobro; CP Parking System/City Parkeringsservice (mitcp.dk/cityparkering.dk) - no evidence of any Hjørring facility found via site or web search; Hjørring Kommune - city centre has 1,500+ free/time-limited (1-3hr disc zone) on-street spaces per Hjørring Alliancen and local press, not a discrete priced garage operator, consistent with the zone-only pattern seen in other small Danish cities so excluded. Noted but out of scope: a troubled underground car park under Sct. Olai Plads appears tied to a housing association's resident spaces (aalborgboligselskab.dk listings), not a commercial competitive operator."
Holbæk,1,done,"2 facilities across 2 operators: Q-Park Kasernevej 45-75 og Anders Larsensvej 11-13 (65 spaces, 8kr/hr, explicit 'Maks. døgntakst' 150kr daily cap - also has 4hr/25kr, weekly/200kr, monthly/500kr tiers not used per standing convention of using hourly+labelled cap only) and APCOA Ahlgade 61-63 (50 spaces, found via APCOA's alphabetical city list which includes Holbæk; no price exposed on listing (data-price=0) or detail page/JSON-LD, left hourly_rate/daily_cap blank, same pattern as Gentofte). No CP Parking System, no priced Kommune facility (Holbæk Kommune confirmed via web search to run free municipal parking with time restrictions only)."
Holme-Olstrup,1,done,"1 facility: Q-Park Glasværksvej 53 (300 spaces, near the former Holmegaard glassworks site, schema.org+API). Only tariff is 'Op til 5 timer (afregnes pr. påbegyndte 5 timer)' 40kr - a recurring 5-hour block, not a genuine per-hour rate nor a labelled 'Maks. døgntakst', so left both hourly_rate and daily_cap blank per the no-guessing-on-non-hourly-structures convention (same treatment as Silkeborg/Slagelse's unlabelled block tiers). No APCOA (not in their alphabetical city list), no CP Parking System, no priced Kommune facility (this is a small hamlet in Næstved Kommune; Næstved's own paid zones are city-centre-only and don't extend to Holme-Olstrup)."
Holstebro,2,done,Q-Park only (2/2); Færchhuset 2hrs free then 10kr/hr cap 65; Lille Østergade 8A flat 10kr/hr cap 65; no APCOA/CP Parking presence confirmed
Horsens,4,done,"36 facilities across 2 confirmed operators (Q-Park 4/4 full coverage; APCOA 32 full coverage, above the usual ~20/operator guideline but kept exhaustive since it was gathered in one efficient batch, no individual geocoding needed). Q-Park: the city page (https://www.q-park.dk/da/parkering/horsens/) links to exactly 4 non-POI facility slugs (Emil Møllers Gade 59-69, Fabriksvej 2, Godsbanegade 2, Løvenørnsgade 25), matching qpark_facilities=4 exactly; each page has a clean singular literal 'FacilityId' GUID (no brute-forcing needed), exact geo/address/capacity read from embedded schema.org JSON-LD, live tariffs via GetTariffsForFacility?facilityId=<GUID>&countryCode=DK - all 4 returned live pricing. Løvenørnsgade 25 has a 'Første time' 7kr then 16kr/hr ongoing structure - used the ongoing rate (16) per the Palads/flat-ongoing-rate convention established in Aalborg, not the discounted intro rate. Fabriksvej 2's tariff group is labelled 'Man-fre 16-08 & lør-søn 00-24' only (evenings+weekends, 16kr/hr, 160kr daily cap) - no weekday-daytime tariff is published at all, implying daytime use is permit/contract-reserved; used the published evening/weekend rate as hourly_rate since it's the only one that exists. None of the 4 Q-Park facilities have EV chargers (chargingPoints:0 on all). APCOA: apcoa.dk's Horsens location page initially rendered a partial list; clicked 'Vis alle' in a live browser tab per the brief's guidance and got 37 raw listing cards, cross-confirmed against a curl fetch of the same page which independently found the same 37 unique facility slugs (no under-counting this time). Excluded 5 of the 37 from the dataset: 4 standalone 'E-Charge <name>' cards (E-Charge Jessensgade 1, E-Charge Lilli Gyldenkildes Torv P-hus, Buchwalds Bro E-Charge, E-Charge Jenny Kammersgaards Vej 2a) are UI filter-view duplicates of their base listing at the same address/near-identical coordinates, not independent facilities - confirmed via each base listing's own embedded JSON already carrying a 'chargingSpaces':{'count':N} field for that same site, so has_ev/EV info is captured on the base row instead of a separate row; and 'XXL pladser Mælketorvet' (oversized-vehicle-only spaces at the same coordinates as Mælketorvets P-hus, no maximumAttendeeCapacity published, 28kr/half-hour truck/bus-oriented pricing) was excluded as not a comparable passenger-car product. That leaves 32 real distinct APCOA facilities, each with exact lat/lon/streetAddress/maximumAttendeeCapacity from embedded JSON-LD-style fields on its own detail page (no Nominatim needed) and hourly/daily pricing read from the live-rendered 'fra X kr. pr. påbegyndt time'/'til Y kr. pr. døgn' card text (FLOW-branded but consistently a single clean low/high pair per facility here, not the ambiguous wide-range pattern that forced blanks in Silkeborg). Regionshospitalet Horsens is billed 'fra 8,50 kr. pr. påbegyndt halve time' (per-half-hour) - doubled to an hourly_rate of 17 kr/hr per the Silkeborg-hospital half-hour-billing convention, though unlike Silkeborg this wasn't independently cross-confirmed via a separate hospital-site source, so flagging as slightly less certain than other rows; its 78kr daily cap is consistent with the 75-78kr hospital-day-cap range seen at Horsens Sundhedshus and other Danish hospital garages. Rædersgade 1-3 shows a malformed second price line ('til 24,00 kr. pr. påbegyndt time' - duplicate hourly label instead of a real daily cap) - used only the primary 20kr/hr rate and left daily_cap blank rather than guess. 12/32 APCOA facilities have confirmed EV charging spaces (2-4 chargers each, via embedded chargingSpaces JSON); 5/32 have no published price at all (Søndergade 13, Lilli Gyldenkildes Torv P-hus's cap, Holmboes Allé 11/15, Guldberghus) - left blank rather than estimated. Investigated and ruled out as operators: Horsens Kommune (horsens.dk's own parkering page confirms a citywide 2-hours-free-then-12kr/hr flat-rate scheme applied uniformly across ~20 named public lots including Svanes Plads, Torvet, Nørregade, Vitus Berings Plads etc, independently corroborated by cityhorsens.dk's own listing and a Parkopedia entry for Svanes Plads showing Horsens Kommune's own phone number - a zone-administrator, not a comparable discrete-facility operator, same precedent as Odense/Randers/Svendborg/Silkeborg/Hillerød/Lyngby-Taarbæk Kommune); 'Bytorv Horsens' shopping-mall parking (Løvenørnsgade 4-6, ~140-210 spaces per Cylex/ParkMe/Parkopedia, Cylex explicitly labels it 'Q-Park Bytorv Horsens' with a phone number matching Q-Park's standard format) was investigated as a possible 5th Q-Park facility missing from the city landing page, but every plausible slug (bytorv-horsens, løvenørnsgade-4-6, løvenørnsgade-6) 404s on q-park.dk's live site - treated as a stale/dead legacy listing, same pattern as Odense's dead 'Q-Park Magasin Odense' listing, confirming qpark_facilities=4 is accurate and complete rather than an undercount; Pakhusene Horsens (harbour redevelopment's own-branded 'new parkeringshus', explicitly '210 parkeringspladser fordelt på seks fulde etager' per pakhusene-horsens.dk) cross-confirmed as the exact same physical facility as APCOA's already-captured Nordhavnens P-hus (210 spaces, same harbour-area coordinates) - not a separate operator, avoided double-counting; EuroPark Danmark (rebranded into APCOA nationally in 2013, one stale 'EuroPark P-plads' Google listing found but no live distinct presence) and Dansk Parkering (trade association, not an operator) confirmed absent, consistent with every other Danish city checked. Capped at 2 confirmed operators - did not need to reach the 4-5 cap. Pricing coverage: Q-Park 4/4 hourly (1/4 daily cap), APCOA 27/32 hourly (19/32 daily cap). EV coverage: 0/4 Q-Park, 12/32 APCOA. All coordinates source-embedded (Q-Park schema.org GeoCoordinates, APCOA embedded latitude/longitude fields) - no Nominatim geocoding was needed for this city. Currency throughout DKK (kr.) as required, not EUR."
Kalundborg,1,done,Q-Park 1/1 flat 10kr/hr no cap; plus APCOA Nytorv 2A (13 spaces 10kr/hr cap 240); no CP Parking presence
Karrebæksminde,1,done,Q-Park only (1/1) Enø Kystvej 55 - 2hrs free then 10kr/hr no cap; no APCOA/CP Parking presence
Kastrup,1,done,"Q-Park 1/1 (Bryggergården, 28 spaces, flat 20kr/hr); surprisingly heavy APCOA competition (7 facilities near Kastrup Airport/Amager Strandvej, 50-575 spaces each, 14-20kr/hr, one dynamic-range and one price-unlisted left blank) - this is airport-adjacent, not a typical small town"
København,54,done,"93 facilities (Q-Park 53, APCOA 28, Jeudan 6, Københavns Kommune 6); Q-Park is near-exhaustive full coverage - 53 of their own stated 54, obtained from the embedded data-options JSON on the /da/results/ search page (82 facilities within radius), filtered to only those whose AddressLine2 postal town is København K/V/N/S/SV/Ø/Nv (excluding Frederiksberg, Valby, Vanløse, Brønshøj, Kastrup, Gentofte, Søborg, Hellerup, each tracked as separate _progress.csv rows) - the 1-facility gap vs. Q-Park's stated 54 is most likely just their own rounding/a facility added after last count, not a missed one; hourly/daily prices pulled live per-facility from Q-Park's own GetTariffsForFacility API (46/53 hourly, 21/53 daily cap - rest have non-hourly tariff structures, left blank per instructions); APCOA is a sampled subset (28 of ~60 facilities found across two radius searches centered on Vesterbro/Carlsberg and Østerbro, using the ui-carpark-result-item web component's lat/lon/price/capacity attributes) - thinned to ~half via every-other selection for geographic spread while staying under the ~30 cap, so NOT exhaustive citywide (APCOA also serves Nørrebro/Amager/other districts not sampled) - addresses reverse-geocoded via Nominatim since APCOA's list view doesn't expose postal addresses; Jeudan (a real-estate company running its own branded car parks, found via local Google Maps result for Sankt Annæ Plads) has full coverage - all 6 of their own stated parking houses (4 in København K, 2 on Østerbro), each with capacity/pricing pulled directly from its own facility page; Københavns Kommune has full coverage - all 6 facilities on the municipality's own kk.dk page (3 underground p-anlæg with free resident-license access, 3 surface p-huse) - hourly_rate left blank for all 6 since municipal p-hus pricing follows the city's time-of-day street parking zone system (rød/grøn/blå/gul, 17-45kr/hr) rather than a flat commercial tariff, and Israels Plads (630 spaces) was explicitly excluded per the kk.dk page's own note that it is NOT kommune-operated; checked but did not find a real standalone 'Dansk Parkering' operator (danskparkering.dk does not resolve; the name appears to refer to either a small unrelated company or the industry trade association, not a facility operator) or EuroPark Danmark/De Forenede Parkeringsselskaber presence, so capped at 4 operators; surprising finding - APCOA and Jeudan each independently list a 'Strynøgade' facility on Østerbro at near-identical coordinates (~50-100m apart), suggesting possible adjacent-building or same-block overlap worth a closer look before using both in analysis"
Køge,1,done,"Q-Park 1/1 (Bag Haverne 5-7, 40 spaces, 2hr free then 10kr/hr); surprisingly competitive - also APCOA Strædet P-kælder (500 spaces, 10kr/hr), Køge Kommune's new Søndre Molevej garage (280/433 spaces open, 10kr/hr, opened Nov 2025), and CP Parking/Køge Kyst temp lots Bag Haverne + Collstropgrunden (10kr/hr, time-restricted, capacity not confirmed)"
Kolding,5,done,"19 facilities (Q-Park 5/5, APCOA 7/7, Kolding Kommune 7); Q-Park's own city page confirmed exactly 5 facilities (matches qpark_facilities), each with exact geo/capacity from embedded schema.org ParkingFacility JSON-LD and hourly tariffs from the live GetTariffsForFacility API (FacilityId GUIDs pulled from each page's ""FacilityId"" field, not the generic data-options block used in other cities) - 3/5 have a published hourly rate, main flagship Kolding Åpark (251 spaces, 10 EV chargers) returned an empty tariff array / page explicitly shows ""Ingen tilgængelige prisoplysninger"" so left blank rather than guessed; Design City (Kolding Åpark 2) has a free first hour then 10kr/hr flat, used the post-free rate per the stepped-tariff convention. APCOA has full coverage - all 7 facilities from their own /kolding ui-stage-map+ui-carpark-result-item results (Koldinghus, Dalbygade 39-40, Engstien 1, Jernbanegade 33, Klostergade 16, Kløvervej 46, Brostræde 7), coordinates/capacity/price from embedded attributes, cross-checked against each facility's own detail page text; Jernbanegade 33 (8 spaces) and Brostræde 7 (14 spaces, month-only 850kr/mo subscription) have no published hourly rate so left blank; Kløvervej 46 has 19 EV charging spots. Kolding Kommune: found via kolding.dk's own parkering page which points to a dedicated municipal parking app/site parkering.kolding.dk (React SPA) backed by a public live-sensor API at api.sensade.com/guideapp/organization/<org-id>/parkinglots - queried this directly (org id extracted as the hardcoded default in the site's own bundled JS) and got all 73 monitored city lots with live space counts, of which exactly 8 are ticketParking (paid) and the rest are free/time-limited; kept 7 as genuine kommune-direct facilities and EXCLUDED 1 (""Klostergade P-kælder"", 92 spaces, 10kr/hr, 12 EV spots) because its coordinates, spaceCount and price are essentially identical to APCOA's own ""Klostergade 16"" facility (already captured as AP05) - clearly the same physical facility, APCOA-operated under contract to the kommune, so excluded here to avoid double-counting per the Frederiksberg Nimbusparken precedent; addresses for the 7 kept kommune lots reverse-geocoded via Nominatim since the API only gives bare street names with no house numbers; noted but did NOT exclude a second near-miss - kommune's own ""Staldgården"" (59 spaces, 12kr/hr) sits ~90m from APCOA's ""Koldinghus"" (100 spaces, 12kr/hr) at the same Staldgården street near Koldinghus castle - capacity and exact coords differ enough (and Koldinghus is explicitly a distinct APCOA-branded facility with its own areakode) that this looks like a genuinely separate smaller lot, not a duplicate, but flagging as a soft overlap worth a second look. Currency throughout is DKK (kr.) as required. Confirmed competitor presence: APCOA Denmark (apcoa.dk) and Kolding Kommune (direct municipal operator, not the trade-association ""Dansk Parkering"") - both present and distinct, capped at these 3 operators total (no EuroPark Danmark or De Forenede Parkeringsselskaber facility presence found in Kolding specifically)."
Korsør,1,done,Q-Park only (1/1) Algade 29 - flat 6kr/hr (cheapest rate seen in batch) no cap; no APCOA/CP Parking presence
Lyngby,5,done,"12 facilities across 2 confirmed operators (Q-Park 5/5, APCOA 7). Q-Park is exact full coverage - the /da/parkering/lyngby/ city page links to exactly 5 non-POI facility slugs (Jernbanepladsen 1, Kulturhustorvet, Lyngby City, Lyngby Hovedgade 63, Magasin P-Hus), matching the stated 5 exactly; each facility's schema.org ParkingFacility JSON-LD gave exact geo + maximumAttendeeCapacity + amenityFeature (Electric Charging Spots confirmed on Lyngby City/Lyngby Hovedgade 63/Magasin P-Hus, absent on Jernbanepladsen 1/Kulturhustorvet), and live tariffs came from the same GetTariffsForFacility?facilityId=<GUID>&countryCode=DK API used in every other Danish city - Lyngby Hovedgade 63 has a free first hour then 24kr/hr, used the post-free rate as hourly_rate per the established stepped-tariff convention (day cap 200kr); Jernbanepladsen 1 (12kr/hr) and Kulturhustorvet/Magasin P-Hus (22kr/hr) have no published daily cap, only a minimumsbetaling (minimum payment) which is not a cap. APCOA has full coverage across its two overlapping Lyngby location pages - 'kgs-lyngby' (6 facilities: Gl. Lundtoftevej 1-9, Lyngby Hovedgade 11-25, Jernbanepladsen 10, Lundtoftegårdsvej 93A, Kanalvej 1-7, Nørgaardsvej 1B) plus 'kongens-lyngby' (1 facility: Hollandsvej 10) - all 7 confirmed within postcode 2800 via each facility's own schema.org JSON-LD address, no duplicates by uid. Capacity and hourly_rate both taken directly from each facility's live ui-carpark-result-item data-parking-spaces/data-price attributes on the location page (real live-site data, not estimated) - cross-validated against the Frederiksberg dataset's own precedent, where the same data-price attribute values (22/22/24/17/25, price=0 for 4 facilities left blank) matched that CSV's existing hourly_rate values exactly, confirming data-price=0 reliably means 'no fixed hourly tariff/unconfirmed dynamic FLOW pricing', not free - applied identically here (Gl. Lundtoftevej 1-9 price=0, flow=false, likely subscription/abonnement-only per its detail page's 23 mentions of 'abonnement', left hourly_rate blank). Kanalvej 1-7's 800-space capacity looked surprisingly large for Lyngby but is directly source-attribute data, not an estimate, and the address (near Lyngby Storcenter) is consistent with a large shopping-centre garage. No APCOA daily_cap or has_ev data was exposed on any page (only generic site-wide EV nav links, not facility-specific), left blank per the Odense/Hillerød precedent rather than guessed. SURPRISING FINDING: Lyngby-Taarbæk Kommune, the third operator named in the brief, was investigated directly on ltk.dk (borger/trafik-og-veje/parkering + parkeringsrestriktioner-og-randzoner pages) and confirmed to run only a permit/randzone restriction system (like Frederiksberg's P-zone), not any current discrete priced parking facility - same zone-administrator exclusion precedent as Odense Kommune/Hillerød Kommune's citywide zone, so NOT added as a distinct operator. Notably, a kommune press release dated 2026-09-24 (2 days before this research) announces a brand-new ~200-space P-hus in 'Lyngby Vest' built jointly with pension fund Velliv as part of a 'three-in-one' project (car park + activity roof + green park) - but it is still under construction/not yet operational, so correctly excluded from current-facility counts; worth re-checking in a future pass once it opens. EuroPark Danmark confirmed enforcement-only in Lyngby too (its own homepage uses an 'APCOA_Lyngbystorcenter' control-fee example image, i.e. EuroPark issues APCOA's control/kontrolgebyr notices at Lyngby Storcenter's lot rather than running a separately-priced facility). Dansk Parkering (danskparkering.dk) does not resolve at all, consistent with every other Danish city checked. Capped at 2 confirmed operators (did not need to reach the 4-5 cap). Pricing coverage: 5/5 Q-Park hourly (2/5 daily cap), 6/7 APCOA hourly (0/7 daily cap, only Gl. Lundtoftevej 1-9 unconfirmed). EV coverage: 3/5 Q-Park confirmed (amenityFeature), 0/7 APCOA (not exposed per-facility). All coordinates are source-embedded (Q-Park schema.org GeoCoordinates, APCOA data-options/ui-carpark-result-item carparklat/carparklon) - no bulk Nominatim geocoding needed. Currency: all prices in DKK (kr.) as required."
Middelfart,2,done,Q-Park only (2/2); Birke Allé 15-23 3hrs free then 8kr/hr cap 80; Middelfart Midtpunkt flat 8kr/hr cap 132; no APCOA/CP Parking presence
Nørre-Alslev,1,done,"1 facility (Q-Park 1/1); sole facility Cargovej 4 (40 spaces) confirmed genuinely unpriced - live tariff API returned an empty array, cross-confirmed against the page's own 'Ingen tilgængelige prisoplysninger' (no pricing available) message. No APCOA (404 on dedicated slug and common alt-spellings), no CP Parking System/mitcp.dk, no distinct kommune-run facility found (Guldborgsund Kommune)."
Nykøbing F,2,done,"4 facilities (Q-Park 2/2 APCOA 2/2); Q-Park exhaustive - city page links exactly 2 facilities (Nygade 14A 35 spaces, Slotsbryggen 5-19 65 spaces), FacilityId embedded, geo/capacity from schema.org JSON-LD. Nygade 14A has a day/night+weekend split (10kr weekday 07-20, 2kr other times, 5kr minimum, 60kr daily cap) - used the weekday-daytime rate per prior convention. Slotsbryggen 5-19 is a block tariff (first 3hrs flat 30kr, then 15kr/hr in 6-min increments, 30kr minimum) - non-hourly for the block portion so used the post-block ongoing rate (15) per the Spritten/Aalborg post-free-period convention, no fixed daily cap published. APCOA has 2 facilities (Langgade 6-12 60 spaces, Hospitalsvej 8 34 spaces) via slug nykoebing-f (note: 'oe' spelling works, plain 'o' 404s); Langgade 6-12 is genuinely free/unpriced (data-price 0, priceRange '$', no kr. text anywhere on its detail page, unlike the others) so left hourly blank; Hospitalsvej 8 is a standard flat 12kr/hr with 288kr daily cap (=24x12, the site's own 'fra X til Y' hourly/cap convention). amenityFeature empty on all APCOA pages, only sitewide nav 'elbil' boilerplate found, so has_ev left blank throughout (Q-Park chargingPoints also 0 for both). Checked and ruled out: CP Parking System/mitcp.dk (no Nykøbing F presence, the one 'ringe' text hit was a false positive inside the word 'parkeringen'); UnoPark (confirmed enforcement-only via search, consistent with prior cities); no distinct Guldborgsund Kommune-run facility found beyond generic street-parking info."
Odense,20,done,"30 real garages across 2 confirmed distinct operators (full coverage for Q-Park, representative sample for APCOA given its unusually large Odense footprint). Q-Park 18 (Q-Park's own live map-search results.js page consistently returned exactly 18 facilities in Odense from two different search-origin coordinates, despite the qpark_facilities column here saying 20 - investigated the gap: found a 'Q-Park Magasin Odense' and a 'Q-Park Thrige Firkanten, Edisonvej' via Google Maps snippets, but both 404 on q-park.dk's live site and Q-Park's own Fyn/EV-charging sub-nav lists only Filosoffen+Grønnegade for the region, so treated as stale/incorrect Google listings rather than real current facilities, same as other cities' legacy-brand traps. All 18 captured with exact embedded coordinates (via each facility's Google static-map marker URL, since no JSON-LD geo was embedded) and live tariffs via the same GetTariffsForFacility?facilityId=<GUID>&countryCode=DK API used in every other country - e.g. Odense City 1007 spaces/26kr per-minute-billed hour/240kr day cap, Comwell H.C. Andersen 90 spaces/45kr flat/150kr cap, three small residential facilities (Holmehusvej, Hjallesegade, Heliosvænget) genuinely have a free initial period (1-4h) then a flat kr/hr rate - used the post-free rate as hourly_rate per the stepped-tariff convention. APCOA 12 selected as a representative sample, NOT full coverage: APCOA's own site actually lists 30+ facilities just under its 'Odense C' sub-page alone (Vesterport, P-hus Odinsbrygge, Edisonsvej, Sverigesgade/Havnegade, Seebladsgade x2, Tietgen Business, Middelfartvej, Banegårdspladsen, Toldbodhusevej, Klostervej, Brandts Klædefabrik x3, OUH hospital lot, etc) plus more under separate 'Odense'/'Odense M'/'Odense V' sub-pages (Rugårdsvej 103, Cortex Park 12, Lavsensvænget) - a first pass via get_page_text under-counted badly (grabbed only 1 virtualized card per page), corrected by reading the full accessibility tree instead. Picked the 12 largest/most comparable named parkeringshus/parkeringskælder and major surface lots (61-830 spaces) and excluded ~20 small residential/church/business-park FLOW lots as non-comparable, consistent with prior cities' practice. APCOA detail pages don't expose embedded coordinates (map is consent-gated, no JSON-LD), so all 12 addresses were geocoded via a synchronous Nominatim curl+sleep(1.5s) loop; 10/12 resolved directly, 1 (Odinsbrygge) resolved via a nearby landmark search, 1 (originally Lavsensvænget 1, Odense V) could not be geocoded at all and was swapped for a confirmed-geocodable substitute (Klostervej 3) to keep the sample at 12. CONFIRMED ABSENT as distinct facility-operators despite being named in the brief: EuroPark Danmark (europark.dk is now purely a 'Parkeringskontrol' ticket-enforcement brand that explicitly warns customers about scam callers impersonating 'APCOA eller EuroPark' together - strongly implies EuroPark's Odense operations were absorbed into APCOA, and the one 'EuroPark P-hus' Google Maps listing found sits at the exact same address as Q-Park Slotscentret and carries APCOA's own phone number, i.e. a stale legacy listing, not a live third operator). Dansk Parkering (danskparkering.dk profile confirms this is the Danish Parking Managers' trade association/lobby group, not an operating company - a director was quoted commenting on national policy, not running facilities). De Forenede Parkeringsselskaber (zero evidence of Odense presence found). Odense Kommune / 'Odense City Parkering' (city-odense.dk's own live page confirms Odense Kommune trades as 'Odense City Parkering' and IS one of the city's three primary named providers alongside Q-Park and APCOA - but odense.dk's own tariff page shows this is administratively a red/blue/green ZONE pricing system across 4000+ on-street/surface spaces citywide (17-21kr/hr fossil, 12-17kr/hr EV, no per-facility capacity or discrete named garages), not a comparable discrete-garage operator - correctly excluded as a zone-administrator, not a facility operator, same precedent as Dublin City Council in the IE dataset; one specific lead, 'City Parkering Nord' at Dannebrogsgade 2, initially looked like a possible fourth operator via Google Maps but turned out to be APCOA's own listed facility at that exact address once checked against apcoa.dk's live card list, resolving the ambiguity). Pricing coverage: 30/30 have an hourly_rate, 8/30 have a confirmed daily cap (rest are genuine non-capped or unknown-cap tariffs, left blank per the no-guessing rule). EV coverage only confirmed/available for Q-Park (7/18 with charging); APCOA's site has an EV filter but per-facility charging status wasn't captured for the 12 sampled, left blank rather than guessed. Currency: all prices in DKK (kr.) as required, not EUR."
Padborg,1,done,"1 facility (Q-Park 1/1); sole facility Industrivej 20 (11 spaces), FacilityId embedded, geo/capacity from schema.org JSON-LD, chargingPoints 0. Non-hourly block tariff (first 2hrs free, then 35kr per 10-hour block, 70kr fixed max døgntakst) - left hourly_rate blank per the non-hourly-structure convention, kept the fixed 70kr daily cap. No APCOA (404 on dedicated slug), no CP Parking System/mitcp.dk, no distinct Aabenraa Kommune-run facility found beyond generic info."
Randers,16,done,"19 garages (Q-Park 16/16 APCOA 1 Randers Kommune 2); Q-Park's own count of 16 fully matched and confirmed via live site listing + individual facility pages, each with schema.org GeoCoordinates and live GetTariffsForFacility?countryCode=DK API (facility GUIDs captured from each page's data-options attribute); Randers City (Fischersgade 26, 500 spaces, EV) independently cross-confirmed as ""P-Huset City"" via Parkopedia/Via.dk/Cylex - same building, not double-counted; APCOA has exactly 1 facility (Kulholmsvej 1, outdoor, 95 spaces, FLOW dynamic pricing 16-384 kr/hr so hourly_rate left blank); EuroPark (APCOA's enforcement-only brand) controls a few private/harbour lots (Randers Havn, Værket) but these are free lots with paid enforcement, not priced competitor product, so excluded rather than double-counted against APCOA; no Dansk Parkering (that name is actually the industry trade association, not an operator), De Forenede Parkeringsselskaber, or EuroPark Danmark as a distinct priced operator found; Randers Kommune runs a citywide flat-rate zone (14 kr/hour within centerringen, free outside) rather than individually priced facilities, so modeled as 2 distinct named sites: Parkeringspladsen ved Randers Regnskov (part-free/part-paid at 14 kr/hr, Tørvebryggen) and Parkeringskælderen ved Randers Sundhedscenter (192-space 2-level garage under Biografgade 3, free first 3hrs 07-18 then free unlimited 18-24, 4 EV chargers) - excluded the 38-space Det Gamle Polititorv garage as rental-only/no public access; pricing coverage 16/19 hourly (APCOA dynamic and the 2 free-with-time-limit municipal facilities left blank), 3/19 daily cap (Bryggertårnet/Odinsgården/Regionshospitalet only - most Q-Park Randers facilities charge per-minute/hour with no published daily max); EV confirmed for Randers City, Thors Bakke, and the Sundhedscenter garage; corrected a false-positive EV match on Regionshospitalet Randers where the amenity-matching regex initially matched ""Elevator"" as containing ""ev""; Kulholmsvej 1/Regnskov/Sundhedscenter coordinates geocoded via Nominatim (dk), all Q-Park coordinates are exact schema.org GeoCoordinates from source."
Ringe,1,done,"1 facility (Q-Park 1/1); sole facility Centrumpladsen 2 (30 spaces), FacilityId embedded, geo/capacity from schema.org JSON-LD, chargingPoints 0. Flat 10kr/hr, no daily cap published. No APCOA (404 on dedicated slug and a Fyn-qualified alt), no CP Parking System/mitcp.dk, no distinct Faaborg-Midtfyn Kommune-run facility found beyond generic info."
Ringsted,3,done,"5 facilities across 2 confirmed operators (Q-Park 3/3, APCOA 2). Q-Park is exact full coverage - the city page (https://www.q-park.dk/da/parkering/ringsted/) links to exactly 3 distinct non-POI facility pages (Christian Petersens Gård, Torvet 6, Vestervej 2), matching the stated qpark_facilities=3 exactly (excluding 3 poi/ landmark links which point to attractions, not facilities); all 3 pages carried a literal ""FacilityId"" GUID (no brute-force needed) used to pull live tariffs via GetTariffsForFacility?countryCode=DK - all 3 returned live tariffs (Christian Petersens Gård 5kr/hr with 50kr max. døgntakst cap; Torvet 6 8kr/hr - its only published tariff group is ""Man-Fre 17:30-06:30 & Lør-søn 00-24"", consistent with its own embedded openingHours showing it closed weekdays 06:30-17:30, i.e. a restricted-hours facility, used the only rate available; Vestervej 2 10kr/hr billed per-minute, no cap); exact GeoCoordinates/capacity/address pulled from embedded schema.org JSON-LD (capacities 136/35/10); no EV charging found on any of the 3 (amenityFeature only ever listed ""Disabled Spaces""/""24/7 Access"", never a charging flag), so has_ev left blank rather than guessed. APCOA has a dedicated Ringsted location page (apcoa.dk/find-en-p-plads/lokationer/ringsted) with exactly 2 facilities (Ringsted Centret, Nørregade 27) confirmed both via the raw curl HTML's embedded ui-carpark-result-item data and a live browser check of the page (a ""Vis alle""/show-all button is present in the DOM but only 2 cards render with nothing further to reveal, so no under-count) - both flat 10kr/hr (Nørregade 27 billed per started hour) with a 240kr/døgn cap, capacities 250/23, coordinates/address from each facility's own embedded schema.org JSON-LD (Ringsted Centret: Nørregade 13; Nørregade 27: Nørregade 27), no EV amenity found on either. Checked and ruled out as a third operator: Ringsted Kommune - confirmed via ringsted.dk's own parking page (""Parkeringsmulighederne omfatter både P-pladser og kantstensparkering med individuel tidsbegrænsning"") and a Google AI-overview summary of that same page (""Ringsted Kommune har ikke et traditionelt, kommunalt parkeringshus (p-hus), men derimod en række større, centrale udendørs parkeringspladser"") that the municipality runs only free/time-limited (p-skive) street parking and open lots, not discrete priced garages - consistent with most other Danish cities checked in this project; also ruled out Dansk Parkering, EuroPark Danmark and UnoPark per the project-wide precedent (none operate in Denmark under those names). Capped at 2 confirmed operators (Q-Park + APCOA). Pricing coverage: 3/3 Q-Park hourly (1/3 daily cap - only Christian Petersens Gård has a published max. døgntakst), 2/2 APCOA hourly (2/2 daily cap). EV coverage: 0/5 - no EV signal found on any facility from either operator (unlike some other cities, neither Q-Park nor APCOA listed a charging amenity here). Currency: all prices in DKK (kr.) as required, not EUR. All 5 coordinates are source-embedded (Q-Park schema.org GeoCoordinates, APCOA schema.org GeoCoordinates matching its map carparklat/carparklon attributes) - no Nominatim geocoding needed for this city. One noteworthy item: Q-Park's Torvet 6 page carries a site-wide fraud/scam-SMS warning banner (unrelated to the facility itself, same generic notice appears sitewide) - not treated as an operational-status signal."
Risskov,6,done,"12 facilities across 2 confirmed operators (Q-Park 6/6, APCOA 6). Q-Park is exact full coverage - the city page's embedded schema.org City/containsPlace JSON-LD lists exactly 6 ParkingFacility entries (Agerbækvej 36-82, Broloftet 1-29 Terræn, Børglumvej 2H, Møllehatten, Risskov Brynet - Møllehatten 1-13 Terræn, Vindrosen 19-45), matching the stated qpark_facilities=6 exactly and confirmed disjoint from Aarhus's own CSV (Aarhus's own facility list is filtered by the /parkering/aarhus/ URL slug, this city by /parkering/risskov/, no overlap in slugs or coordinates); each facility's exact GeoCoordinates/capacity pulled from embedded schema.org JSON-LD, and each page carried a literal ""FacilityId"" GUID (no brute-force needed) used to pull live tariffs via GetTariffsForFacility?countryCode=DK - all 6 returned live tariffs; 3 facilities (Broloftet 1-29 Terræn, Risskov Brynet - Møllehatten 1-13 Terræn, Vindrosen 19-45/Møllehatten) have a free first-2-hour period then a flat per-hour rate - used the post-free rate as hourly_rate per the established stepped-tariff convention (Agerbækvej 36-82 10kr flat, Børglumvej 2H 12kr with a 100kr daily cap, Møllehatten/Vindrosen 16kr day-and-night, Broloftet/Risskov Brynet 10-15kr post-free); no daily cap published for 4/6 (only Børglumvej 2H has one); no EV amenity found on any of the 6 (only generic ""24/7 Access"" in amenityFeature), so has_ev left blank rather than guessed. APCOA has a dedicated Risskov location page (apcoa.dk/find-en-p-plads/lokationer/risskov, distinct from their Aarhus C page) with exactly 6 real facilities via its embedded ui-stage-map/ui-carpark-result-item data (Broloftet 2-42, Kværnloftet 2-44, J.R. Hübertz Gade 13-33, Brassøvej 17, F.K. Hallagers Gade, Stationsgade 2C) - all fixed flat hourly tariffs (7-13kr/hr) with an explicit daily cap (""Døgnpris""/24x-hourly cap, 50-288kr), cross-confirmed against each facility's own detail-page tariff text (not FLOW-dynamic ranges, unlike some other cities' APCOA lots); coordinates/capacity from the same embedded attributes (carparklat/carparklon, data-parking-spaces). Excluded a 7th APCOA sitemap/stage-map entry, ""E-Charge Brassøvej 17"" (~24m from Brassøvej 17, same street address, chargingSpaces:2 in its data-parking-spaces) as an EV-charging sub-listing of the same physical site rather than a separate facility, per the Helsingør Hammershave precedent - used it only to set has_ev=True on Brassøvej 17 (APCOA's only per-facility EV signal found; no generic EV flag existed for the other 5). Flagged but not merged: Q-Park's ""Broloftet 1-29, Terræn"" and APCOA's ""Broloftet 2-42"" sit only ~55m apart on the same street (odd vs even house-number ranges) - plausible as distinct operator-run lots serving opposite sides of the same residential block (consistent with how Aalborg's Østre Havnepark and København's Strynøgade adjacent-operator cases were handled elsewhere in this project), not treated as a duplicate. Checked and ruled out as operators: Aarhus Kommune (its own p-hus page listing Navitas/Nørreport/Busgadehuset has zero Risskov mentions - confirms all 3 of its facilities, already counted under Aarhus's own CSV row, are Aarhus-only with none in Risskov, so correctly not re-added here); Dansk Parkering (danskparkering.dk still does not resolve, consistent with every other Danish city checked in this project); EuroPark Danmark (europark.dk returns only a near-empty redirect stub, consistent with its confirmed 2013 rebrand into APCOA found in other cities). Capped at 2 confirmed operators (Q-Park + APCOA) - contrary to the brief's hypothesis that this small suburb might have only Q-Park, APCOA turned out to have a full dedicated Risskov page too. Pricing coverage: 6/6 Q-Park hourly (1/6 daily cap), 6/6 APCOA hourly (6/6 daily cap - APCOA's caps here are genuine published dögnpriser, not just theoretical 24x-hourly maximums, though for the 3 with no separate dögnpris text the cap number does equal 24x the hourly rate, e.g. 288=24x12). EV coverage: 1/12 confirmed (APCOA Brassøvej 17 via its E-Charge sub-listing), 0/12 for the rest (Q-Park's page-wide amenityFeature only ever listed ""24/7 Access"", never a charging flag, for any of the 6). Currency: all prices in DKK (kr.) as required, not EUR. All 12 coordinates are source-embedded (Q-Park schema.org GeoCoordinates, APCOA carparklat/carparklon + detail-page schema.org geo, cross-matching exactly) - no Nominatim geocoding needed for this city."
Roskilde,1,done,"6 facilities (Q-Park 1/1 APCOA 5/5); Q-Park exhaustive - city page links exactly 1 non-POI facility (Algade 4, 91 spaces, excluded 4 poi/ landmark links), flat 15kr/hr, FacilityId embedded, chargingPoints 0. APCOA has 5 (Læderstræde 4 40sp, Trekroner Butikscenter 80sp, Algade 10 16sp, Algade 12 44sp, Algade 18 20sp) via their roskilde lokationer page (ui-carpark-result-item list, no pagination); Læderstræde 4 17kr/hr with 396kr cap and restricted evening/night-only opening hours (not 24/7, so cap isn't a simple 24x multiple); Algade 18 10kr/hr with 240kr cap (=24x10, standard 'fra X til Y' convention); Algade 10 has a first-hour-free-with-P-skive intro then 15kr/hr - used the post-free ongoing rate per the Spritten convention; Algade 12 has a time-of-day split (18kr Mon-Sat 10-16, 15kr 'øvrig tid' i.e. the rest of the day/night) - used the øvrig-tid rate since it's the broader-window rate, consistent with the Gasværksvej 7 'use the majority-period rate' precedent; Trekroner Butikscenter flat 15kr/hr, no cap published. amenityFeature empty on all APCOA detail pages, only sitewide nav 'elbil' boilerplate found, so has_ev left blank throughout. Evaluated and excluded as a competitor: Roskilde Kommune's own municipal parking network (Musicon 'p-huse' Indfaldet 4 and Pulsen 21, a surface lot at Havsteensvej 10, plus city-ring-road lots Ny Østergade 60sp/Rådmandshaven 140sp/Gustav Wieds Plads-Byvolden-Hedegade 100sp/Kong Magnus Vej 50sp/Vindeboder ved Havnen 220sp, and a genuinely multi-deck 'Sortebrødre Plads Parkeringshus dæk -1 til -4' 200sp) - despite one location literally being a multi-deck parking house, every one of these locations shares one unified city-wide tariff (2hrs free, then 15/15/22/22/35/35kr per hour through hour 8) enforced via ANPR plate registration/app payment (EasyPark/ParkPark/ParkMan/ParkOne/OK) rather than barriers or independent per-facility branding, matching the zone/registration-system exclusion pattern used for kommune parking elsewhere in this dataset rather than a set of distinctly operated competing facilities - flagged here as a borderline judgment call given the presence of a real deck garage. No CP Parking System/mitcp.dk presence found."
Silkeborg,8,done,"11 facilities across 2 confirmed operators (Q-Park 8/8, APCOA 3). Q-Park is exact full coverage - the city page's non-POI /parkering/silkeborg/<slug>/ links (Århusvej 45, Borgergade 72, Papirfabrikken/Smedebakken, Sølystvej 2, Stagehøjvej 25, Torvet Silkeborg, Vestergade 38, Vestergade 8-30) matched the stated qpark_facilities=8 exactly, excluding poi/ landmark sub-pages; each facility's exact GeoCoordinates/capacity/address pulled from embedded schema.org ParkingFacility JSON-LD, and each page carried a literal ""FacilityId"" GUID directly in a data-options attribute (no brute-force needed) used to pull live tariffs via GetTariffsForFacility?countryCode=DK - all 8 returned live tariffs; Sølystvej 2 has a free first hour then 14kr/hr, used the post-free rate per the established stepped-tariff convention; only Sølystvej 2/Vestergade 38/Vestergade 8-30 have no published daily cap, Papirfabrikken/Smedebakken also uncapped (only a 7kr minimumsbetaling, not a cap); EV confirmed via amenityFeature Electric Charging Spots for Papirfabrikken/Smedebakken (2) and Torvet Silkeborg (4), none for the other 6. APCOA has a dedicated Silkeborg location page returning exactly 3 real facilities via its ui-carpark-result-item component (confirmed by line-counting matched open/close custom-element tags, since the raw string ""ui-carpark-result-item"" appears 7 times total - 3 opens+3 closes+1 in an unrelated ui-shortened-list selector attribute): Silkeborg Sygehus P-hus (730 spaces), Christian 8's vej 8 (65 spaces), Søtorvet (196 spaces). Silkeborg Sygehus P-hus's own APCOA panel only showed a range (""fra 8,00 kr. pr. påbegyndt halve time"" / ""til 76,00 kr. pr. dag"", i.e. the same dynamic-looking format used for Helsingør's Hammershave) but this one was independently cross-confirmed as genuinely FIXED via Regionshospitalet Silkeborg's own hospital page (hospitalsenhedmidt.dk), which states a flat 16kr/hour + fixed 76kr day-ticket for its OPP-financed (PenSam-backed) parkeringshus at Falkevej 1 operated by EuroPark/APCOA - the two sources' daily figures matched exactly (76=76, 8kr/half-hour=16kr/hour), so used hourly_rate=16/daily_cap=76 rather than leaving blank. Christian 8's vej 8 (""fra 25,00 kr. pr. påbegyndt time"", no paired til/cap) and Søtorvet (""fra 12,00 kr. pr. påbegyndt time"" / ""til 288,00 kr. pr. døgn"") had no equivalent independent fixed-tariff confirmation and no separate tariff list on their own detail pages, so both left with hourly_rate AND daily_cap blank per the no-guessing-on-ranges rule established for Hammershave (the ""til"" figures are upper bounds, not real caps). No per-facility EV signal found for any of the 3 APCOA facilities - the only ""elbil""/""ladestander"" mentions on their detail pages were identical sitewide nav-menu boilerplate (a charging-info page link), confirmed by comparing byte-identical match counts/context across all 3 pages, so has_ev left blank throughout, consistent with the Hillerød/Lyngby precedent. Investigated Silkeborg Kommune per the brief's zone-vs-facility test and confirmed the ZONE-ONLY pattern applies here too: silkeborg.dk's own pages describe a uniform 15kr/hour rate (1st hour free daily via card/app, none for coins) applied identically across ~20 named on-street/garage locations (Rådhuset, Søgade, Mejerigården, Bios Gård, Bindslevs Plads, Kornmods Gård, Estrups Gård, Havnepladsen, Hostrupsgade, etc) with zero price differentiation between them - including ""Bindslevs Plads P-kælder"", a genuine 174-space underground garage confirmed via campus-building coverage (silkeborgnyt.dk/Parkopedia), which is explicitly billed at the identical uniform 15kr/hr rate as street parking, not a distinctly-priced facility, so correctly excluded as a zone-administrator rather than a comparable operator (same precedent as Odense/Randers/Helsingør/Aalborg/Lyngby Kommune). Cross-check bonus: silkeborg.dk's own page explicitly lists ""Papirfabrikken"", ""P-kælder under Torvet"", and ""Silkeborg Sygehus"" together under a ""private parkeringspladser"" heading (i.e. NOT municipal) - directly corroborating that these are the same three facilities already captured as Q-Park Papirfabrikken/Smedebakken, Q-Park Torvet Silkeborg, and APCOA's Silkeborg Sygehus P-hus, ruling out any double-counting risk. EuroPark Danmark confirmed enforcement/payment-processing-only at the hospital site (same APCOA-administered pattern as every other Danish city, consistent with its 2013 rebrand); Dansk Parkering not found (trade association, not an operator, per standing precedent). Capped at 2 confirmed operators - did not need to reach the 4-5 cap. Pricing coverage: 8/8 Q-Park hourly (2/8 daily cap), 1/3 APCOA hourly+cap (Sygehus, via independent cross-confirmation), 0/3 for the other two APCOA facilities (genuine unconfirmed dynamic range). All 11 coordinates are source-embedded (Q-Park schema.org GeoCoordinates, APCOA data-options carparklat/carparklon matching each detail page's own schema.org geo exactly) - no Nominatim geocoding needed for this city. Currency: all prices in DKK (kr.) as required, not EUR."
Sjællands Odde,1,done,"1 facility (Q-Park 1/1); sole facility Odden Færgehavn - Oddenvej 388 (100 spaces, at the ferry harbour), FacilityId embedded, geo/capacity from schema.org JSON-LD, chargingPoints 0. Flat 21kr/hr (1-minute increments), 21kr minimum, 200kr max døgntakst (24hr price), also a 7-day rate of 525kr - kept the hourly rate and fixed daily cap, left the multi-day rate out as non-standard. No APCOA (404 on dedicated slug and an 'odden' alt), no CP Parking System/mitcp.dk, no distinct Odsherred Kommune-run facility checked given how small this location is (a single ferry-harbour car park, not a town center)."
Skagen,1,done,"3 facilities (Q-Park 1/1 APCOA 2/2); Q-Park exhaustive - city page links exactly 1 non-POI facility (Skagen Gl. Station - Sct. Laurentii Vej 20A-20B, 38 spaces, excluded 1 poi/ landmark link), flat 18kr/hr, FacilityId embedded; chargingPoints 4 (only Q-Park facility across this batch with EV, has_ev=True) confirmed via the same-page JS totalSpots/chargingPoints array. APCOA has 2 (Auktionsvej 2 131sp, Stålkajen 56sp) via their skagen lokationer page; both flat-rate with the standard 'fra X til Y' hourly/24x-cap pattern - Auktionsvej 2 20kr/hr/480kr cap, Stålkajen 16kr/hr/384kr cap. amenityFeature empty on both APCOA detail pages, only sitewide nav 'elbil' boilerplate found, so has_ev left blank for both. Checked and excluded as a competitor: Frederikshavn Kommune's seasonal (Jun-Aug) betalingsparkering at Skagen havn and other town locations (15kr/hr, paid via EasyPark/ParkOne/ParkPark/OK apps, no automat tickets) - this is an app/ANPR-based street and harbour-area ZONE system, not a discrete named/priced garage, matching the standard kommune-zone exclusion pattern used throughout this dataset. No CP Parking System/mitcp.dk presence found."
Skanderborg,5,done,"5/5 Q-Park facilities, full coverage - the city landing page's embedded containsPlace JSON-LD lists exactly 5 ParkingFacility entries (Adelgade 38/45/47/49A + Bloms Butikker), matching Q-Park's own stated count exactly; each facility's exact GeoCoordinates/address/capacity pulled from embedded schema.org JSON-LD. FacilityId GUIDs were directly present in a data-options='{""FacilityId"": ""...""}' attribute on all 5 detail pages (no brute-forcing needed, unlike Aalborg); called GetTariffsForFacility for each - the 4 Adelgade street lots (7/16/10/14 spaces) all returned an identical flat 16kr/hr tariff (billed per 15-min increment, 16kr minimum payment, no daily cap published); Bloms Butikker (400 spaces, a shopping-center lot with disabled/elevator/motorcycle amenities) returned a genuinely empty tariff array - cross-checked as a real 'unbookable' page type with no priced tariff, i.e. free customer parking rather than a resolution failure. No EV chargers found on any of the 5 (amenityFeature/GTM chargingPoints both show 0/absent throughout) - has_ev left blank for all rows rather than guessed. Checked and ruled out competing operators: APCOA Denmark - their own /find-en-p-plads/lokationer/skanderborg page 404s (no location listing), and a web search only surfaced APCOA as parking-control/enforcement contractor for a free time-limited lot at Skanderborg Sundhedshus (health center), not a priced facility - same enforcement-only precedent as EuroPark/CPVS elsewhere, so not counted as a distinct operator; Skanderborg Kommune - its own vej-og-trafik/parkering page only covers a forward-looking 'Parkeringsplan' (2019 planning document) for the town center, no mention of it operating any priced garages itself; Skanderborg City (cityforeningen) confirms the town center otherwise has 898 free parking spaces (zone/street parking, not discrete priced facilities) - same municipality-is-zone-administrator-not-operator pattern seen in every other Danish city so far. Net result: Skanderborg has just 1 real operator (Q-Park), consistent with the methodology note that a small town may realistically have only 1-2. Pricing coverage: 4/5 Q-Park hourly (0/5 daily cap; Bloms Butikker genuinely unpriced/free). Currency in DKK (kr.) throughout."
Skive,1,done,"1 Q-Park facility (Østergade 1, 40 spaces); flat 20kr/hr (minimum payment = 1hr rate); no competitors found (APCOA/CP Parking System absent, Skive Kommune runs only free public parking)"
Slagelse,8,done,"11 facilities across 2 confirmed operators (Q-Park 9, APCOA 2). Q-Park's own city page (/da/parkering/slagelse/) links to 9 distinct non-POI facility slugs (excluding 3 poi/ landmark sub-pages for Movie House, Sct. Mikkels Kirke and Slagelse Teater), one more than the qpark_facilities=8 stated here - the extra is explained by Stop 39 being split into two adjacent same-address pages, 'Stop 39 (Lastvogn)' (truck parking, 50 spaces) and 'Stop 39 (Personbil)'/'trafikcenter-alle-4-,-a-,-stop-39' (car parking, 70 spaces), each with its own distinct FacilityId GUID, capacity and coordinates ~150m apart at the Trafikcenter Alle 4 motorway rest-stop complex near E20 junction 39/40 - kept both as genuinely separate priced facilities rather than merged, consistent with the 'flag rather than merge' precedent for adjacent-site overlaps in other cities. All 9 Q-Park pages embed schema.org ParkingFacility JSON-LD with exact address/capacity/amenityFeature, but 8/9 have real GeoCoordinates embedded while the largest (Ingemannsvej 30, 1000 spaces, 23 EV chargers - confirmed via Google/ChargeFinder results to be the car park of Slagelse Sygehus, the regional hospital) had null geo:{lat:0,lon:0} like Aalborg's Kridtsløjfen precedent, so geocoded via Nominatim instead. FacilityId GUIDs were embedded directly in each page (no brute-forcing needed) and used against the live GetTariffsForFacility API: 8/9 returned live tariffs, Ingemannsvej 30 (the hospital) returned a confirmed empty array cross-checked against its own page's 'Ingen tilgængelige prisoplysninger' (no pricing available) message - genuinely unpriced, not a resolution failure, same pattern as Aalborg's Østre Havnepark. Løvegade 4 og Frederiksgade 1 has a '1 time'/23kr plus a '10 timer'/130kr tier - used 23kr as hourly_rate but left daily_cap blank since a 10-hour ticket price isn't a genuine 24h max (no 'Maks. døgntakst' label present), consistent with not guessing beyond what's explicitly labeled a cap. Both Stop 39 facilities have a genuine free-first-30-min-then-flat-rate structure with an explicit 'Maks. døgntakst' - used the post-free hourly rate (25kr lastvogn / 28kr personbil) and the labeled daily caps (100kr / 150kr) per the established stepped-tariff convention. APCOA has full coverage - confirmed via their own pages-sitemap (found at /sitemap.xml -> /sitemap-type/pages/sitemap.xml, since /pages-sitemap.xml 404s here unlike Helsingør) listing exactly 2 Slagelse facility URLs (Ndr. Ringgade 24 40 spaces, Kalvehaven 7-52 108 spaces), matching the location page's own ui-carpark-result-item count of 2 with no pagination; both have data-price=10 (10kr/hr flat, FLOW-branded but confirmed as a real fixed tariff via cross-check - each facility's own detail-page schema.org JSON-LD maximumAttendeeCapacity matches the listing exactly, 40 and 108 respectively); note each facility's detail page shows a confusingly-labelled 'nearby location' ui-carpark-result-item widget for the OTHER facility, not itself - had to cross-reference against each page's own embedded schema.org JSON-LD (not the widget) to get correct self-capacity, resolving an initial apparent capacity swap. No amenityFeature/EV data exposed on either APCOA page (empty array), left has_ev blank per Odense/Hillerød precedent. Slagelse Kommune investigated directly on slagelse.dk's own 'Find offentlig parkeringsplads' page (a full public list of ~24 city-centre parking areas with space/handicap/EV counts) and confirmed to be almost entirely FREE public parking (labelled 'Offentlig', time-limited but unpriced) rather than a paid zone system like most other Danish cities checked - genuinely NOT a paid competitor operator here. Only 2 of the kommune's own listed areas are flagged 'Privat, kræver betaling' (private, requires payment): 'Klingeberg' (55 spaces) and 'Frederiksgade 1/Christiansgade' (40 spaces) - these are the kommune's own building-level counts for the exact same physical sites as Q-Park's Klingeberg 3B (61 spaces) and Løvegade 4 og Frederiksgade 1 (50 spaces), i.e. useful independent cross-confirmation of those two Q-Park facilities' existence and private/paid nature, not a third operator or double-count. Also confirmed via this list and a Google search that Vestsjællandscentret (a large shopping centre, 600-900 free spaces per its own site) is genuinely free, not a priced competitor, so excluded. Checked and ruled out as operators: EuroPark Danmark and Dansk Parkering (same trade-association/rebranded-into-APCOA precedent as every other Danish city). Capped at 2 confirmed operators (did not need to reach the 4-5 cap). Pricing coverage: 8/9 Q-Park hourly (1 genuinely unpriced hospital facility), 2/9 Q-Park daily cap (both Stop 39 sites); 2/2 APCOA hourly, 0/2 APCOA daily cap. EV coverage: 1/9 Q-Park confirmed (Ingemannsvej 30/Slagelse Sygehus, 23 chargers), 0/2 APCOA (not exposed). Currency: all prices in DKK (kr.) as required. Coordinates: 8/9 Q-Park + both APCOA from source-embedded JSON (schema.org GeoCoordinates / carparklat/carparklon), 1/9 Q-Park (Ingemannsvej 30) via Nominatim."
Slangerup,1,done,"1 Q-Park facility (Kongensgade 1, 30 spaces); flat 7kr/hr; no competitors found (Frederikssund Kommune runs only free time-limited street parking)"
Søborg,4,done,"5 facilities across 2 operators (Q-Park 4/4, APCOA 1/1). Q-Park: exact full coverage - the city page at /da/parkering/s%c3%b8borg/ links to exactly 4 non-POI facility slugs (Gladsaxevej 386, Rosenkæret 22, Sydmarken 32, Tobaksvejen 4B m. flere), matching the stated qpark_facilities=4 exactly; all 4 detail pages embed the literal 'FacilityId' string directly (no brute-force GUID resolution needed) plus schema.org GeoCoordinates/streetAddress/maximumAttendeeCapacity; live per-facility tariffs pulled via GetTariffsForFacility?facilityId=<GUID>&countryCode=DK - all 4 returned a single flat Man-søn 00-24 hourly rate with no daily cap published (10kr/hr for Gladsaxevej 386, Rosenkæret 22 and Sydmarken 32; 15kr/hr for Tobaksvejen 4B, billed per-minute rather than per-started-hour); all 4 show chargingPoints:0 in the embedded tracking JSON (only generic sitewide 'elbil' nav-menu text otherwise), so has_ev left blank/false for all 4 per the Helsingør/Hillerød precedent of not inferring EV from boilerplate. Tobaksvejen 4B's own source_url slug URL-encodes the period in 'm.' as the literal token ',-d-,' (https://www.q-park.dk/da/parkering/s%c3%b8borg/tobaksvejen-4b-m,-d-,-flere/), which embeds two literal commas in the URL - same pattern as Helsingør's Ndr. Strandvej and Aalborg's Østre Havnegade slugs - so that source_url field is double-quoted in the CSV; its structured streetAddress field on the page is actually 'Rosendal 1-15 & 2-28' (a different underlying street name than the page's own Tobaksvejen-based slug/title), used as-is for the address column. APCOA: found via /find-en-p-plads/lokationer/soeborg/ (curl HTML matched a live browser-tab check of the same page exactly, both returning exactly 1 ui-carpark-result-item/ui-stage-map result with no 'Vis alle' button or pagination) - a single facility 'Søborg Hovedgade 66-70 - Erik Bøghs Alle 1-7' (100 spaces, data-price=0 on the listing and no tariff text anywhere on its own detail page, i.e. genuinely unpriced/unconfirmed rather than free - hourly_rate and daily_cap left blank); its JSON-LD streetAddress field was empty, so its address was reverse-geocoded via Nominatim from the facility's own embedded lat/lon (55.733891, 12.51666) to 'Erik Bøghs Alle 2, 2860 Søborg'; only generic sitewide 'elbil'/'ladestandere' boilerplate found on its detail page (a nav-menu link and meta description), not a per-facility EV flag, so has_ev left blank per the established convention. Checked and ruled out as an operator: Gladsaxe Kommune (Søborg's local authority) - its own gladsaxe.dk/borger/veje-og-trafik/parkering page confirms the kommune took over parking CONTROL/enforcement from the police in 2016 (510/1020kr fines for violations) and regulates p-skive (time-limited free-parking disc) zones and handicap permits, but runs no discrete priced garages and not even a citywide paid-zone tariff system (parking itself is free, time-limited by disc, only violations are fined) - an even weaker case than the zone-administrator pattern excluded in most other Danish cities (e.g. Odense Kommune, Helsingør Kommune), so correctly excluded as a facility operator entirely; a Google Maps sweep of 'parkering søborg' surfaced only the same Q-Park facilities (as sponsored/duplicate listings) plus a couple of unbranded generic 'parking lot'/'parkeringsplads' pins with no operator name, capacity or pricing data, confirming no missed third operator (e.g. no distinct IKEA/Bilka-run or shopping-center-branded facility found). Confirmed absent per established Danish-project precedent, not re-checked individually here: EuroPark Danmark (rebranded into APCOA in 2013) and Dansk Parkering (trade association, not an operator). Pricing coverage: 4/4 Q-Park hourly (0/4 daily cap - none published), 0/1 APCOA hourly (genuinely unconfirmed, not free). EV coverage: 0/5 confirmed (all either chargingPoints:0 or unconfirmed). Currency DKK (kr.) throughout. Coordinates: all 5 from source-embedded JSON (Q-Park schema.org GeoCoordinates literal FacilityId pages, APCOA ui-stage-map geoLocation) except APCOA's address, which needed a single Nominatim reverse-geocode call."
Stege,1,done,"1 Q-Park facility (Storegade 75, 15 spaces); daily-only tariff (30kr/24hr, no hourly rate published) so hourly_rate left blank; Oparko's 'Parkering i Stege' page confirmed to be generic marketing copy (no named facility), no real competitor found"
Svendborg,7,done,"16 facilities (Q-Park 7/7 full coverage; APCOA 9/9 full coverage); Q-Park's landing page (https://www.q-park.dk/da/parkering/svendborg/) links to exactly 7 distinct non-POI facility pages matching Q-Park's own stated 7 count exactly, each with a clean singular ""FacilityId"" GUID embedded in the page source (no brute-forcing needed, unlike Aalborg) confirmed live against GetTariffsForFacility; exact GeoCoordinates/address/capacity pulled from embedded schema.org JSON-LD, no null-geo facilities so no Nominatim geocoding was needed; APCOA's /find-en-p-plads/lokationer/svendborg page initially rendered only 6 of 9 items server-side (curl-fetched HTML) - confirmed via live browser ""Vis alle"" click that exactly 9 total exist, matching the curl-parsed ui-carpark-result-item count, so no items were missed; each APCOA facility's capacity read from its data-parking-spaces attribute and geo from carparklat/carparklon, cross-confirmed against schema.org JSON-LD on each facility's own page; a few tariff nuances simplified per the stepped-tariff convention used in prior cities - Ørbækvej 2-6 first-hour-free then 8kr/hr with an explicit 80kr daily cap: used post-free rate 8; Korsgade & Jernbanegade has a day/night split (12kr/hr 09-17 vs 6kr/hr 17-09): used the daytime rate 12; Sundhedshus Svendborg is only priced Man-fre 19-07 and weekends at 14kr/hr (implying free on weekday daytime, consistent with it being a patient health-house lot): used the only published rate 14; 4 APCOA open-air lots (Toldbodvej 17-19, Korsgade 16, Kedelsmedestræde 15, Møllergade 104) plus APCOA's own 677-space Svendborg Sygehus (hospital) facility all have data-price=""0"" and no rendered ""Parkeringstakster"" tariff section at all on their own pages (unlike every priced facility, which does have one) - treated as genuinely free (hourly_rate=0) rather than blank/unknown; OUH's own site independently confirms Svendborg Sygehus parking is free for up to 24h for patients with registration (payment only applies to visitors via a separate non-APCOA billing path, not exposed on the APCOA page); investigated and ruled out three other apparent operators surfaced by search results - Svendborg Kommune runs a citywide on-street betalingszone system only (Zone 1 20kr/hr: Rådhusgården/Centrumpladsen/Teatergade/Fruerstræde; Zone 2 12kr/hr: Frederiksø/Hulgade/Frederiksgade/Jessens Mole; Zone 3 12kr/hr with first 2h free: Voldgade Øst/Vest), confirmed via svendborg.dk - no discrete named/priced kommune-run garage exists, consistent with the zone-only pattern seen in most other Danish cities, so excluded as a distinct operator; UnoPark (unopark.dk) is confirmed to be a private parking-control/enforcement contractor for private lots (residential associations, businesses) with no public priced facilities of its own - excluded; ""ONEPARK A/S"" at Valdemarsgade/Gerritsgade 33 is an unrelated architecture/real-estate consultancy business that happens to share the name, not a parking operator - excluded; an APCOA-branded ""Jessens Mole"" facility appears in stale third-party directories (Cylex, Parkopedia, Apple Maps) but is absent from APCOA's own live site even after clicking ""Vis alle"", so treated as decommissioned/unverifiable and excluded; ""EuroPark P-plads"" also appears in a stale Cylex listing but EuroPark Danmark was already confirmed rebranded into APCOA in 2013, so disregarded. Combined capacity ~1641 spaces (Q-Park 495, APCOA 1146)."
Taastrup,4,done,"9 facilities (Q-Park 4/4 APCOA 5/5); Q-Park matches its own stated 4-facility count exactly - the city landing page (https://www.q-park.dk/da/parkering/taastrup/) links to exactly 4 distinct /parkering/taastrup/<slug>/ facility pages, each carrying a directly-embedded 'FacilityId' GUID (no brute-force needed) resolved against the live GetTariffsForFacility API; all 4 returned live hourly tariffs (Oldenburg Allé 1-7 14kr/hr, Spotorno Alle 2-12 30kr/hr, Spotorno Alle 14kr/hr, Telegade 1 - Carl Gustavs Gade 3 30kr/hr) but none published a fixed daily cap (only a same-as-hourly 'Minimumsbetaling' minimum-payment line, left out of daily_cap per convention); exact GeoCoordinates/address/capacity/chargingPoints pulled from embedded schema.org JSON-LD + same-page JS array (Oldenburg Allé 1-7 has 300 spaces, 0 chargers, openingHours Mon-Fri 00-07 & 17-24 plus all weekend only - i.e. genuinely closed to the public during weekday business hours, presumably reserved for adjacent office/business use during the day - the 14kr/hr rate applies only in its open window; the other 3 are open Mo-Su 24/7); Spotorno Alle 2-12 is the only facility with EV chargers (4 chargingPoints, has_ev=True). APCOA has full coverage - exactly 5 facilities returned by their Taastrup lokationer page's ui-carpark-result-item/ui-stage-map embedded JSON (raw curl HTML already contained all 5 data-title entries; cross-checked in a live browser tab per protocol since a 'Vis alle' show-more control exists in the markup - rendered page text confirmed the same 5, no additional hidden entries), each with embedded lat/lon/price/capacity in the results JSON and exact street address pulled from its own detail page's schema.org JSON-LD; 4/5 have a published daily cap (Taastrup Torv 330sp 14kr/hr/100kr cap, G/F Høje Taastrup Station Nord 300sp 10kr/hr/240kr cap, Bornholms Allé 2 194sp 16kr/hr/154kr cap, Bornholms Alle 14 50sp night-only 22:00-07:00 30kr/hr/720kr cap - the 5th, Lemviggade 31, 900sp 14kr/hr flat, publishes no daily cap); no reliable per-facility EV signal found for APCOA here - the only 'elbil/ladestandere' text found sitewide was an identical page meta description ('Find parkering, ladestandere og abonnementer i Danmark'), not a per-facility flag, so has_ev left blank for all 5, consistent with the Aalborg precedent. Checked and ruled out as an operator: Høje-Taastrup Kommune (its own 'Parkering for biler og cykler' page confirms all three of its Høje Taastrup Station-area lots - Banestrøget 2 ca. 400 spaces, Halland Boulevard west side ca. 220 spaces, south of Bornholms Alle ca. 145 spaces - are free, unrestricted commuter parking 'uden betaling og tidsrestriktioner', not priced facilities, same free/zone precedent as most other Danish cities checked; a municipal news item, 'Praktisk parkering i Høje Taastrup C', describes a 500+ space p-hus whose construction has just begun - not yet operational, so excluded). Also confirmed absent, per network-wide precedent: Dansk Parkering (trade association only) and EuroPark Danmark (rebranded into APCOA in 2013). Pricing coverage: 4/4 Q-Park hourly (0/4 daily cap), 5/5 APCOA hourly (4/5 daily cap). Currency throughout in DKK (kr.) as required."
Thisted,1,done,"3 facilities: 1 Q-Park (Nytorv 2, 12 spaces, 10kr/hr) + 2 APCOA (J.P. Jacobsen Center 220 spaces, P-Kælder v/Rema 1000 13 spaces - neither publishes pricing on their APCOA pages, left blank); Thisted Kommune's own street spaces are free/uncontrolled"
Tønder,1,done,"1 Q-Park facility (Kongevej 16, 40 spaces); first 4 hours free then 10kr/hr (used post-free rate per convention); no competitors found"
Valby,3,done,"18 facilities (Q-Park 3/3, APCOA 15) - Q-Park's own Valby landing page (https://www.q-park.dk/da/parkering/valby/) lists exactly 3 facilities under the /parkering/valby/ canonical slug (Carl Jacobsens Vej 29-31, Gammel Koge Landevej 63, Panumsvej 1-7), matching the stated qpark_facilities count exactly and confirmed distinct from koebenhavn.csv's 53 Q-Park rows (no slug overlap); geo/capacity pulled from each facility's embedded schema.org JSON-LD, and each page's true facilityId for the live GetTariffsForFacility API was resolved by brute-forcing every GUID found in the page source (1-13 candidates per page) - all 3 resolved cleanly; Carl Jacobsens Vej 29-31 is only publicly priced Mon-Fri 17:00-06:30 and all weekend (10kr/hr) with no published weekday-daytime tariff, implying reserved/tenant use during business hours - used the published off-hours rate; Panumsvej 1-7 has no maximumAttendeeCapacity in its JSON-LD and its own analytics payload shows totalSpots:0 and page_type 'parking facility detail page unbookable', so capacity was left blank rather than estimated (its resolved tariff is a flat 20kr/hr 24/7); APCOA Danmark maintains a genuinely separate /find-en-p-plads/lokationer/valby/ slug distinct from koebenhavn - confirmed via their embedded location-search JSON, which also contains one facility ('Gul, Valby') filed under the koebenhavn slug despite the name, correctly excluded here per slug-based scoping to avoid duplicating koebenhavn.csv; all 15 Valby-slugged APCOA facilities were fetched and geocoded from their own JSON-LD; Hibicus Hus has no APCOA FLOW tag, no published Priser og betaling section, and 00:00-00:00 opening hours every day, consistent with a permit/subscription-only residential garage - pricing left blank; Grontorvets parkeringskaelder is the only facility with confirmed EV charging (an add-on product offered specifically to its own subscribers/permit holders, per page text) - all other APCOA and Q-Park Valby facilities show no facility-specific charging mentions despite generic site-wide 'Opladning' nav/footer links, so has_ev left blank for them; Hoffdingsvej 32-36 (22kr weekday 08-21 vs 15kr other times) and Ottilia Jacobsens Plads 1 (32kr weekdays vs 16kr weekends) have day/time-split tariffs - used the weekday/primary rate per prior-city convention, both with the weekday rate listed first in the source; Sdr. Fasanvej 90-94 is first-hour-free then 20kr/hr (200kr daily cap, P-hus physically closed 22:00-06:00 though the tariff still applies) - used the post-free rate per the Aalborg-established convention; Kobenhavns Kommune's official kommunale-parkeringsanlaeg page lists zero Valby locations (all 6 KK facilities already in koebenhavn.csv are Norrebro/Amagerbro/Indre By/Vesterbro), confirming no separate Valby municipal facility exists; Dansk Parkering/EuroPark Danmark/UnoPark confirmed absent as in every other Danish city checked so far"
Vallensbæk,1,done,"2 facilities: 1 Q-Park (Dagmarhaven 34-42/Vejlesvinget 8, 80 spaces, 18kr/hr, 180kr daily cap) + 1 new-to-project operator 'Oparko' at Vallensbæk Stationstorv (mall p-kælder, landlord Nrep, ANPR camera system per Jan-2025 kommune news release; 1-2hrs free then app/QR/card payment, no published flat rate so pricing/capacity left blank) - distinct location ~600m from the Q-Park site, confirmed via Nominatim"
Vanløse,1,done,"2 facilities: 1 Q-Park (Kastanie Allé 18-20, 12 spaces, 15kr/hr) + 1 APCOA (Vanløse Allé 79, 21 spaces, 15kr/hr); scoped to /parkering/vanløse/ slug only, no overlap with koebenhavn.csv; confirmed no København Kommune p-hus in Vanløse"
Vejle,4,done,"32 facilities (Q-Park 4/4 APCOA 24 Vejle Kommune 4); Q-Park is exact full coverage - the city page's non-POI /parkering/vejle/<slug>/ links (Bryggen, Exxit 59, Fiskergade 2-8, Viborg Hovedvej 44) matched the stated qpark_facilities=4 exactly, excluding poi/ landmark sub-pages; each facility's exact GeoCoordinates/capacity/address/amenityFeature pulled from embedded schema.org ParkingFacility JSON-LD, and each page carried a literal ""FacilityId"" GUID directly (no brute-force needed) used to pull live tariffs via GetTariffsForFacility?countryCode=DK - all 4 returned live tariffs; Bryggen and Exxit 59 both have a free first 2 hours then a flat hourly rate (14kr and 16kr respectively, used the post-free rate per the established stepped-tariff convention), Exxit 59 additionally has a published 175kr daily cap; Fiskergade 2-8 (32kr/hr, 148kr cap) and Viborg Hovedvej 44 (10kr/hr, 50kr cap) are flat per-minute-billed tariffs with no free period. Only Bryggen has confirmed EV (3 Electric Charging Spots + Electric charging point amenity); the other 3 have no EV amenityFeature. APCOA's own /vejle location page needed the live ""Vis alle"" button (raw curl HTML already contained all 35 cards statically, cross-confirmed via a live browser click that revealed no additional hidden cards) - of the 35 raw ui-carpark-result-item entries, excluded 11: 7 genuinely free/unpriced lots with zero tariff text found on their own detail pages (Bakkegården, Blegbanken 3, Nørrgade 12, Havneparken, Havneøen 1, Gammelhavn terræn, and E-Charge Blegbanken 3 - confirmed by checking each detail page for any ""kr."" mention, none found, versus a paid control facility (Kirkegade 25) where the same regex correctly found ""kr. 16""), 2 EV-charging-only sub-listings that are the same physical facility as an already-counted main listing (Dæmningen 23 E-Charge merged into Dæmningen 23 as its EV flag/2 charging spots; Havneøen E-Charge merged into Havneøens P-hus as its EV flag/10 charging spots - both pairs confirmed via matching H1 title text and near-identical coordinates on their own detail pages), 1 near-exact duplicate (""Boulevarden 19 G, H ,K"" at coordinates ~6m from and identical price/tariff-text to ""Boulevarden 19"", kept only the latter), and 1 excluded as a non-representative internal pilot site (""EPMP Testplads"", address Hjulmagervej 2c, literally named ""test lot"" in both slug and title, in an outlying industrial area ~5km south of the other facilities). Remaining 24 APCOA facilities have full pricing coverage (24/24 hourly - Reinholdts Plads has a free first hour then 23kr/hr per its own detail-page tariff text, all others flat from the live listing cards) and 14/24 have a published daily cap (read directly from the live-rendered card text after ""Vis alle"", e.g. Grønnegade 17-24 22kr/hr to 526kr/day, Å-centret 44kr/hr to only 500kr/day - a genuine below-linear cap, not just hourly×24; Staldgaardsgade 6-8's card mislabels its 408kr cap as ""pr. påbegyndte time"" but the value is clearly the daily cap, kr.408=17kr×24h). Vejle Kommune was investigated per the brief's zone-vs-facility test and does NOT follow the usual Danish zone-only pattern - vejle.dk's own ""Hvad koster det at parkere?"" page (cross-confirmed near-verbatim by independent city guide byenvejle.dk) is explicit that the kommune directly operates three number-plate-scanning multi-storey p-huse (Albert, Tróndur, Cronhammar) plus one smaller surface lot (Abelones Plads), each individually named and priced with day/month/year cards, distinct from the separate ""øvrige betalingspladser""/on-street time-limited zone tables (Kirketorvet, Vedelsgade, Marias Plads, Volmers Plads, Ved Anlægget, Gunhilds Plads, Herslebsgade, Kalkbrænderivej) which WERE excluded as the standard zone-administrator pattern (auto-checkout after 3/8/24 hours, not discrete named facilities). All 4 kept kommune facilities share the same 2-hours-free-then-flat structure (9kr/hr, 38kr day/600kr month/4200kr year for the 3 p-huse; 6kr/hr, 26kr day for Abelones Plads, which byenvejle.dk explicitly calls ""det mindre anlæg""); coordinates and street addresses for Albert/Tróndur/Cronhammar geocoded via Nominatim by exact facility name (all 3 resolved directly, Cronhammar's address cross-confirmed against a Vejle Kommune Facebook post citing ""Sjællandsgade 10e"", Albert's against Wikidata's own ""Ved Anlæget 24, Vejle"" formatted address) and further cross-confirmed via each facility's official OSM way/relation tags (mapped in part by the ""Vejle Kommune"" OSM user account itself) which independently supplied capacity=1000 for Cronhammar (matching a Oct-2025 Vejle Amts Folkeblad article's ""110 millioner kroner, 1000 pladser"" headline) and capacity=273 for Tróndur (close to a 2019 press figure of 269, plausible minor change over time); Albert has no OSM capacity tag so used ~600, the figure independently and consistently cited across two separate 2024 local-press/community sources (vafo.dk, FiberFolk), rejecting a single outlying ""300 pladser"" mention in an unrelated conference-venue PDF as likely referring to a different subset; Abelones Plads has no discrete capacity figure published anywhere found (OSM has no distinct amenity=parking polygon for it either, only the street itself), left capacity blank rather than guessed. Cronhammar marked has_ev=True on the strength of an OSM-mapped EWII public charging station node essentially co-located with the p-hus (~25m from its own coordinates); no equivalent EV confirmation found for Tróndur, Albert, or Abelones Plads, left blank. Capped at 3 confirmed operators (Q-Park, APCOA, Vejle Kommune) - Dansk Parkering (trade association, not an operator) and EuroPark Danmark (rebranded into APCOA in 2013) both confirmed absent per standing precedent, no need to reach the 4-5 cap. All pricing in DKK (kr.) as required, not EUR."
Viborg,2,done,"10 facilities: 2 Q-Park (Reberbanen 11A 22 spaces - dynamic time-of-day tariff so hourly_rate left blank, 30kr daily cap kept; Sct. Mathias Gade 3 45 spaces, 10kr/hr partial-day tariff) + 8 APCOA (Gl. Århusvej 19, Jernbanegade 19, Tingvej 10, Vesterbrogade 7 all 12kr/hr-288kr cap; Viborg Baneby Gadeparkering+P-hus 13.5kr/hr-67.5kr cap; Viborg Baneby Terræn 18kr/hr-108kr cap; Vilhelm Ehlerts Alle 6 15kr/hr-360kr cap); Viborg Kommune's planned Domkirkekvarteret parkeringshus (144 spaces) and 2025 city-centre paid street zones are NOT yet/not a discrete facility, excluded per methodology"
Viby J,1,done,"2 facilities: 1 Q-Park (Skanderborgvej 200, 28 spaces, 14kr/hr) + 1 APCOA (Skanderborgvej 212, 25 spaces, 15kr/hr, 360kr daily cap); scoped to /parkering/viby-j/ slug only, no overlap with aarhus.csv or risskov.csv; no Aarhus Kommune facility here (AAK p-huse are city-centre only, consistent with risskov.csv pattern)"
